"site","month","detected_days","sampled_days","sector","mes","season","xcoord","ycoord","elevacion_msnm","population","prop_det","year","month_num","month_date","month_lab"
"PP",202305,1,29,"Norte",5,"Mar-Aug (Reproductive)",-82.961005,9.024058,1562,14.1151361465454,0.0344827586206897,"2023",5,2023-05-01,"may 2023"
"PP",202306,0,20,"Norte",6,"Mar-Aug (Reproductive)",-82.961005,9.024058,1562,14.1151361465454,0,"2023",6,2023-06-01,"jun 2023"
"PP",202307,1,31,"Norte",7,"Mar-Aug (Reproductive)",-82.961005,9.024058,1562,14.1151361465454,0.032258064516129,"2023",7,2023-07-01,"jul 2023"
"PP",202308,0,19,"Norte",8,"Mar-Aug (Reproductive)",-82.961005,9.024058,1562,14.1151361465454,0,"2023",8,2023-08-01,"ago 2023"
"PP",202309,0,30,"Norte",9,"Set-Feb (Non-Reproductive)",-82.961005,9.024058,1562,14.1151361465454,0,"2023",9,2023-09-01,"sept 2023"
"PP",202310,0,32,"Norte",10,"Set-Feb (Non-Reproductive)",-82.961005,9.024058,1562,14.1151361465454,0,"2023",10,2023-10-01,"oct 2023"
"PP",202311,0,30,"Norte",11,"Set-Feb (Non-Reproductive)",-82.961005,9.024058,1562,14.1151361465454,0,"2023",11,2023-11-01,"nov 2023"
"PP",202312,0,29,"Norte",12,"Set-Feb (Non-Reproductive)",-82.961005,9.024058,1562,14.1151361465454,0,"2023",12,2023-12-01,"dic 2023"
"PP",202401,0,31,"Norte",1,"Set-Feb (Non-Reproductive)",-82.961005,9.024058,1562,14.1151361465454,0,"2024",1,2024-01-01,"ene 2024"
"PP",202402,1,30,"Norte",2,"Set-Feb (Non-Reproductive)",-82.961005,9.024058,1562,14.1151361465454,0.0333333333333333,"2024",2,2024-02-01,"feb 2024"
"PP",202403,0,31,"Norte",3,"Mar-Aug (Reproductive)",-82.961005,9.024058,1562,14.1151361465454,0,"2024",3,2024-03-01,"mar 2024"
"PP",202404,0,31,"Norte",4,"Mar-Aug (Reproductive)",-82.961005,9.024058,1562,14.1151361465454,0,"2024",4,2024-04-01,"abr 2024"
"PP",202405,1,32,"Norte",5,"Mar-Aug (Reproductive)",-82.961005,9.024058,1562,14.1151361465454,0.03125,"2024",5,2024-05-01,"may 2024"
"PP",202406,1,30,"Norte",6,"Mar-Aug (Reproductive)",-82.961005,9.024058,1562,14.1151361465454,0.0333333333333333,"2024",6,2024-06-01,"jun 2024"
"PP",202407,0,23,"Norte",7,"Mar-Aug (Reproductive)",-82.961005,9.024058,1562,14.1151361465454,0,"2024",7,2024-07-01,"jul 2024"
"PA",202305,0,29,"Norte",5,"Mar-Aug (Reproductive)",-82.890607,8.935903,1233,14.2224178314209,0,"2023",5,2023-05-01,"may 2023"
"PA",202306,0,31,"Norte",6,"Mar-Aug (Reproductive)",-82.890607,8.935903,1233,14.2224178314209,0,"2023",6,2023-06-01,"jun 2023"
"PA",202307,0,31,"Norte",7,"Mar-Aug (Reproductive)",-82.890607,8.935903,1233,14.2224178314209,0,"2023",7,2023-07-01,"jul 2023"
"PA",202308,0,32,"Norte",8,"Mar-Aug (Reproductive)",-82.890607,8.935903,1233,14.2224178314209,0,"2023",8,2023-08-01,"ago 2023"
"PA",202309,0,30,"Norte",9,"Set-Feb (Non-Reproductive)",-82.890607,8.935903,1233,14.2224178314209,0,"2023",9,2023-09-01,"sept 2023"
"PA",202310,0,32,"Norte",10,"Set-Feb (Non-Reproductive)",-82.890607,8.935903,1233,14.2224178314209,0,"2023",10,2023-10-01,"oct 2023"
"PA",202311,0,30,"Norte",11,"Set-Feb (Non-Reproductive)",-82.890607,8.935903,1233,14.2224178314209,0,"2023",11,2023-11-01,"nov 2023"
"PA",202312,0,32,"Norte",12,"Set-Feb (Non-Reproductive)",-82.890607,8.935903,1233,14.2224178314209,0,"2023",12,2023-12-01,"dic 2023"
"PA",202401,0,31,"Norte",1,"Set-Feb (Non-Reproductive)",-82.890607,8.935903,1233,14.2224178314209,0,"2024",1,2024-01-01,"ene 2024"
"PA",202402,0,10,"Norte",2,"Set-Feb (Non-Reproductive)",-82.890607,8.935903,1233,14.2224178314209,0,"2024",2,2024-02-01,"feb 2024"
"PA",202404,0,4,"Norte",4,"Mar-Aug (Reproductive)",-82.890607,8.935903,1233,14.2224178314209,0,"2024",4,2024-04-01,"abr 2024"
"PA",202405,1,4,"Norte",5,"Mar-Aug (Reproductive)",-82.890607,8.935903,1233,14.2224178314209,0.25,"2024",5,2024-05-01,"may 2024"
"PA",202406,5,30,"Norte",6,"Mar-Aug (Reproductive)",-82.890607,8.935903,1233,14.2224178314209,0.166666666666667,"2024",6,2024-06-01,"jun 2024"
"PA",202407,23,23,"Norte",7,"Mar-Aug (Reproductive)",-82.890607,8.935903,1233,14.2224178314209,1,"2024",7,2024-07-01,"jul 2024"
"FG",202305,0,29,"Norte",5,"Mar-Aug (Reproductive)",-82.950144,8.908669,934,45.7632141113281,0,"2023",5,2023-05-01,"may 2023"
"FG",202306,0,31,"Norte",6,"Mar-Aug (Reproductive)",-82.950144,8.908669,934,45.7632141113281,0,"2023",6,2023-06-01,"jun 2023"
"FG",202307,0,31,"Norte",7,"Mar-Aug (Reproductive)",-82.950144,8.908669,934,45.7632141113281,0,"2023",7,2023-07-01,"jul 2023"
"FG",202308,0,32,"Norte",8,"Mar-Aug (Reproductive)",-82.950144,8.908669,934,45.7632141113281,0,"2023",8,2023-08-01,"ago 2023"
"FG",202309,0,30,"Norte",9,"Set-Feb (Non-Reproductive)",-82.950144,8.908669,934,45.7632141113281,0,"2023",9,2023-09-01,"sept 2023"
"FG",202310,0,32,"Norte",10,"Set-Feb (Non-Reproductive)",-82.950144,8.908669,934,45.7632141113281,0,"2023",10,2023-10-01,"oct 2023"
"FG",202311,0,25,"Norte",11,"Set-Feb (Non-Reproductive)",-82.950144,8.908669,934,45.7632141113281,0,"2023",11,2023-11-01,"nov 2023"
"FG",202312,0,27,"Norte",12,"Set-Feb (Non-Reproductive)",-82.950144,8.908669,934,45.7632141113281,0,"2023",12,2023-12-01,"dic 2023"
"FG",202401,0,31,"Norte",1,"Set-Feb (Non-Reproductive)",-82.950144,8.908669,934,45.7632141113281,0,"2024",1,2024-01-01,"ene 2024"
"FG",202402,0,30,"Norte",2,"Set-Feb (Non-Reproductive)",-82.950144,8.908669,934,45.7632141113281,0,"2024",2,2024-02-01,"feb 2024"
"FG",202403,0,31,"Norte",3,"Mar-Aug (Reproductive)",-82.950144,8.908669,934,45.7632141113281,0,"2024",3,2024-03-01,"mar 2024"
"FG",202404,0,31,"Norte",4,"Mar-Aug (Reproductive)",-82.950144,8.908669,934,45.7632141113281,0,"2024",4,2024-04-01,"abr 2024"
"FG",202405,0,32,"Norte",5,"Mar-Aug (Reproductive)",-82.950144,8.908669,934,45.7632141113281,0,"2024",5,2024-05-01,"may 2024"
"FG",202406,0,30,"Norte",6,"Mar-Aug (Reproductive)",-82.950144,8.908669,934,45.7632141113281,0,"2024",6,2024-06-01,"jun 2024"
"FG",202407,0,23,"Norte",7,"Mar-Aug (Reproductive)",-82.950144,8.908669,934,45.7632141113281,0,"2024",7,2024-07-01,"jul 2024"
"CA",202305,0,29,"Norte",5,"Mar-Aug (Reproductive)",-82.958869,8.815557,1140,150.710342407227,0,"2023",5,2023-05-01,"may 2023"
"CA",202306,0,31,"Norte",6,"Mar-Aug (Reproductive)",-82.958869,8.815557,1140,150.710342407227,0,"2023",6,2023-06-01,"jun 2023"
"CA",202307,0,31,"Norte",7,"Mar-Aug (Reproductive)",-82.958869,8.815557,1140,150.710342407227,0,"2023",7,2023-07-01,"jul 2023"
"CA",202308,0,32,"Norte",8,"Mar-Aug (Reproductive)",-82.958869,8.815557,1140,150.710342407227,0,"2023",8,2023-08-01,"ago 2023"
"CA",202309,0,30,"Norte",9,"Set-Feb (Non-Reproductive)",-82.958869,8.815557,1140,150.710342407227,0,"2023",9,2023-09-01,"sept 2023"
"CA",202310,0,32,"Norte",10,"Set-Feb (Non-Reproductive)",-82.958869,8.815557,1140,150.710342407227,0,"2023",10,2023-10-01,"oct 2023"
"CA",202311,0,30,"Norte",11,"Set-Feb (Non-Reproductive)",-82.958869,8.815557,1140,150.710342407227,0,"2023",11,2023-11-01,"nov 2023"
"CA",202312,0,32,"Norte",12,"Set-Feb (Non-Reproductive)",-82.958869,8.815557,1140,150.710342407227,0,"2023",12,2023-12-01,"dic 2023"
"CA",202401,0,31,"Norte",1,"Set-Feb (Non-Reproductive)",-82.958869,8.815557,1140,150.710342407227,0,"2024",1,2024-01-01,"ene 2024"
"CA",202402,0,29,"Norte",2,"Set-Feb (Non-Reproductive)",-82.958869,8.815557,1140,150.710342407227,0,"2024",2,2024-02-01,"feb 2024"
"CA",202403,1,31,"Norte",3,"Mar-Aug (Reproductive)",-82.958869,8.815557,1140,150.710342407227,0.032258064516129,"2024",3,2024-03-01,"mar 2024"
"CA",202404,0,31,"Norte",4,"Mar-Aug (Reproductive)",-82.958869,8.815557,1140,150.710342407227,0,"2024",4,2024-04-01,"abr 2024"
"CA",202405,0,32,"Norte",5,"Mar-Aug (Reproductive)",-82.958869,8.815557,1140,150.710342407227,0,"2024",5,2024-05-01,"may 2024"
"CA",202406,0,30,"Norte",6,"Mar-Aug (Reproductive)",-82.958869,8.815557,1140,150.710342407227,0,"2024",6,2024-06-01,"jun 2024"
"CA",202407,0,31,"Norte",7,"Mar-Aug (Reproductive)",-82.958869,8.815557,1140,150.710342407227,0,"2024",7,2024-07-01,"jul 2024"
"CA",202408,0,4,"Norte",8,"Mar-Aug (Reproductive)",-82.958869,8.815557,1140,150.710342407227,0,"2024",8,2024-08-01,"ago 2024"
"LL",202305,0,29,"Norte",5,"Mar-Aug (Reproductive)",-82.820132,8.891885,1163,23.3917179107666,0,"2023",5,2023-05-01,"may 2023"
"LL",202306,1,31,"Norte",6,"Mar-Aug (Reproductive)",-82.820132,8.891885,1163,23.3917179107666,0.032258064516129,"2023",6,2023-06-01,"jun 2023"
"LL",202307,0,3,"Norte",7,"Mar-Aug (Reproductive)",-82.820132,8.891885,1163,23.3917179107666,0,"2023",7,2023-07-01,"jul 2023"
"LL",202308,0,9,"Norte",8,"Mar-Aug (Reproductive)",-82.820132,8.891885,1163,23.3917179107666,0,"2023",8,2023-08-01,"ago 2023"
"LL",202309,0,28,"Norte",9,"Set-Feb (Non-Reproductive)",-82.820132,8.891885,1163,23.3917179107666,0,"2023",9,2023-09-01,"sept 2023"
"LL",202310,0,14,"Norte",10,"Set-Feb (Non-Reproductive)",-82.820132,8.891885,1163,23.3917179107666,0,"2023",10,2023-10-01,"oct 2023"
"LL",202311,0,30,"Norte",11,"Set-Feb (Non-Reproductive)",-82.820132,8.891885,1163,23.3917179107666,0,"2023",11,2023-11-01,"nov 2023"
"LL",202312,0,28,"Norte",12,"Set-Feb (Non-Reproductive)",-82.820132,8.891885,1163,23.3917179107666,0,"2023",12,2023-12-01,"dic 2023"
"LL",202401,0,31,"Norte",1,"Set-Feb (Non-Reproductive)",-82.820132,8.891885,1163,23.3917179107666,0,"2024",1,2024-01-01,"ene 2024"
"LL",202402,0,30,"Norte",2,"Set-Feb (Non-Reproductive)",-82.820132,8.891885,1163,23.3917179107666,0,"2024",2,2024-02-01,"feb 2024"
"LL",202403,0,31,"Norte",3,"Mar-Aug (Reproductive)",-82.820132,8.891885,1163,23.3917179107666,0,"2024",3,2024-03-01,"mar 2024"
"LL",202404,0,30,"Norte",4,"Mar-Aug (Reproductive)",-82.820132,8.891885,1163,23.3917179107666,0,"2024",4,2024-04-01,"abr 2024"
"LL",202405,5,32,"Norte",5,"Mar-Aug (Reproductive)",-82.820132,8.891885,1163,23.3917179107666,0.15625,"2024",5,2024-05-01,"may 2024"
"LL",202406,7,30,"Norte",6,"Mar-Aug (Reproductive)",-82.820132,8.891885,1163,23.3917179107666,0.233333333333333,"2024",6,2024-06-01,"jun 2024"
"LL",202407,1,24,"Norte",7,"Mar-Aug (Reproductive)",-82.820132,8.891885,1163,23.3917179107666,0.0416666666666667,"2024",7,2024-07-01,"jul 2024"
"BO",202305,0,29,"Norte",5,"Mar-Aug (Reproductive)",-83.043824,8.917849,442,10.6068830490112,0,"2023",5,2023-05-01,"may 2023"
"BO",202306,0,31,"Norte",6,"Mar-Aug (Reproductive)",-83.043824,8.917849,442,10.6068830490112,0,"2023",6,2023-06-01,"jun 2023"
"BO",202307,0,31,"Norte",7,"Mar-Aug (Reproductive)",-83.043824,8.917849,442,10.6068830490112,0,"2023",7,2023-07-01,"jul 2023"
"BO",202308,0,32,"Norte",8,"Mar-Aug (Reproductive)",-83.043824,8.917849,442,10.6068830490112,0,"2023",8,2023-08-01,"ago 2023"
"BO",202309,0,30,"Norte",9,"Set-Feb (Non-Reproductive)",-83.043824,8.917849,442,10.6068830490112,0,"2023",9,2023-09-01,"sept 2023"
"BO",202310,0,32,"Norte",10,"Set-Feb (Non-Reproductive)",-83.043824,8.917849,442,10.6068830490112,0,"2023",10,2023-10-01,"oct 2023"
"BO",202311,0,30,"Norte",11,"Set-Feb (Non-Reproductive)",-83.043824,8.917849,442,10.6068830490112,0,"2023",11,2023-11-01,"nov 2023"
"BO",202312,0,32,"Norte",12,"Set-Feb (Non-Reproductive)",-83.043824,8.917849,442,10.6068830490112,0,"2023",12,2023-12-01,"dic 2023"
"BO",202401,0,31,"Norte",1,"Set-Feb (Non-Reproductive)",-83.043824,8.917849,442,10.6068830490112,0,"2024",1,2024-01-01,"ene 2024"
"BO",202402,0,30,"Norte",2,"Set-Feb (Non-Reproductive)",-83.043824,8.917849,442,10.6068830490112,0,"2024",2,2024-02-01,"feb 2024"
"BO",202403,0,31,"Norte",3,"Mar-Aug (Reproductive)",-83.043824,8.917849,442,10.6068830490112,0,"2024",3,2024-03-01,"mar 2024"
"BO",202404,0,31,"Norte",4,"Mar-Aug (Reproductive)",-83.043824,8.917849,442,10.6068830490112,0,"2024",4,2024-04-01,"abr 2024"
"BO",202405,0,32,"Norte",5,"Mar-Aug (Reproductive)",-83.043824,8.917849,442,10.6068830490112,0,"2024",5,2024-05-01,"may 2024"
"BO",202406,0,30,"Norte",6,"Mar-Aug (Reproductive)",-83.043824,8.917849,442,10.6068830490112,0,"2024",6,2024-06-01,"jun 2024"
"BO",202407,0,24,"Norte",7,"Mar-Aug (Reproductive)",-83.043824,8.917849,442,10.6068830490112,0,"2024",7,2024-07-01,"jul 2024"
"BM",202305,0,29,"Norte",5,"Mar-Aug (Reproductive)",-83.043052,8.832465,733,66.3593902587891,0,"2023",5,2023-05-01,"may 2023"
"BM",202306,0,31,"Norte",6,"Mar-Aug (Reproductive)",-83.043052,8.832465,733,66.3593902587891,0,"2023",6,2023-06-01,"jun 2023"
"BM",202307,0,31,"Norte",7,"Mar-Aug (Reproductive)",-83.043052,8.832465,733,66.3593902587891,0,"2023",7,2023-07-01,"jul 2023"
"BM",202308,0,32,"Norte",8,"Mar-Aug (Reproductive)",-83.043052,8.832465,733,66.3593902587891,0,"2023",8,2023-08-01,"ago 2023"
"BM",202309,0,30,"Norte",9,"Set-Feb (Non-Reproductive)",-83.043052,8.832465,733,66.3593902587891,0,"2023",9,2023-09-01,"sept 2023"
"BM",202310,0,32,"Norte",10,"Set-Feb (Non-Reproductive)",-83.043052,8.832465,733,66.3593902587891,0,"2023",10,2023-10-01,"oct 2023"
"BM",202311,0,30,"Norte",11,"Set-Feb (Non-Reproductive)",-83.043052,8.832465,733,66.3593902587891,0,"2023",11,2023-11-01,"nov 2023"
"BM",202312,0,32,"Norte",12,"Set-Feb (Non-Reproductive)",-83.043052,8.832465,733,66.3593902587891,0,"2023",12,2023-12-01,"dic 2023"
"BM",202401,0,31,"Norte",1,"Set-Feb (Non-Reproductive)",-83.043052,8.832465,733,66.3593902587891,0,"2024",1,2024-01-01,"ene 2024"
"BM",202402,0,30,"Norte",2,"Set-Feb (Non-Reproductive)",-83.043052,8.832465,733,66.3593902587891,0,"2024",2,2024-02-01,"feb 2024"
"BM",202403,0,31,"Norte",3,"Mar-Aug (Reproductive)",-83.043052,8.832465,733,66.3593902587891,0,"2024",3,2024-03-01,"mar 2024"
"BM",202404,0,32,"Norte",4,"Mar-Aug (Reproductive)",-83.043052,8.832465,733,66.3593902587891,0,"2024",4,2024-04-01,"abr 2024"
"BM",202405,0,17,"Norte",5,"Mar-Aug (Reproductive)",-83.043052,8.832465,733,66.3593902587891,0,"2024",5,2024-05-01,"may 2024"
"BM",202406,0,30,"Norte",6,"Mar-Aug (Reproductive)",-83.043052,8.832465,733,66.3593902587891,0,"2024",6,2024-06-01,"jun 2024"
"BM",202407,0,24,"Norte",7,"Mar-Aug (Reproductive)",-83.043052,8.832465,733,66.3593902587891,0,"2024",7,2024-07-01,"jul 2024"
"LJ",202305,0,29,"Norte",5,"Mar-Aug (Reproductive)",-82.991688,8.786725,1420,11.6928653717041,0,"2023",5,2023-05-01,"may 2023"
"LJ",202306,0,7,"Norte",6,"Mar-Aug (Reproductive)",-82.991688,8.786725,1420,11.6928653717041,0,"2023",6,2023-06-01,"jun 2023"
"LJ",202307,0,31,"Norte",7,"Mar-Aug (Reproductive)",-82.991688,8.786725,1420,11.6928653717041,0,"2023",7,2023-07-01,"jul 2023"
"LJ",202308,0,26,"Norte",8,"Mar-Aug (Reproductive)",-82.991688,8.786725,1420,11.6928653717041,0,"2023",8,2023-08-01,"ago 2023"
"LJ",202309,0,30,"Norte",9,"Set-Feb (Non-Reproductive)",-82.991688,8.786725,1420,11.6928653717041,0,"2023",9,2023-09-01,"sept 2023"
"LJ",202310,0,24,"Norte",10,"Set-Feb (Non-Reproductive)",-82.991688,8.786725,1420,11.6928653717041,0,"2023",10,2023-10-01,"oct 2023"
"LJ",202311,0,30,"Norte",11,"Set-Feb (Non-Reproductive)",-82.991688,8.786725,1420,11.6928653717041,0,"2023",11,2023-11-01,"nov 2023"
"LJ",202312,0,32,"Norte",12,"Set-Feb (Non-Reproductive)",-82.991688,8.786725,1420,11.6928653717041,0,"2023",12,2023-12-01,"dic 2023"
"LJ",202401,0,32,"Norte",1,"Set-Feb (Non-Reproductive)",-82.991688,8.786725,1420,11.6928653717041,0,"2024",1,2024-01-01,"ene 2024"
"LJ",202402,0,29,"Norte",2,"Set-Feb (Non-Reproductive)",-82.991688,8.786725,1420,11.6928653717041,0,"2024",2,2024-02-01,"feb 2024"
"LJ",202403,0,32,"Norte",3,"Mar-Aug (Reproductive)",-82.991688,8.786725,1420,11.6928653717041,0,"2024",3,2024-03-01,"mar 2024"
"LJ",202404,0,30,"Norte",4,"Mar-Aug (Reproductive)",-82.991688,8.786725,1420,11.6928653717041,0,"2024",4,2024-04-01,"abr 2024"
"LJ",202405,0,32,"Norte",5,"Mar-Aug (Reproductive)",-82.991688,8.786725,1420,11.6928653717041,0,"2024",5,2024-05-01,"may 2024"
"LJ",202406,0,30,"Norte",6,"Mar-Aug (Reproductive)",-82.991688,8.786725,1420,11.6928653717041,0,"2024",6,2024-06-01,"jun 2024"
"LJ",202407,0,12,"Norte",7,"Mar-Aug (Reproductive)",-82.991688,8.786725,1420,11.6928653717041,0,"2024",7,2024-07-01,"jul 2024"
"AL",202306,0,2,"Norte",6,"Mar-Aug (Reproductive)",-83.010602,9.030033,1411,8.25183486938477,0,"2023",6,2023-06-01,"jun 2023"
"AL",202307,0,31,"Norte",7,"Mar-Aug (Reproductive)",-83.010602,9.030033,1411,8.25183486938477,0,"2023",7,2023-07-01,"jul 2023"
"AL",202308,0,26,"Norte",8,"Mar-Aug (Reproductive)",-83.010602,9.030033,1411,8.25183486938477,0,"2023",8,2023-08-01,"ago 2023"
"AL",202310,0,1,"Norte",10,"Set-Feb (Non-Reproductive)",-83.010602,9.030033,1411,8.25183486938477,0,"2023",10,2023-10-01,"oct 2023"
"AL",202312,0,1,"Norte",12,"Set-Feb (Non-Reproductive)",-83.010602,9.030033,1411,8.25183486938477,0,"2023",12,2023-12-01,"dic 2023"
"AL",202402,0,1,"Norte",2,"Set-Feb (Non-Reproductive)",-83.010602,9.030033,1411,8.25183486938477,0,"2024",2,2024-02-01,"feb 2024"
"AL",202404,0,29,"Norte",4,"Mar-Aug (Reproductive)",-83.010602,9.030033,1411,8.25183486938477,0,"2024",4,2024-04-01,"abr 2024"
"AL",202405,0,30,"Norte",5,"Mar-Aug (Reproductive)",-83.010602,9.030033,1411,8.25183486938477,0,"2024",5,2024-05-01,"may 2024"
"AL",202406,0,30,"Norte",6,"Mar-Aug (Reproductive)",-83.010602,9.030033,1411,8.25183486938477,0,"2024",6,2024-06-01,"jun 2024"
"AL",202407,0,21,"Norte",7,"Mar-Aug (Reproductive)",-83.010602,9.030033,1411,8.25183486938477,0,"2024",7,2024-07-01,"jul 2024"
"KK",202305,0,29,"Norte",5,"Mar-Aug (Reproductive)",-82.988805,8.952625,817,26.6923885345459,0,"2023",5,2023-05-01,"may 2023"
"KK",202306,0,4,"Norte",6,"Mar-Aug (Reproductive)",-82.988805,8.952625,817,26.6923885345459,0,"2023",6,2023-06-01,"jun 2023"
"KK",202307,0,30,"Norte",7,"Mar-Aug (Reproductive)",-82.988805,8.952625,817,26.6923885345459,0,"2023",7,2023-07-01,"jul 2023"
"KK",202308,0,10,"Norte",8,"Mar-Aug (Reproductive)",-82.988805,8.952625,817,26.6923885345459,0,"2023",8,2023-08-01,"ago 2023"
"KK",202309,0,30,"Norte",9,"Set-Feb (Non-Reproductive)",-82.988805,8.952625,817,26.6923885345459,0,"2023",9,2023-09-01,"sept 2023"
"KK",202310,0,30,"Norte",10,"Set-Feb (Non-Reproductive)",-82.988805,8.952625,817,26.6923885345459,0,"2023",10,2023-10-01,"oct 2023"
"KK",202311,0,30,"Norte",11,"Set-Feb (Non-Reproductive)",-82.988805,8.952625,817,26.6923885345459,0,"2023",11,2023-11-01,"nov 2023"
"KK",202312,0,31,"Norte",12,"Set-Feb (Non-Reproductive)",-82.988805,8.952625,817,26.6923885345459,0,"2023",12,2023-12-01,"dic 2023"
"KK",202401,0,31,"Norte",1,"Set-Feb (Non-Reproductive)",-82.988805,8.952625,817,26.6923885345459,0,"2024",1,2024-01-01,"ene 2024"
"KK",202402,0,29,"Norte",2,"Set-Feb (Non-Reproductive)",-82.988805,8.952625,817,26.6923885345459,0,"2024",2,2024-02-01,"feb 2024"
"KK",202403,0,3,"Norte",3,"Mar-Aug (Reproductive)",-82.988805,8.952625,817,26.6923885345459,0,"2024",3,2024-03-01,"mar 2024"
"KK",202404,0,28,"Norte",4,"Mar-Aug (Reproductive)",-82.988805,8.952625,817,26.6923885345459,0,"2024",4,2024-04-01,"abr 2024"
"KK",202405,0,30,"Norte",5,"Mar-Aug (Reproductive)",-82.988805,8.952625,817,26.6923885345459,0,"2024",5,2024-05-01,"may 2024"
"KK",202406,0,30,"Norte",6,"Mar-Aug (Reproductive)",-82.988805,8.952625,817,26.6923885345459,0,"2024",6,2024-06-01,"jun 2024"
"KK",202407,0,31,"Norte",7,"Mar-Aug (Reproductive)",-82.988805,8.952625,817,26.6923885345459,0,"2024",7,2024-07-01,"jul 2024"
"KK",202408,0,1,"Norte",8,"Mar-Aug (Reproductive)",-82.988805,8.952625,817,26.6923885345459,0,"2024",8,2024-08-01,"ago 2024"
"RA",202305,0,29,"Norte",5,"Mar-Aug (Reproductive)",-82.88685,8.930437,1181,36.8698043823242,0,"2023",5,2023-05-01,"may 2023"
"RA",202306,0,9,"Norte",6,"Mar-Aug (Reproductive)",-82.88685,8.930437,1181,36.8698043823242,0,"2023",6,2023-06-01,"jun 2023"
"RA",202307,3,31,"Norte",7,"Mar-Aug (Reproductive)",-82.88685,8.930437,1181,36.8698043823242,0.0967741935483871,"2023",7,2023-07-01,"jul 2023"
"RA",202308,0,9,"Norte",8,"Mar-Aug (Reproductive)",-82.88685,8.930437,1181,36.8698043823242,0,"2023",8,2023-08-01,"ago 2023"
"RA",202309,0,30,"Norte",9,"Set-Feb (Non-Reproductive)",-82.88685,8.930437,1181,36.8698043823242,0,"2023",9,2023-09-01,"sept 2023"
"RA",202310,0,30,"Norte",10,"Set-Feb (Non-Reproductive)",-82.88685,8.930437,1181,36.8698043823242,0,"2023",10,2023-10-01,"oct 2023"
"RA",202311,0,30,"Norte",11,"Set-Feb (Non-Reproductive)",-82.88685,8.930437,1181,36.8698043823242,0,"2023",11,2023-11-01,"nov 2023"
"RA",202312,0,31,"Norte",12,"Set-Feb (Non-Reproductive)",-82.88685,8.930437,1181,36.8698043823242,0,"2023",12,2023-12-01,"dic 2023"
"RA",202401,1,31,"Norte",1,"Set-Feb (Non-Reproductive)",-82.88685,8.930437,1181,36.8698043823242,0.032258064516129,"2024",1,2024-01-01,"ene 2024"
"RA",202402,0,29,"Norte",2,"Set-Feb (Non-Reproductive)",-82.88685,8.930437,1181,36.8698043823242,0,"2024",2,2024-02-01,"feb 2024"
"RA",202403,0,31,"Norte",3,"Mar-Aug (Reproductive)",-82.88685,8.930437,1181,36.8698043823242,0,"2024",3,2024-03-01,"mar 2024"
"RA",202404,0,1,"Norte",4,"Mar-Aug (Reproductive)",-82.88685,8.930437,1181,36.8698043823242,0,"2024",4,2024-04-01,"abr 2024"
"RA",202405,1,10,"Norte",5,"Mar-Aug (Reproductive)",-82.88685,8.930437,1181,36.8698043823242,0.1,"2024",5,2024-05-01,"may 2024"
"RA",202406,2,30,"Norte",6,"Mar-Aug (Reproductive)",-82.88685,8.930437,1181,36.8698043823242,0.0666666666666667,"2024",6,2024-06-01,"jun 2024"
"RA",202407,5,22,"Norte",7,"Mar-Aug (Reproductive)",-82.88685,8.930437,1181,36.8698043823242,0.227272727272727,"2024",7,2024-07-01,"jul 2024"
"ME",202305,0,29,"Norte",5,"Mar-Aug (Reproductive)",-82.977216,8.90988,833,26.2261257171631,0,"2023",5,2023-05-01,"may 2023"
"ME",202306,0,4,"Norte",6,"Mar-Aug (Reproductive)",-82.977216,8.90988,833,26.2261257171631,0,"2023",6,2023-06-01,"jun 2023"
"ME",202307,0,31,"Norte",7,"Mar-Aug (Reproductive)",-82.977216,8.90988,833,26.2261257171631,0,"2023",7,2023-07-01,"jul 2023"
"ME",202308,0,10,"Norte",8,"Mar-Aug (Reproductive)",-82.977216,8.90988,833,26.2261257171631,0,"2023",8,2023-08-01,"ago 2023"
"ME",202309,0,30,"Norte",9,"Set-Feb (Non-Reproductive)",-82.977216,8.90988,833,26.2261257171631,0,"2023",9,2023-09-01,"sept 2023"
"ME",202310,0,30,"Norte",10,"Set-Feb (Non-Reproductive)",-82.977216,8.90988,833,26.2261257171631,0,"2023",10,2023-10-01,"oct 2023"
"ME",202311,0,30,"Norte",11,"Set-Feb (Non-Reproductive)",-82.977216,8.90988,833,26.2261257171631,0,"2023",11,2023-11-01,"nov 2023"
"ME",202312,0,31,"Norte",12,"Set-Feb (Non-Reproductive)",-82.977216,8.90988,833,26.2261257171631,0,"2023",12,2023-12-01,"dic 2023"
"ME",202401,0,31,"Norte",1,"Set-Feb (Non-Reproductive)",-82.977216,8.90988,833,26.2261257171631,0,"2024",1,2024-01-01,"ene 2024"
"ME",202402,0,29,"Norte",2,"Set-Feb (Non-Reproductive)",-82.977216,8.90988,833,26.2261257171631,0,"2024",2,2024-02-01,"feb 2024"
"ME",202403,0,31,"Norte",3,"Mar-Aug (Reproductive)",-82.977216,8.90988,833,26.2261257171631,0,"2024",3,2024-03-01,"mar 2024"
"ME",202404,0,29,"Norte",4,"Mar-Aug (Reproductive)",-82.977216,8.90988,833,26.2261257171631,0,"2024",4,2024-04-01,"abr 2024"
"ME",202405,0,30,"Norte",5,"Mar-Aug (Reproductive)",-82.977216,8.90988,833,26.2261257171631,0,"2024",5,2024-05-01,"may 2024"
"ME",202406,0,30,"Norte",6,"Mar-Aug (Reproductive)",-82.977216,8.90988,833,26.2261257171631,0,"2024",6,2024-06-01,"jun 2024"
"ME",202407,0,22,"Norte",7,"Mar-Aug (Reproductive)",-82.977216,8.90988,833,26.2261257171631,0,"2024",7,2024-07-01,"jul 2024"
"LP",202305,0,29,"Norte",5,"Mar-Aug (Reproductive)",-82.957234,8.865002,846,68.3492813110352,0,"2023",5,2023-05-01,"may 2023"
"LP",202306,0,6,"Norte",6,"Mar-Aug (Reproductive)",-82.957234,8.865002,846,68.3492813110352,0,"2023",6,2023-06-01,"jun 2023"
"LP",202307,0,31,"Norte",7,"Mar-Aug (Reproductive)",-82.957234,8.865002,846,68.3492813110352,0,"2023",7,2023-07-01,"jul 2023"
"LP",202308,0,9,"Norte",8,"Mar-Aug (Reproductive)",-82.957234,8.865002,846,68.3492813110352,0,"2023",8,2023-08-01,"ago 2023"
"LP",202309,0,30,"Norte",9,"Set-Feb (Non-Reproductive)",-82.957234,8.865002,846,68.3492813110352,0,"2023",9,2023-09-01,"sept 2023"
"LP",202310,0,30,"Norte",10,"Set-Feb (Non-Reproductive)",-82.957234,8.865002,846,68.3492813110352,0,"2023",10,2023-10-01,"oct 2023"
"LP",202311,0,30,"Norte",11,"Set-Feb (Non-Reproductive)",-82.957234,8.865002,846,68.3492813110352,0,"2023",11,2023-11-01,"nov 2023"
"LP",202312,0,30,"Norte",12,"Set-Feb (Non-Reproductive)",-82.957234,8.865002,846,68.3492813110352,0,"2023",12,2023-12-01,"dic 2023"
"LP",202401,0,31,"Norte",1,"Set-Feb (Non-Reproductive)",-82.957234,8.865002,846,68.3492813110352,0,"2024",1,2024-01-01,"ene 2024"
"LP",202402,0,15,"Norte",2,"Set-Feb (Non-Reproductive)",-82.957234,8.865002,846,68.3492813110352,0,"2024",2,2024-02-01,"feb 2024"
"LP",202403,0,1,"Norte",3,"Mar-Aug (Reproductive)",-82.957234,8.865002,846,68.3492813110352,0,"2024",3,2024-03-01,"mar 2024"
"CE",202305,0,29,"Norte",5,"Mar-Aug (Reproductive)",-82.984711,8.86063,761,58.3020896911621,0,"2023",5,2023-05-01,"may 2023"
"CE",202306,0,6,"Norte",6,"Mar-Aug (Reproductive)",-82.984711,8.86063,761,58.3020896911621,0,"2023",6,2023-06-01,"jun 2023"
"CE",202307,0,31,"Norte",7,"Mar-Aug (Reproductive)",-82.984711,8.86063,761,58.3020896911621,0,"2023",7,2023-07-01,"jul 2023"
"CE",202308,0,10,"Norte",8,"Mar-Aug (Reproductive)",-82.984711,8.86063,761,58.3020896911621,0,"2023",8,2023-08-01,"ago 2023"
"CE",202309,0,30,"Norte",9,"Set-Feb (Non-Reproductive)",-82.984711,8.86063,761,58.3020896911621,0,"2023",9,2023-09-01,"sept 2023"
"CE",202310,0,30,"Norte",10,"Set-Feb (Non-Reproductive)",-82.984711,8.86063,761,58.3020896911621,0,"2023",10,2023-10-01,"oct 2023"
"CE",202311,0,30,"Norte",11,"Set-Feb (Non-Reproductive)",-82.984711,8.86063,761,58.3020896911621,0,"2023",11,2023-11-01,"nov 2023"
"CE",202312,0,30,"Norte",12,"Set-Feb (Non-Reproductive)",-82.984711,8.86063,761,58.3020896911621,0,"2023",12,2023-12-01,"dic 2023"
"CE",202401,0,31,"Norte",1,"Set-Feb (Non-Reproductive)",-82.984711,8.86063,761,58.3020896911621,0,"2024",1,2024-01-01,"ene 2024"
"CE",202402,0,23,"Norte",2,"Set-Feb (Non-Reproductive)",-82.984711,8.86063,761,58.3020896911621,0,"2024",2,2024-02-01,"feb 2024"
"CE",202403,0,1,"Norte",3,"Mar-Aug (Reproductive)",-82.984711,8.86063,761,58.3020896911621,0,"2024",3,2024-03-01,"mar 2024"
"CE",202404,0,30,"Norte",4,"Mar-Aug (Reproductive)",-82.984711,8.86063,761,58.3020896911621,0,"2024",4,2024-04-01,"abr 2024"
"CE",202405,0,30,"Norte",5,"Mar-Aug (Reproductive)",-82.984711,8.86063,761,58.3020896911621,0,"2024",5,2024-05-01,"may 2024"
"CE",202406,0,30,"Norte",6,"Mar-Aug (Reproductive)",-82.984711,8.86063,761,58.3020896911621,0,"2024",6,2024-06-01,"jun 2024"
"CE",202407,0,29,"Norte",7,"Mar-Aug (Reproductive)",-82.984711,8.86063,761,58.3020896911621,0,"2024",7,2024-07-01,"jul 2024"
"SU",202305,0,29,"Norte",5,"Mar-Aug (Reproductive)",-83.076616,8.888255,821,29.301872253418,0,"2023",5,2023-05-01,"may 2023"
"SU",202306,0,7,"Norte",6,"Mar-Aug (Reproductive)",-83.076616,8.888255,821,29.301872253418,0,"2023",6,2023-06-01,"jun 2023"
"SU",202307,0,31,"Norte",7,"Mar-Aug (Reproductive)",-83.076616,8.888255,821,29.301872253418,0,"2023",7,2023-07-01,"jul 2023"
"SU",202308,0,8,"Norte",8,"Mar-Aug (Reproductive)",-83.076616,8.888255,821,29.301872253418,0,"2023",8,2023-08-01,"ago 2023"
"SU",202309,0,30,"Norte",9,"Set-Feb (Non-Reproductive)",-83.076616,8.888255,821,29.301872253418,0,"2023",9,2023-09-01,"sept 2023"
"SU",202310,0,31,"Norte",10,"Set-Feb (Non-Reproductive)",-83.076616,8.888255,821,29.301872253418,0,"2023",10,2023-10-01,"oct 2023"
"SU",202311,0,30,"Norte",11,"Set-Feb (Non-Reproductive)",-83.076616,8.888255,821,29.301872253418,0,"2023",11,2023-11-01,"nov 2023"
"SU",202312,0,30,"Norte",12,"Set-Feb (Non-Reproductive)",-83.076616,8.888255,821,29.301872253418,0,"2023",12,2023-12-01,"dic 2023"
"SU",202401,0,16,"Norte",1,"Set-Feb (Non-Reproductive)",-83.076616,8.888255,821,29.301872253418,0,"2024",1,2024-01-01,"ene 2024"
"SU",202402,0,22,"Norte",2,"Set-Feb (Non-Reproductive)",-83.076616,8.888255,821,29.301872253418,0,"2024",2,2024-02-01,"feb 2024"
"SU",202403,0,15,"Norte",3,"Mar-Aug (Reproductive)",-83.076616,8.888255,821,29.301872253418,0,"2024",3,2024-03-01,"mar 2024"
"SU",202404,0,27,"Norte",4,"Mar-Aug (Reproductive)",-83.076616,8.888255,821,29.301872253418,0,"2024",4,2024-04-01,"abr 2024"
"SU",202405,0,22,"Norte",5,"Mar-Aug (Reproductive)",-83.076616,8.888255,821,29.301872253418,0,"2024",5,2024-05-01,"may 2024"
"SU",202406,0,30,"Norte",6,"Mar-Aug (Reproductive)",-83.076616,8.888255,821,29.301872253418,0,"2024",6,2024-06-01,"jun 2024"
"SU",202407,0,9,"Norte",7,"Mar-Aug (Reproductive)",-83.076616,8.888255,821,29.301872253418,0,"2024",7,2024-07-01,"jul 2024"
"LT",202305,0,29,"Norte",5,"Mar-Aug (Reproductive)",-83.037775,8.84534,832,82.6860809326172,0,"2023",5,2023-05-01,"may 2023"
"LT",202306,0,8,"Norte",6,"Mar-Aug (Reproductive)",-83.037775,8.84534,832,82.6860809326172,0,"2023",6,2023-06-01,"jun 2023"
"LT",202307,0,31,"Norte",7,"Mar-Aug (Reproductive)",-83.037775,8.84534,832,82.6860809326172,0,"2023",7,2023-07-01,"jul 2023"
"LT",202308,0,7,"Norte",8,"Mar-Aug (Reproductive)",-83.037775,8.84534,832,82.6860809326172,0,"2023",8,2023-08-01,"ago 2023"
"LT",202309,0,30,"Norte",9,"Set-Feb (Non-Reproductive)",-83.037775,8.84534,832,82.6860809326172,0,"2023",9,2023-09-01,"sept 2023"
"LT",202310,0,31,"Norte",10,"Set-Feb (Non-Reproductive)",-83.037775,8.84534,832,82.6860809326172,0,"2023",10,2023-10-01,"oct 2023"
"LT",202311,0,30,"Norte",11,"Set-Feb (Non-Reproductive)",-83.037775,8.84534,832,82.6860809326172,0,"2023",11,2023-11-01,"nov 2023"
"LT",202312,0,31,"Norte",12,"Set-Feb (Non-Reproductive)",-83.037775,8.84534,832,82.6860809326172,0,"2023",12,2023-12-01,"dic 2023"
"LT",202401,0,31,"Norte",1,"Set-Feb (Non-Reproductive)",-83.037775,8.84534,832,82.6860809326172,0,"2024",1,2024-01-01,"ene 2024"
"LT",202402,0,29,"Norte",2,"Set-Feb (Non-Reproductive)",-83.037775,8.84534,832,82.6860809326172,0,"2024",2,2024-02-01,"feb 2024"
"LT",202403,0,31,"Norte",3,"Mar-Aug (Reproductive)",-83.037775,8.84534,832,82.6860809326172,0,"2024",3,2024-03-01,"mar 2024"
"LT",202404,0,31,"Norte",4,"Mar-Aug (Reproductive)",-83.037775,8.84534,832,82.6860809326172,0,"2024",4,2024-04-01,"abr 2024"
"LT",202405,0,30,"Norte",5,"Mar-Aug (Reproductive)",-83.037775,8.84534,832,82.6860809326172,0,"2024",5,2024-05-01,"may 2024"
"LT",202406,0,30,"Norte",6,"Mar-Aug (Reproductive)",-83.037775,8.84534,832,82.6860809326172,0,"2024",6,2024-06-01,"jun 2024"
"LT",202407,0,23,"Norte",7,"Mar-Aug (Reproductive)",-83.037775,8.84534,832,82.6860809326172,0,"2024",7,2024-07-01,"jul 2024"
"CB",202305,0,29,"Norte",5,"Mar-Aug (Reproductive)",-82.952934,8.788531,1220,56.4018630981445,0,"2023",5,2023-05-01,"may 2023"
"CB",202306,0,6,"Norte",6,"Mar-Aug (Reproductive)",-82.952934,8.788531,1220,56.4018630981445,0,"2023",6,2023-06-01,"jun 2023"
"CB",202307,0,31,"Norte",7,"Mar-Aug (Reproductive)",-82.952934,8.788531,1220,56.4018630981445,0,"2023",7,2023-07-01,"jul 2023"
"CB",202308,0,8,"Norte",8,"Mar-Aug (Reproductive)",-82.952934,8.788531,1220,56.4018630981445,0,"2023",8,2023-08-01,"ago 2023"
"CB",202309,0,30,"Norte",9,"Set-Feb (Non-Reproductive)",-82.952934,8.788531,1220,56.4018630981445,0,"2023",9,2023-09-01,"sept 2023"
"CB",202310,0,31,"Norte",10,"Set-Feb (Non-Reproductive)",-82.952934,8.788531,1220,56.4018630981445,0,"2023",10,2023-10-01,"oct 2023"
"CB",202311,0,30,"Norte",11,"Set-Feb (Non-Reproductive)",-82.952934,8.788531,1220,56.4018630981445,0,"2023",11,2023-11-01,"nov 2023"
"CB",202312,0,30,"Norte",12,"Set-Feb (Non-Reproductive)",-82.952934,8.788531,1220,56.4018630981445,0,"2023",12,2023-12-01,"dic 2023"
"CB",202401,0,30,"Norte",1,"Set-Feb (Non-Reproductive)",-82.952934,8.788531,1220,56.4018630981445,0,"2024",1,2024-01-01,"ene 2024"
"CB",202402,0,19,"Norte",2,"Set-Feb (Non-Reproductive)",-82.952934,8.788531,1220,56.4018630981445,0,"2024",2,2024-02-01,"feb 2024"
"CB",202403,0,1,"Norte",3,"Mar-Aug (Reproductive)",-82.952934,8.788531,1220,56.4018630981445,0,"2024",3,2024-03-01,"mar 2024"
"CB",202404,0,4,"Norte",4,"Mar-Aug (Reproductive)",-82.952934,8.788531,1220,56.4018630981445,0,"2024",4,2024-04-01,"abr 2024"
"CB",202405,0,6,"Norte",5,"Mar-Aug (Reproductive)",-82.952934,8.788531,1220,56.4018630981445,0,"2024",5,2024-05-01,"may 2024"
"CB",202406,0,1,"Norte",6,"Mar-Aug (Reproductive)",-82.952934,8.788531,1220,56.4018630981445,0,"2024",6,2024-06-01,"jun 2024"
"LC",202306,0,5,"Norte",6,"Mar-Aug (Reproductive)",-82.963942,8.784533,1146,46.4774017333984,0,"2023",6,2023-06-01,"jun 2023"
"LC",202307,0,29,"Norte",7,"Mar-Aug (Reproductive)",-82.963942,8.784533,1146,46.4774017333984,0,"2023",7,2023-07-01,"jul 2023"
"LC",202308,0,6,"Norte",8,"Mar-Aug (Reproductive)",-82.963942,8.784533,1146,46.4774017333984,0,"2023",8,2023-08-01,"ago 2023"
"LC",202309,0,30,"Norte",9,"Set-Feb (Non-Reproductive)",-82.963942,8.784533,1146,46.4774017333984,0,"2023",9,2023-09-01,"sept 2023"
"LC",202310,0,31,"Norte",10,"Set-Feb (Non-Reproductive)",-82.963942,8.784533,1146,46.4774017333984,0,"2023",10,2023-10-01,"oct 2023"
"LC",202311,0,30,"Norte",11,"Set-Feb (Non-Reproductive)",-82.963942,8.784533,1146,46.4774017333984,0,"2023",11,2023-11-01,"nov 2023"
"LC",202312,0,30,"Norte",12,"Set-Feb (Non-Reproductive)",-82.963942,8.784533,1146,46.4774017333984,0,"2023",12,2023-12-01,"dic 2023"
"LC",202401,0,30,"Norte",1,"Set-Feb (Non-Reproductive)",-82.963942,8.784533,1146,46.4774017333984,0,"2024",1,2024-01-01,"ene 2024"
"LC",202402,0,29,"Norte",2,"Set-Feb (Non-Reproductive)",-82.963942,8.784533,1146,46.4774017333984,0,"2024",2,2024-02-01,"feb 2024"
"LC",202403,0,31,"Norte",3,"Mar-Aug (Reproductive)",-82.963942,8.784533,1146,46.4774017333984,0,"2024",3,2024-03-01,"mar 2024"
"LC",202404,0,30,"Norte",4,"Mar-Aug (Reproductive)",-82.963942,8.784533,1146,46.4774017333984,0,"2024",4,2024-04-01,"abr 2024"
"LC",202405,0,30,"Norte",5,"Mar-Aug (Reproductive)",-82.963942,8.784533,1146,46.4774017333984,0,"2024",5,2024-05-01,"may 2024"
"LC",202406,0,30,"Norte",6,"Mar-Aug (Reproductive)",-82.963942,8.784533,1146,46.4774017333984,0,"2024",6,2024-06-01,"jun 2024"
"LC",202407,0,29,"Norte",7,"Mar-Aug (Reproductive)",-82.963942,8.784533,1146,46.4774017333984,0,"2024",7,2024-07-01,"jul 2024"
"MC",202306,0,5,"Norte",6,"Mar-Aug (Reproductive)",-82.96484,8.803152,1131,178.092376708984,0,"2023",6,2023-06-01,"jun 2023"
"MC",202307,0,29,"Norte",7,"Mar-Aug (Reproductive)",-82.96484,8.803152,1131,178.092376708984,0,"2023",7,2023-07-01,"jul 2023"
"MC",202308,0,7,"Norte",8,"Mar-Aug (Reproductive)",-82.96484,8.803152,1131,178.092376708984,0,"2023",8,2023-08-01,"ago 2023"
"MC",202309,0,30,"Norte",9,"Set-Feb (Non-Reproductive)",-82.96484,8.803152,1131,178.092376708984,0,"2023",9,2023-09-01,"sept 2023"
"MC",202310,0,31,"Norte",10,"Set-Feb (Non-Reproductive)",-82.96484,8.803152,1131,178.092376708984,0,"2023",10,2023-10-01,"oct 2023"
"MC",202311,0,30,"Norte",11,"Set-Feb (Non-Reproductive)",-82.96484,8.803152,1131,178.092376708984,0,"2023",11,2023-11-01,"nov 2023"
"MC",202312,0,30,"Norte",12,"Set-Feb (Non-Reproductive)",-82.96484,8.803152,1131,178.092376708984,0,"2023",12,2023-12-01,"dic 2023"
"MC",202401,0,31,"Norte",1,"Set-Feb (Non-Reproductive)",-82.96484,8.803152,1131,178.092376708984,0,"2024",1,2024-01-01,"ene 2024"
"MC",202402,0,29,"Norte",2,"Set-Feb (Non-Reproductive)",-82.96484,8.803152,1131,178.092376708984,0,"2024",2,2024-02-01,"feb 2024"
"MC",202403,0,19,"Norte",3,"Mar-Aug (Reproductive)",-82.96484,8.803152,1131,178.092376708984,0,"2024",3,2024-03-01,"mar 2024"
"MC",202404,0,20,"Norte",4,"Mar-Aug (Reproductive)",-82.96484,8.803152,1131,178.092376708984,0,"2024",4,2024-04-01,"abr 2024"
"MC",202405,0,6,"Norte",5,"Mar-Aug (Reproductive)",-82.96484,8.803152,1131,178.092376708984,0,"2024",5,2024-05-01,"may 2024"
"MC",202406,0,7,"Norte",6,"Mar-Aug (Reproductive)",-82.96484,8.803152,1131,178.092376708984,0,"2024",6,2024-06-01,"jun 2024"
"SB",202306,0,5,"Norte",6,"Mar-Aug (Reproductive)",-82.926876,8.794958,1015,57.825366973877,0,"2023",6,2023-06-01,"jun 2023"
"SB",202307,0,29,"Norte",7,"Mar-Aug (Reproductive)",-82.926876,8.794958,1015,57.825366973877,0,"2023",7,2023-07-01,"jul 2023"
"SB",202308,0,6,"Norte",8,"Mar-Aug (Reproductive)",-82.926876,8.794958,1015,57.825366973877,0,"2023",8,2023-08-01,"ago 2023"
"SB",202309,0,30,"Norte",9,"Set-Feb (Non-Reproductive)",-82.926876,8.794958,1015,57.825366973877,0,"2023",9,2023-09-01,"sept 2023"
"SB",202310,0,30,"Norte",10,"Set-Feb (Non-Reproductive)",-82.926876,8.794958,1015,57.825366973877,0,"2023",10,2023-10-01,"oct 2023"
"SB",202311,0,30,"Norte",11,"Set-Feb (Non-Reproductive)",-82.926876,8.794958,1015,57.825366973877,0,"2023",11,2023-11-01,"nov 2023"
"SB",202312,0,31,"Norte",12,"Set-Feb (Non-Reproductive)",-82.926876,8.794958,1015,57.825366973877,0,"2023",12,2023-12-01,"dic 2023"
"SB",202401,0,30,"Norte",1,"Set-Feb (Non-Reproductive)",-82.926876,8.794958,1015,57.825366973877,0,"2024",1,2024-01-01,"ene 2024"
"SB",202402,0,29,"Norte",2,"Set-Feb (Non-Reproductive)",-82.926876,8.794958,1015,57.825366973877,0,"2024",2,2024-02-01,"feb 2024"
"SB",202403,0,32,"Norte",3,"Mar-Aug (Reproductive)",-82.926876,8.794958,1015,57.825366973877,0,"2024",3,2024-03-01,"mar 2024"
"SB",202404,0,30,"Norte",4,"Mar-Aug (Reproductive)",-82.926876,8.794958,1015,57.825366973877,0,"2024",4,2024-04-01,"abr 2024"
"SB",202405,0,31,"Norte",5,"Mar-Aug (Reproductive)",-82.926876,8.794958,1015,57.825366973877,0,"2024",5,2024-05-01,"may 2024"
"SB",202406,0,30,"Norte",6,"Mar-Aug (Reproductive)",-82.926876,8.794958,1015,57.825366973877,0,"2024",6,2024-06-01,"jun 2024"
"SB",202407,0,31,"Norte",7,"Mar-Aug (Reproductive)",-82.926876,8.794958,1015,57.825366973877,0,"2024",7,2024-07-01,"jul 2024"
"SB",202408,0,1,"Norte",8,"Mar-Aug (Reproductive)",-82.926876,8.794958,1015,57.825366973877,0,"2024",8,2024-08-01,"ago 2024"
"CO",202306,0,5,"Norte",6,"Mar-Aug (Reproductive)",-82.975233,8.84397,821,164.176605224609,0,"2023",6,2023-06-01,"jun 2023"
"CO",202307,0,29,"Norte",7,"Mar-Aug (Reproductive)",-82.975233,8.84397,821,164.176605224609,0,"2023",7,2023-07-01,"jul 2023"
"CO",202308,0,8,"Norte",8,"Mar-Aug (Reproductive)",-82.975233,8.84397,821,164.176605224609,0,"2023",8,2023-08-01,"ago 2023"
"CO",202309,0,30,"Norte",9,"Set-Feb (Non-Reproductive)",-82.975233,8.84397,821,164.176605224609,0,"2023",9,2023-09-01,"sept 2023"
"CO",202310,0,30,"Norte",10,"Set-Feb (Non-Reproductive)",-82.975233,8.84397,821,164.176605224609,0,"2023",10,2023-10-01,"oct 2023"
"CO",202311,0,30,"Norte",11,"Set-Feb (Non-Reproductive)",-82.975233,8.84397,821,164.176605224609,0,"2023",11,2023-11-01,"nov 2023"
"CO",202312,0,30,"Norte",12,"Set-Feb (Non-Reproductive)",-82.975233,8.84397,821,164.176605224609,0,"2023",12,2023-12-01,"dic 2023"
"CO",202401,0,17,"Norte",1,"Set-Feb (Non-Reproductive)",-82.975233,8.84397,821,164.176605224609,0,"2024",1,2024-01-01,"ene 2024"
"CO",202402,0,19,"Norte",2,"Set-Feb (Non-Reproductive)",-82.975233,8.84397,821,164.176605224609,0,"2024",2,2024-02-01,"feb 2024"
"CO",202403,0,1,"Norte",3,"Mar-Aug (Reproductive)",-82.975233,8.84397,821,164.176605224609,0,"2024",3,2024-03-01,"mar 2024"
"CO",202405,0,2,"Norte",5,"Mar-Aug (Reproductive)",-82.975233,8.84397,821,164.176605224609,0,"2024",5,2024-05-01,"may 2024"
"CO",202406,0,30,"Norte",6,"Mar-Aug (Reproductive)",-82.975233,8.84397,821,164.176605224609,0,"2024",6,2024-06-01,"jun 2024"
"CO",202407,0,31,"Norte",7,"Mar-Aug (Reproductive)",-82.975233,8.84397,821,164.176605224609,0,"2024",7,2024-07-01,"jul 2024"
"CO",202408,0,4,"Norte",8,"Mar-Aug (Reproductive)",-82.975233,8.84397,821,164.176605224609,0,"2024",8,2024-08-01,"ago 2024"
"PH",202306,0,5,"Norte",6,"Mar-Aug (Reproductive)",-82.754743,8.892776,1841,2,0,"2023",6,2023-06-01,"jun 2023"
"PH",202307,4,29,"Norte",7,"Mar-Aug (Reproductive)",-82.754743,8.892776,1841,2,0.137931034482759,"2023",7,2023-07-01,"jul 2023"
"PH",202308,0,8,"Norte",8,"Mar-Aug (Reproductive)",-82.754743,8.892776,1841,2,0,"2023",8,2023-08-01,"ago 2023"
"PH",202309,0,30,"Norte",9,"Set-Feb (Non-Reproductive)",-82.754743,8.892776,1841,2,0,"2023",9,2023-09-01,"sept 2023"
"PH",202310,0,30,"Norte",10,"Set-Feb (Non-Reproductive)",-82.754743,8.892776,1841,2,0,"2023",10,2023-10-01,"oct 2023"
"PH",202311,0,30,"Norte",11,"Set-Feb (Non-Reproductive)",-82.754743,8.892776,1841,2,0,"2023",11,2023-11-01,"nov 2023"
"PH",202312,0,31,"Norte",12,"Set-Feb (Non-Reproductive)",-82.754743,8.892776,1841,2,0,"2023",12,2023-12-01,"dic 2023"
"PH",202401,0,31,"Norte",1,"Set-Feb (Non-Reproductive)",-82.754743,8.892776,1841,2,0,"2024",1,2024-01-01,"ene 2024"
"PH",202402,1,29,"Norte",2,"Set-Feb (Non-Reproductive)",-82.754743,8.892776,1841,2,0.0344827586206897,"2024",2,2024-02-01,"feb 2024"
"PH",202403,0,31,"Norte",3,"Mar-Aug (Reproductive)",-82.754743,8.892776,1841,2,0,"2024",3,2024-03-01,"mar 2024"
"PH",202404,3,29,"Norte",4,"Mar-Aug (Reproductive)",-82.754743,8.892776,1841,2,0.103448275862069,"2024",4,2024-04-01,"abr 2024"
"PH",202405,2,30,"Norte",5,"Mar-Aug (Reproductive)",-82.754743,8.892776,1841,2,0.0666666666666667,"2024",5,2024-05-01,"may 2024"
"PH",202406,2,30,"Norte",6,"Mar-Aug (Reproductive)",-82.754743,8.892776,1841,2,0.0666666666666667,"2024",6,2024-06-01,"jun 2024"
"PH",202407,0,23,"Norte",7,"Mar-Aug (Reproductive)",-82.754743,8.892776,1841,2,0,"2024",7,2024-07-01,"jul 2024"
"PC",202306,0,5,"Norte",6,"Mar-Aug (Reproductive)",-82.95422,9.024868,1578,2.53779268264771,0,"2023",6,2023-06-01,"jun 2023"
"PC",202307,2,29,"Norte",7,"Mar-Aug (Reproductive)",-82.95422,9.024868,1578,2.53779268264771,0.0689655172413793,"2023",7,2023-07-01,"jul 2023"
"PC",202308,0,9,"Norte",8,"Mar-Aug (Reproductive)",-82.95422,9.024868,1578,2.53779268264771,0,"2023",8,2023-08-01,"ago 2023"
"PC",202309,0,30,"Norte",9,"Set-Feb (Non-Reproductive)",-82.95422,9.024868,1578,2.53779268264771,0,"2023",9,2023-09-01,"sept 2023"
"PC",202310,0,30,"Norte",10,"Set-Feb (Non-Reproductive)",-82.95422,9.024868,1578,2.53779268264771,0,"2023",10,2023-10-01,"oct 2023"
"PC",202311,0,30,"Norte",11,"Set-Feb (Non-Reproductive)",-82.95422,9.024868,1578,2.53779268264771,0,"2023",11,2023-11-01,"nov 2023"
"PC",202312,0,31,"Norte",12,"Set-Feb (Non-Reproductive)",-82.95422,9.024868,1578,2.53779268264771,0,"2023",12,2023-12-01,"dic 2023"
"PC",202401,0,31,"Norte",1,"Set-Feb (Non-Reproductive)",-82.95422,9.024868,1578,2.53779268264771,0,"2024",1,2024-01-01,"ene 2024"
"PC",202402,0,29,"Norte",2,"Set-Feb (Non-Reproductive)",-82.95422,9.024868,1578,2.53779268264771,0,"2024",2,2024-02-01,"feb 2024"
"PC",202403,0,31,"Norte",3,"Mar-Aug (Reproductive)",-82.95422,9.024868,1578,2.53779268264771,0,"2024",3,2024-03-01,"mar 2024"
"PC",202404,0,29,"Norte",4,"Mar-Aug (Reproductive)",-82.95422,9.024868,1578,2.53779268264771,0,"2024",4,2024-04-01,"abr 2024"
"PC",202405,0,30,"Norte",5,"Mar-Aug (Reproductive)",-82.95422,9.024868,1578,2.53779268264771,0,"2024",5,2024-05-01,"may 2024"
"PC",202406,0,30,"Norte",6,"Mar-Aug (Reproductive)",-82.95422,9.024868,1578,2.53779268264771,0,"2024",6,2024-06-01,"jun 2024"
"PC",202407,0,22,"Norte",7,"Mar-Aug (Reproductive)",-82.95422,9.024868,1578,2.53779268264771,0,"2024",7,2024-07-01,"jul 2024"
"RN",202306,0,3,"Norte",6,"Mar-Aug (Reproductive)",-82.85748,8.870375,1095,29.582218170166,0,"2023",6,2023-06-01,"jun 2023"
"RN",202307,4,31,"Norte",7,"Mar-Aug (Reproductive)",-82.85748,8.870375,1095,29.582218170166,0.129032258064516,"2023",7,2023-07-01,"jul 2023"
"RN",202308,0,9,"Norte",8,"Mar-Aug (Reproductive)",-82.85748,8.870375,1095,29.582218170166,0,"2023",8,2023-08-01,"ago 2023"
"RN",202309,0,30,"Norte",9,"Set-Feb (Non-Reproductive)",-82.85748,8.870375,1095,29.582218170166,0,"2023",9,2023-09-01,"sept 2023"
"RN",202310,0,30,"Norte",10,"Set-Feb (Non-Reproductive)",-82.85748,8.870375,1095,29.582218170166,0,"2023",10,2023-10-01,"oct 2023"
"RN",202311,0,30,"Norte",11,"Set-Feb (Non-Reproductive)",-82.85748,8.870375,1095,29.582218170166,0,"2023",11,2023-11-01,"nov 2023"
"RN",202312,0,31,"Norte",12,"Set-Feb (Non-Reproductive)",-82.85748,8.870375,1095,29.582218170166,0,"2023",12,2023-12-01,"dic 2023"
"RN",202401,0,31,"Norte",1,"Set-Feb (Non-Reproductive)",-82.85748,8.870375,1095,29.582218170166,0,"2024",1,2024-01-01,"ene 2024"
"RN",202402,1,30,"Norte",2,"Set-Feb (Non-Reproductive)",-82.85748,8.870375,1095,29.582218170166,0.0333333333333333,"2024",2,2024-02-01,"feb 2024"
"RN",202403,0,31,"Norte",3,"Mar-Aug (Reproductive)",-82.85748,8.870375,1095,29.582218170166,0,"2024",3,2024-03-01,"mar 2024"
"RN",202404,1,30,"Norte",4,"Mar-Aug (Reproductive)",-82.85748,8.870375,1095,29.582218170166,0.0333333333333333,"2024",4,2024-04-01,"abr 2024"
"RN",202405,2,30,"Norte",5,"Mar-Aug (Reproductive)",-82.85748,8.870375,1095,29.582218170166,0.0666666666666667,"2024",5,2024-05-01,"may 2024"
"RN",202406,13,30,"Norte",6,"Mar-Aug (Reproductive)",-82.85748,8.870375,1095,29.582218170166,0.433333333333333,"2024",6,2024-06-01,"jun 2024"
"RN",202407,12,23,"Norte",7,"Mar-Aug (Reproductive)",-82.85748,8.870375,1095,29.582218170166,0.521739130434783,"2024",7,2024-07-01,"jul 2024"
"GT",202306,0,28,"Sur",6,"Mar-Aug (Reproductive)",-83.143305,8.624599,0,131.836532592773,0,"2023",6,2023-06-01,"jun 2023"
"GT",202307,0,31,"Sur",7,"Mar-Aug (Reproductive)",-83.143305,8.624599,0,131.836532592773,0,"2023",7,2023-07-01,"jul 2023"
"GT",202308,0,32,"Sur",8,"Mar-Aug (Reproductive)",-83.143305,8.624599,0,131.836532592773,0,"2023",8,2023-08-01,"ago 2023"
"GT",202309,0,31,"Sur",9,"Set-Feb (Non-Reproductive)",-83.143305,8.624599,0,131.836532592773,0,"2023",9,2023-09-01,"sept 2023"
"GT",202310,0,31,"Sur",10,"Set-Feb (Non-Reproductive)",-83.143305,8.624599,0,131.836532592773,0,"2023",10,2023-10-01,"oct 2023"
"GT",202311,0,31,"Sur",11,"Set-Feb (Non-Reproductive)",-83.143305,8.624599,0,131.836532592773,0,"2023",11,2023-11-01,"nov 2023"
"GT",202312,3,31,"Sur",12,"Set-Feb (Non-Reproductive)",-83.143305,8.624599,0,131.836532592773,0.0967741935483871,"2023",12,2023-12-01,"dic 2023"
"GT",202401,0,32,"Sur",1,"Set-Feb (Non-Reproductive)",-83.143305,8.624599,0,131.836532592773,0,"2024",1,2024-01-01,"ene 2024"
"GT",202402,0,29,"Sur",2,"Set-Feb (Non-Reproductive)",-83.143305,8.624599,0,131.836532592773,0,"2024",2,2024-02-01,"feb 2024"
"GT",202403,0,32,"Sur",3,"Mar-Aug (Reproductive)",-83.143305,8.624599,0,131.836532592773,0,"2024",3,2024-03-01,"mar 2024"
"GT",202404,0,27,"Sur",4,"Mar-Aug (Reproductive)",-83.143305,8.624599,0,131.836532592773,0,"2024",4,2024-04-01,"abr 2024"
"GT",202406,0,5,"Sur",6,"Mar-Aug (Reproductive)",-83.143305,8.624599,0,131.836532592773,0,"2024",6,2024-06-01,"jun 2024"
"GT",202407,0,31,"Sur",7,"Mar-Aug (Reproductive)",-83.143305,8.624599,0,131.836532592773,0,"2024",7,2024-07-01,"jul 2024"
"GT",202408,0,20,"Sur",8,"Mar-Aug (Reproductive)",-83.143305,8.624599,0,131.836532592773,0,"2024",8,2024-08-01,"ago 2024"
"LG",202306,0,28,"Sur",6,"Mar-Aug (Reproductive)",-83.201919,8.699456,135,9.88642597198486,0,"2023",6,2023-06-01,"jun 2023"
"LG",202307,0,31,"Sur",7,"Mar-Aug (Reproductive)",-83.201919,8.699456,135,9.88642597198486,0,"2023",7,2023-07-01,"jul 2023"
"LG",202308,0,32,"Sur",8,"Mar-Aug (Reproductive)",-83.201919,8.699456,135,9.88642597198486,0,"2023",8,2023-08-01,"ago 2023"
"LG",202309,0,27,"Sur",9,"Set-Feb (Non-Reproductive)",-83.201919,8.699456,135,9.88642597198486,0,"2023",9,2023-09-01,"sept 2023"
"LG",202310,0,31,"Sur",10,"Set-Feb (Non-Reproductive)",-83.201919,8.699456,135,9.88642597198486,0,"2023",10,2023-10-01,"oct 2023"
"LG",202311,0,31,"Sur",11,"Set-Feb (Non-Reproductive)",-83.201919,8.699456,135,9.88642597198486,0,"2023",11,2023-11-01,"nov 2023"
"LG",202312,0,31,"Sur",12,"Set-Feb (Non-Reproductive)",-83.201919,8.699456,135,9.88642597198486,0,"2023",12,2023-12-01,"dic 2023"
"LG",202401,0,32,"Sur",1,"Set-Feb (Non-Reproductive)",-83.201919,8.699456,135,9.88642597198486,0,"2024",1,2024-01-01,"ene 2024"
"LG",202402,0,29,"Sur",2,"Set-Feb (Non-Reproductive)",-83.201919,8.699456,135,9.88642597198486,0,"2024",2,2024-02-01,"feb 2024"
"LG",202403,0,32,"Sur",3,"Mar-Aug (Reproductive)",-83.201919,8.699456,135,9.88642597198486,0,"2024",3,2024-03-01,"mar 2024"
"LG",202404,0,31,"Sur",4,"Mar-Aug (Reproductive)",-83.201919,8.699456,135,9.88642597198486,0,"2024",4,2024-04-01,"abr 2024"
"LG",202405,0,31,"Sur",5,"Mar-Aug (Reproductive)",-83.201919,8.699456,135,9.88642597198486,0,"2024",5,2024-05-01,"may 2024"
"LG",202406,0,23,"Sur",6,"Mar-Aug (Reproductive)",-83.201919,8.699456,135,9.88642597198486,0,"2024",6,2024-06-01,"jun 2024"
"LG",202407,0,28,"Sur",7,"Mar-Aug (Reproductive)",-83.201919,8.699456,135,9.88642597198486,0,"2024",7,2024-07-01,"jul 2024"
"LG",202408,0,6,"Sur",8,"Mar-Aug (Reproductive)",-83.201919,8.699456,135,9.88642597198486,0,"2024",8,2024-08-01,"ago 2024"
"LB",202306,0,28,"Sur",6,"Mar-Aug (Reproductive)",-83.047404,8.714762,361,20.7148494720459,0,"2023",6,2023-06-01,"jun 2023"
"LB",202307,0,31,"Sur",7,"Mar-Aug (Reproductive)",-83.047404,8.714762,361,20.7148494720459,0,"2023",7,2023-07-01,"jul 2023"
"LB",202308,0,32,"Sur",8,"Mar-Aug (Reproductive)",-83.047404,8.714762,361,20.7148494720459,0,"2023",8,2023-08-01,"ago 2023"
"LB",202309,0,31,"Sur",9,"Set-Feb (Non-Reproductive)",-83.047404,8.714762,361,20.7148494720459,0,"2023",9,2023-09-01,"sept 2023"
"LB",202310,0,31,"Sur",10,"Set-Feb (Non-Reproductive)",-83.047404,8.714762,361,20.7148494720459,0,"2023",10,2023-10-01,"oct 2023"
"LB",202311,0,31,"Sur",11,"Set-Feb (Non-Reproductive)",-83.047404,8.714762,361,20.7148494720459,0,"2023",11,2023-11-01,"nov 2023"
"LB",202312,0,31,"Sur",12,"Set-Feb (Non-Reproductive)",-83.047404,8.714762,361,20.7148494720459,0,"2023",12,2023-12-01,"dic 2023"
"LB",202401,0,32,"Sur",1,"Set-Feb (Non-Reproductive)",-83.047404,8.714762,361,20.7148494720459,0,"2024",1,2024-01-01,"ene 2024"
"LB",202402,0,29,"Sur",2,"Set-Feb (Non-Reproductive)",-83.047404,8.714762,361,20.7148494720459,0,"2024",2,2024-02-01,"feb 2024"
"LB",202403,0,32,"Sur",3,"Mar-Aug (Reproductive)",-83.047404,8.714762,361,20.7148494720459,0,"2024",3,2024-03-01,"mar 2024"
"LB",202404,0,13,"Sur",4,"Mar-Aug (Reproductive)",-83.047404,8.714762,361,20.7148494720459,0,"2024",4,2024-04-01,"abr 2024"
"LB",202405,0,30,"Sur",5,"Mar-Aug (Reproductive)",-83.047404,8.714762,361,20.7148494720459,0,"2024",5,2024-05-01,"may 2024"
"LB",202406,0,31,"Sur",6,"Mar-Aug (Reproductive)",-83.047404,8.714762,361,20.7148494720459,0,"2024",6,2024-06-01,"jun 2024"
"LB",202407,0,31,"Sur",7,"Mar-Aug (Reproductive)",-83.047404,8.714762,361,20.7148494720459,0,"2024",7,2024-07-01,"jul 2024"
"LB",202408,0,22,"Sur",8,"Mar-Aug (Reproductive)",-83.047404,8.714762,361,20.7148494720459,0,"2024",8,2024-08-01,"ago 2024"
"AC",202306,0,28,"Sur",6,"Mar-Aug (Reproductive)",-82.984288,8.701578,446,11.8422994613647,0,"2023",6,2023-06-01,"jun 2023"
"AC",202307,0,31,"Sur",7,"Mar-Aug (Reproductive)",-82.984288,8.701578,446,11.8422994613647,0,"2023",7,2023-07-01,"jul 2023"
"AC",202308,0,32,"Sur",8,"Mar-Aug (Reproductive)",-82.984288,8.701578,446,11.8422994613647,0,"2023",8,2023-08-01,"ago 2023"
"AC",202309,0,31,"Sur",9,"Set-Feb (Non-Reproductive)",-82.984288,8.701578,446,11.8422994613647,0,"2023",9,2023-09-01,"sept 2023"
"AC",202310,0,31,"Sur",10,"Set-Feb (Non-Reproductive)",-82.984288,8.701578,446,11.8422994613647,0,"2023",10,2023-10-01,"oct 2023"
"AC",202311,0,31,"Sur",11,"Set-Feb (Non-Reproductive)",-82.984288,8.701578,446,11.8422994613647,0,"2023",11,2023-11-01,"nov 2023"
"AC",202312,0,18,"Sur",12,"Set-Feb (Non-Reproductive)",-82.984288,8.701578,446,11.8422994613647,0,"2023",12,2023-12-01,"dic 2023"
"AC",202401,0,14,"Sur",1,"Set-Feb (Non-Reproductive)",-82.984288,8.701578,446,11.8422994613647,0,"2024",1,2024-01-01,"ene 2024"
"AC",202402,0,29,"Sur",2,"Set-Feb (Non-Reproductive)",-82.984288,8.701578,446,11.8422994613647,0,"2024",2,2024-02-01,"feb 2024"
"AC",202403,0,32,"Sur",3,"Mar-Aug (Reproductive)",-82.984288,8.701578,446,11.8422994613647,0,"2024",3,2024-03-01,"mar 2024"
"AC",202404,0,30,"Sur",4,"Mar-Aug (Reproductive)",-82.984288,8.701578,446,11.8422994613647,0,"2024",4,2024-04-01,"abr 2024"
"AC",202405,0,28,"Sur",5,"Mar-Aug (Reproductive)",-82.984288,8.701578,446,11.8422994613647,0,"2024",5,2024-05-01,"may 2024"
"AC",202406,0,12,"Sur",6,"Mar-Aug (Reproductive)",-82.984288,8.701578,446,11.8422994613647,0,"2024",6,2024-06-01,"jun 2024"
"AC",202407,0,31,"Sur",7,"Mar-Aug (Reproductive)",-82.984288,8.701578,446,11.8422994613647,0,"2024",7,2024-07-01,"jul 2024"
"AC",202408,0,22,"Sur",8,"Mar-Aug (Reproductive)",-82.984288,8.701578,446,11.8422994613647,0,"2024",8,2024-08-01,"ago 2024"
"TA",202306,0,28,"Sur",6,"Mar-Aug (Reproductive)",-83.033134,8.74135,804,10.6042385101318,0,"2023",6,2023-06-01,"jun 2023"
"TA",202307,0,31,"Sur",7,"Mar-Aug (Reproductive)",-83.033134,8.74135,804,10.6042385101318,0,"2023",7,2023-07-01,"jul 2023"
"TA",202308,0,32,"Sur",8,"Mar-Aug (Reproductive)",-83.033134,8.74135,804,10.6042385101318,0,"2023",8,2023-08-01,"ago 2023"
"TA",202309,0,27,"Sur",9,"Set-Feb (Non-Reproductive)",-83.033134,8.74135,804,10.6042385101318,0,"2023",9,2023-09-01,"sept 2023"
"TA",202310,0,31,"Sur",10,"Set-Feb (Non-Reproductive)",-83.033134,8.74135,804,10.6042385101318,0,"2023",10,2023-10-01,"oct 2023"
"TA",202311,0,31,"Sur",11,"Set-Feb (Non-Reproductive)",-83.033134,8.74135,804,10.6042385101318,0,"2023",11,2023-11-01,"nov 2023"
"TA",202312,0,22,"Sur",12,"Set-Feb (Non-Reproductive)",-83.033134,8.74135,804,10.6042385101318,0,"2023",12,2023-12-01,"dic 2023"
"TA",202401,0,14,"Sur",1,"Set-Feb (Non-Reproductive)",-83.033134,8.74135,804,10.6042385101318,0,"2024",1,2024-01-01,"ene 2024"
"TA",202402,0,29,"Sur",2,"Set-Feb (Non-Reproductive)",-83.033134,8.74135,804,10.6042385101318,0,"2024",2,2024-02-01,"feb 2024"
"TA",202403,0,32,"Sur",3,"Mar-Aug (Reproductive)",-83.033134,8.74135,804,10.6042385101318,0,"2024",3,2024-03-01,"mar 2024"
"TA",202404,0,30,"Sur",4,"Mar-Aug (Reproductive)",-83.033134,8.74135,804,10.6042385101318,0,"2024",4,2024-04-01,"abr 2024"
"TA",202405,0,32,"Sur",5,"Mar-Aug (Reproductive)",-83.033134,8.74135,804,10.6042385101318,0,"2024",5,2024-05-01,"may 2024"
"TA",202406,0,31,"Sur",6,"Mar-Aug (Reproductive)",-83.033134,8.74135,804,10.6042385101318,0,"2024",6,2024-06-01,"jun 2024"
"TA",202407,0,31,"Sur",7,"Mar-Aug (Reproductive)",-83.033134,8.74135,804,10.6042385101318,0,"2024",7,2024-07-01,"jul 2024"
"TA",202408,0,22,"Sur",8,"Mar-Aug (Reproductive)",-83.033134,8.74135,804,10.6042385101318,0,"2024",8,2024-08-01,"ago 2024"
"RB",202306,0,28,"Sur",6,"Mar-Aug (Reproductive)",-83.12918,8.641098,168,16.9414176940918,0,"2023",6,2023-06-01,"jun 2023"
"RB",202307,0,31,"Sur",7,"Mar-Aug (Reproductive)",-83.12918,8.641098,168,16.9414176940918,0,"2023",7,2023-07-01,"jul 2023"
"RB",202308,0,32,"Sur",8,"Mar-Aug (Reproductive)",-83.12918,8.641098,168,16.9414176940918,0,"2023",8,2023-08-01,"ago 2023"
"RB",202309,0,31,"Sur",9,"Set-Feb (Non-Reproductive)",-83.12918,8.641098,168,16.9414176940918,0,"2023",9,2023-09-01,"sept 2023"
"RB",202310,0,31,"Sur",10,"Set-Feb (Non-Reproductive)",-83.12918,8.641098,168,16.9414176940918,0,"2023",10,2023-10-01,"oct 2023"
"RB",202311,0,31,"Sur",11,"Set-Feb (Non-Reproductive)",-83.12918,8.641098,168,16.9414176940918,0,"2023",11,2023-11-01,"nov 2023"
"RB",202312,0,31,"Sur",12,"Set-Feb (Non-Reproductive)",-83.12918,8.641098,168,16.9414176940918,0,"2023",12,2023-12-01,"dic 2023"
"RB",202401,0,32,"Sur",1,"Set-Feb (Non-Reproductive)",-83.12918,8.641098,168,16.9414176940918,0,"2024",1,2024-01-01,"ene 2024"
"RB",202402,0,29,"Sur",2,"Set-Feb (Non-Reproductive)",-83.12918,8.641098,168,16.9414176940918,0,"2024",2,2024-02-01,"feb 2024"
"RB",202403,0,21,"Sur",3,"Mar-Aug (Reproductive)",-83.12918,8.641098,168,16.9414176940918,0,"2024",3,2024-03-01,"mar 2024"
"RB",202405,0,31,"Sur",5,"Mar-Aug (Reproductive)",-83.12918,8.641098,168,16.9414176940918,0,"2024",5,2024-05-01,"may 2024"
"RB",202406,0,31,"Sur",6,"Mar-Aug (Reproductive)",-83.12918,8.641098,168,16.9414176940918,0,"2024",6,2024-06-01,"jun 2024"
"RB",202407,0,31,"Sur",7,"Mar-Aug (Reproductive)",-83.12918,8.641098,168,16.9414176940918,0,"2024",7,2024-07-01,"jul 2024"
"RB",202408,0,21,"Sur",8,"Mar-Aug (Reproductive)",-83.12918,8.641098,168,16.9414176940918,0,"2024",8,2024-08-01,"ago 2024"
"GG",202306,0,28,"Sur",6,"Mar-Aug (Reproductive)",-83.17888,8.65543,94,460.903961181641,0,"2023",6,2023-06-01,"jun 2023"
"GG",202307,0,31,"Sur",7,"Mar-Aug (Reproductive)",-83.17888,8.65543,94,460.903961181641,0,"2023",7,2023-07-01,"jul 2023"
"GG",202308,0,32,"Sur",8,"Mar-Aug (Reproductive)",-83.17888,8.65543,94,460.903961181641,0,"2023",8,2023-08-01,"ago 2023"
"GG",202309,0,31,"Sur",9,"Set-Feb (Non-Reproductive)",-83.17888,8.65543,94,460.903961181641,0,"2023",9,2023-09-01,"sept 2023"
"GG",202310,0,31,"Sur",10,"Set-Feb (Non-Reproductive)",-83.17888,8.65543,94,460.903961181641,0,"2023",10,2023-10-01,"oct 2023"
"GG",202311,0,31,"Sur",11,"Set-Feb (Non-Reproductive)",-83.17888,8.65543,94,460.903961181641,0,"2023",11,2023-11-01,"nov 2023"
"GG",202312,0,31,"Sur",12,"Set-Feb (Non-Reproductive)",-83.17888,8.65543,94,460.903961181641,0,"2023",12,2023-12-01,"dic 2023"
"GG",202401,0,32,"Sur",1,"Set-Feb (Non-Reproductive)",-83.17888,8.65543,94,460.903961181641,0,"2024",1,2024-01-01,"ene 2024"
"GG",202402,0,19,"Sur",2,"Set-Feb (Non-Reproductive)",-83.17888,8.65543,94,460.903961181641,0,"2024",2,2024-02-01,"feb 2024"
"GG",202403,0,29,"Sur",3,"Mar-Aug (Reproductive)",-83.17888,8.65543,94,460.903961181641,0,"2024",3,2024-03-01,"mar 2024"
"GG",202404,0,31,"Sur",4,"Mar-Aug (Reproductive)",-83.17888,8.65543,94,460.903961181641,0,"2024",4,2024-04-01,"abr 2024"
"GG",202405,0,7,"Sur",5,"Mar-Aug (Reproductive)",-83.17888,8.65543,94,460.903961181641,0,"2024",5,2024-05-01,"may 2024"
"GG",202406,0,8,"Sur",6,"Mar-Aug (Reproductive)",-83.17888,8.65543,94,460.903961181641,0,"2024",6,2024-06-01,"jun 2024"
"GG",202407,0,31,"Sur",7,"Mar-Aug (Reproductive)",-83.17888,8.65543,94,460.903961181641,0,"2024",7,2024-07-01,"jul 2024"
"GG",202408,0,17,"Sur",8,"Mar-Aug (Reproductive)",-83.17888,8.65543,94,460.903961181641,0,"2024",8,2024-08-01,"ago 2024"
"C1",202306,0,28,"Sur",6,"Mar-Aug (Reproductive)",-83.076059,8.636349,67,52.8457908630371,0,"2023",6,2023-06-01,"jun 2023"
"C1",202307,0,5,"Sur",7,"Mar-Aug (Reproductive)",-83.076059,8.636349,67,52.8457908630371,0,"2023",7,2023-07-01,"jul 2023"
"C1",202308,0,30,"Sur",8,"Mar-Aug (Reproductive)",-83.076059,8.636349,67,52.8457908630371,0,"2023",8,2023-08-01,"ago 2023"
"C1",202309,0,29,"Sur",9,"Set-Feb (Non-Reproductive)",-83.076059,8.636349,67,52.8457908630371,0,"2023",9,2023-09-01,"sept 2023"
"C1",202310,0,31,"Sur",10,"Set-Feb (Non-Reproductive)",-83.076059,8.636349,67,52.8457908630371,0,"2023",10,2023-10-01,"oct 2023"
"C1",202311,0,30,"Sur",11,"Set-Feb (Non-Reproductive)",-83.076059,8.636349,67,52.8457908630371,0,"2023",11,2023-11-01,"nov 2023"
"C1",202312,0,31,"Sur",12,"Set-Feb (Non-Reproductive)",-83.076059,8.636349,67,52.8457908630371,0,"2023",12,2023-12-01,"dic 2023"
"C1",202401,0,31,"Sur",1,"Set-Feb (Non-Reproductive)",-83.076059,8.636349,67,52.8457908630371,0,"2024",1,2024-01-01,"ene 2024"
"C1",202402,0,29,"Sur",2,"Set-Feb (Non-Reproductive)",-83.076059,8.636349,67,52.8457908630371,0,"2024",2,2024-02-01,"feb 2024"
"C1",202403,0,30,"Sur",3,"Mar-Aug (Reproductive)",-83.076059,8.636349,67,52.8457908630371,0,"2024",3,2024-03-01,"mar 2024"
"C1",202404,0,30,"Sur",4,"Mar-Aug (Reproductive)",-83.076059,8.636349,67,52.8457908630371,0,"2024",4,2024-04-01,"abr 2024"
"C1",202405,0,30,"Sur",5,"Mar-Aug (Reproductive)",-83.076059,8.636349,67,52.8457908630371,0,"2024",5,2024-05-01,"may 2024"
"C1",202406,0,30,"Sur",6,"Mar-Aug (Reproductive)",-83.076059,8.636349,67,52.8457908630371,0,"2024",6,2024-06-01,"jun 2024"
"C1",202407,0,31,"Sur",7,"Mar-Aug (Reproductive)",-83.076059,8.636349,67,52.8457908630371,0,"2024",7,2024-07-01,"jul 2024"
"C1",202408,0,19,"Sur",8,"Mar-Aug (Reproductive)",-83.076059,8.636349,67,52.8457908630371,0,"2024",8,2024-08-01,"ago 2024"
"MM",202308,0,28,"Sur",8,"Mar-Aug (Reproductive)",-83.220558,8.703609,148,5.51438570022583,0,"2023",8,2023-08-01,"ago 2023"
"MM",202309,0,29,"Sur",9,"Set-Feb (Non-Reproductive)",-83.220558,8.703609,148,5.51438570022583,0,"2023",9,2023-09-01,"sept 2023"
"MM",202310,0,31,"Sur",10,"Set-Feb (Non-Reproductive)",-83.220558,8.703609,148,5.51438570022583,0,"2023",10,2023-10-01,"oct 2023"
"MM",202311,0,30,"Sur",11,"Set-Feb (Non-Reproductive)",-83.220558,8.703609,148,5.51438570022583,0,"2023",11,2023-11-01,"nov 2023"
"MM",202312,0,31,"Sur",12,"Set-Feb (Non-Reproductive)",-83.220558,8.703609,148,5.51438570022583,0,"2023",12,2023-12-01,"dic 2023"
"MM",202401,0,30,"Sur",1,"Set-Feb (Non-Reproductive)",-83.220558,8.703609,148,5.51438570022583,0,"2024",1,2024-01-01,"ene 2024"
"MM",202402,0,29,"Sur",2,"Set-Feb (Non-Reproductive)",-83.220558,8.703609,148,5.51438570022583,0,"2024",2,2024-02-01,"feb 2024"
"MM",202403,0,30,"Sur",3,"Mar-Aug (Reproductive)",-83.220558,8.703609,148,5.51438570022583,0,"2024",3,2024-03-01,"mar 2024"
"MM",202404,0,31,"Sur",4,"Mar-Aug (Reproductive)",-83.220558,8.703609,148,5.51438570022583,0,"2024",4,2024-04-01,"abr 2024"
"MM",202405,0,31,"Sur",5,"Mar-Aug (Reproductive)",-83.220558,8.703609,148,5.51438570022583,0,"2024",5,2024-05-01,"may 2024"
"MM",202406,0,29,"Sur",6,"Mar-Aug (Reproductive)",-83.220558,8.703609,148,5.51438570022583,0,"2024",6,2024-06-01,"jun 2024"
"MM",202407,0,31,"Sur",7,"Mar-Aug (Reproductive)",-83.220558,8.703609,148,5.51438570022583,0,"2024",7,2024-07-01,"jul 2024"
"MM",202408,0,27,"Sur",8,"Mar-Aug (Reproductive)",-83.220558,8.703609,148,5.51438570022583,0,"2024",8,2024-08-01,"ago 2024"
"ET",202306,0,28,"Sur",6,"Mar-Aug (Reproductive)",-83.203611,8.665417,161,12.75963306427,0,"2023",6,2023-06-01,"jun 2023"
"ET",202307,0,5,"Sur",7,"Mar-Aug (Reproductive)",-83.203611,8.665417,161,12.75963306427,0,"2023",7,2023-07-01,"jul 2023"
"ET",202308,0,28,"Sur",8,"Mar-Aug (Reproductive)",-83.203611,8.665417,161,12.75963306427,0,"2023",8,2023-08-01,"ago 2023"
"ET",202309,0,29,"Sur",9,"Set-Feb (Non-Reproductive)",-83.203611,8.665417,161,12.75963306427,0,"2023",9,2023-09-01,"sept 2023"
"ET",202310,0,31,"Sur",10,"Set-Feb (Non-Reproductive)",-83.203611,8.665417,161,12.75963306427,0,"2023",10,2023-10-01,"oct 2023"
"ET",202311,0,30,"Sur",11,"Set-Feb (Non-Reproductive)",-83.203611,8.665417,161,12.75963306427,0,"2023",11,2023-11-01,"nov 2023"
"ET",202312,0,31,"Sur",12,"Set-Feb (Non-Reproductive)",-83.203611,8.665417,161,12.75963306427,0,"2023",12,2023-12-01,"dic 2023"
"ET",202401,0,30,"Sur",1,"Set-Feb (Non-Reproductive)",-83.203611,8.665417,161,12.75963306427,0,"2024",1,2024-01-01,"ene 2024"
"ET",202402,0,29,"Sur",2,"Set-Feb (Non-Reproductive)",-83.203611,8.665417,161,12.75963306427,0,"2024",2,2024-02-01,"feb 2024"
"ET",202403,0,30,"Sur",3,"Mar-Aug (Reproductive)",-83.203611,8.665417,161,12.75963306427,0,"2024",3,2024-03-01,"mar 2024"
"ET",202404,0,30,"Sur",4,"Mar-Aug (Reproductive)",-83.203611,8.665417,161,12.75963306427,0,"2024",4,2024-04-01,"abr 2024"
"ET",202405,0,31,"Sur",5,"Mar-Aug (Reproductive)",-83.203611,8.665417,161,12.75963306427,0,"2024",5,2024-05-01,"may 2024"
"ET",202406,0,30,"Sur",6,"Mar-Aug (Reproductive)",-83.203611,8.665417,161,12.75963306427,0,"2024",6,2024-06-01,"jun 2024"
"ET",202407,0,31,"Sur",7,"Mar-Aug (Reproductive)",-83.203611,8.665417,161,12.75963306427,0,"2024",7,2024-07-01,"jul 2024"
"ET",202408,0,17,"Sur",8,"Mar-Aug (Reproductive)",-83.203611,8.665417,161,12.75963306427,0,"2024",8,2024-08-01,"ago 2024"
"CV",202306,0,28,"Sur",6,"Mar-Aug (Reproductive)",-83.040862,8.697128,139,50.2139167785645,0,"2023",6,2023-06-01,"jun 2023"
"CV",202307,0,5,"Sur",7,"Mar-Aug (Reproductive)",-83.040862,8.697128,139,50.2139167785645,0,"2023",7,2023-07-01,"jul 2023"
"CV",202308,0,29,"Sur",8,"Mar-Aug (Reproductive)",-83.040862,8.697128,139,50.2139167785645,0,"2023",8,2023-08-01,"ago 2023"
"CV",202309,0,30,"Sur",9,"Set-Feb (Non-Reproductive)",-83.040862,8.697128,139,50.2139167785645,0,"2023",9,2023-09-01,"sept 2023"
"CV",202310,0,31,"Sur",10,"Set-Feb (Non-Reproductive)",-83.040862,8.697128,139,50.2139167785645,0,"2023",10,2023-10-01,"oct 2023"
"CV",202311,0,29,"Sur",11,"Set-Feb (Non-Reproductive)",-83.040862,8.697128,139,50.2139167785645,0,"2023",11,2023-11-01,"nov 2023"
"CV",202312,0,31,"Sur",12,"Set-Feb (Non-Reproductive)",-83.040862,8.697128,139,50.2139167785645,0,"2023",12,2023-12-01,"dic 2023"
"CV",202401,0,30,"Sur",1,"Set-Feb (Non-Reproductive)",-83.040862,8.697128,139,50.2139167785645,0,"2024",1,2024-01-01,"ene 2024"
"CV",202402,0,29,"Sur",2,"Set-Feb (Non-Reproductive)",-83.040862,8.697128,139,50.2139167785645,0,"2024",2,2024-02-01,"feb 2024"
"CV",202403,0,31,"Sur",3,"Mar-Aug (Reproductive)",-83.040862,8.697128,139,50.2139167785645,0,"2024",3,2024-03-01,"mar 2024"
"CV",202404,0,30,"Sur",4,"Mar-Aug (Reproductive)",-83.040862,8.697128,139,50.2139167785645,0,"2024",4,2024-04-01,"abr 2024"
"CV",202405,0,30,"Sur",5,"Mar-Aug (Reproductive)",-83.040862,8.697128,139,50.2139167785645,0,"2024",5,2024-05-01,"may 2024"
"CV",202406,0,20,"Sur",6,"Mar-Aug (Reproductive)",-83.040862,8.697128,139,50.2139167785645,0,"2024",6,2024-06-01,"jun 2024"
"C2",202306,0,28,"Sur",6,"Mar-Aug (Reproductive)",-83.129691,8.692883,76,16.4028606414795,0,"2023",6,2023-06-01,"jun 2023"
"C2",202307,0,6,"Sur",7,"Mar-Aug (Reproductive)",-83.129691,8.692883,76,16.4028606414795,0,"2023",7,2023-07-01,"jul 2023"
"C2",202308,0,27,"Sur",8,"Mar-Aug (Reproductive)",-83.129691,8.692883,76,16.4028606414795,0,"2023",8,2023-08-01,"ago 2023"
"C2",202309,0,30,"Sur",9,"Set-Feb (Non-Reproductive)",-83.129691,8.692883,76,16.4028606414795,0,"2023",9,2023-09-01,"sept 2023"
"C2",202310,0,31,"Sur",10,"Set-Feb (Non-Reproductive)",-83.129691,8.692883,76,16.4028606414795,0,"2023",10,2023-10-01,"oct 2023"
"C2",202311,0,23,"Sur",11,"Set-Feb (Non-Reproductive)",-83.129691,8.692883,76,16.4028606414795,0,"2023",11,2023-11-01,"nov 2023"
"C2",202401,0,14,"Sur",1,"Set-Feb (Non-Reproductive)",-83.129691,8.692883,76,16.4028606414795,0,"2024",1,2024-01-01,"ene 2024"
"C2",202402,0,29,"Sur",2,"Set-Feb (Non-Reproductive)",-83.129691,8.692883,76,16.4028606414795,0,"2024",2,2024-02-01,"feb 2024"
"C2",202403,0,7,"Sur",3,"Mar-Aug (Reproductive)",-83.129691,8.692883,76,16.4028606414795,0,"2024",3,2024-03-01,"mar 2024"
"C2",202405,0,5,"Sur",5,"Mar-Aug (Reproductive)",-83.129691,8.692883,76,16.4028606414795,0,"2024",5,2024-05-01,"may 2024"
"C2",202406,0,4,"Sur",6,"Mar-Aug (Reproductive)",-83.129691,8.692883,76,16.4028606414795,0,"2024",6,2024-06-01,"jun 2024"
"C2",202407,0,1,"Sur",7,"Mar-Aug (Reproductive)",-83.129691,8.692883,76,16.4028606414795,0,"2024",7,2024-07-01,"jul 2024"
"LA",202306,0,28,"Sur",6,"Mar-Aug (Reproductive)",-83.086793,8.702797,253,17.1047840118408,0,"2023",6,2023-06-01,"jun 2023"
"LA",202307,0,5,"Sur",7,"Mar-Aug (Reproductive)",-83.086793,8.702797,253,17.1047840118408,0,"2023",7,2023-07-01,"jul 2023"
"LA",202308,0,27,"Sur",8,"Mar-Aug (Reproductive)",-83.086793,8.702797,253,17.1047840118408,0,"2023",8,2023-08-01,"ago 2023"
"LA",202309,0,29,"Sur",9,"Set-Feb (Non-Reproductive)",-83.086793,8.702797,253,17.1047840118408,0,"2023",9,2023-09-01,"sept 2023"
"LA",202310,0,31,"Sur",10,"Set-Feb (Non-Reproductive)",-83.086793,8.702797,253,17.1047840118408,0,"2023",10,2023-10-01,"oct 2023"
"LA",202311,0,29,"Sur",11,"Set-Feb (Non-Reproductive)",-83.086793,8.702797,253,17.1047840118408,0,"2023",11,2023-11-01,"nov 2023"
"LA",202312,0,31,"Sur",12,"Set-Feb (Non-Reproductive)",-83.086793,8.702797,253,17.1047840118408,0,"2023",12,2023-12-01,"dic 2023"
"LA",202401,0,30,"Sur",1,"Set-Feb (Non-Reproductive)",-83.086793,8.702797,253,17.1047840118408,0,"2024",1,2024-01-01,"ene 2024"
"LA",202402,0,29,"Sur",2,"Set-Feb (Non-Reproductive)",-83.086793,8.702797,253,17.1047840118408,0,"2024",2,2024-02-01,"feb 2024"
"LA",202403,0,29,"Sur",3,"Mar-Aug (Reproductive)",-83.086793,8.702797,253,17.1047840118408,0,"2024",3,2024-03-01,"mar 2024"
"LA",202404,0,30,"Sur",4,"Mar-Aug (Reproductive)",-83.086793,8.702797,253,17.1047840118408,0,"2024",4,2024-04-01,"abr 2024"
"LA",202405,0,30,"Sur",5,"Mar-Aug (Reproductive)",-83.086793,8.702797,253,17.1047840118408,0,"2024",5,2024-05-01,"may 2024"
"LA",202406,0,29,"Sur",6,"Mar-Aug (Reproductive)",-83.086793,8.702797,253,17.1047840118408,0,"2024",6,2024-06-01,"jun 2024"
"LA",202407,0,19,"Sur",7,"Mar-Aug (Reproductive)",-83.086793,8.702797,253,17.1047840118408,0,"2024",7,2024-07-01,"jul 2024"
"LM",202306,0,28,"Sur",6,"Mar-Aug (Reproductive)",-82.923825,8.735344,1163,79.525749206543,0,"2023",6,2023-06-01,"jun 2023"
"LM",202307,0,6,"Sur",7,"Mar-Aug (Reproductive)",-82.923825,8.735344,1163,79.525749206543,0,"2023",7,2023-07-01,"jul 2023"
"LM",202308,0,30,"Sur",8,"Mar-Aug (Reproductive)",-82.923825,8.735344,1163,79.525749206543,0,"2023",8,2023-08-01,"ago 2023"
"LM",202309,0,31,"Sur",9,"Set-Feb (Non-Reproductive)",-82.923825,8.735344,1163,79.525749206543,0,"2023",9,2023-09-01,"sept 2023"
"LM",202310,0,31,"Sur",10,"Set-Feb (Non-Reproductive)",-82.923825,8.735344,1163,79.525749206543,0,"2023",10,2023-10-01,"oct 2023"
"LM",202311,0,29,"Sur",11,"Set-Feb (Non-Reproductive)",-82.923825,8.735344,1163,79.525749206543,0,"2023",11,2023-11-01,"nov 2023"
"LM",202312,0,31,"Sur",12,"Set-Feb (Non-Reproductive)",-82.923825,8.735344,1163,79.525749206543,0,"2023",12,2023-12-01,"dic 2023"
"LM",202401,0,31,"Sur",1,"Set-Feb (Non-Reproductive)",-82.923825,8.735344,1163,79.525749206543,0,"2024",1,2024-01-01,"ene 2024"
"LM",202402,0,29,"Sur",2,"Set-Feb (Non-Reproductive)",-82.923825,8.735344,1163,79.525749206543,0,"2024",2,2024-02-01,"feb 2024"
"LM",202403,0,31,"Sur",3,"Mar-Aug (Reproductive)",-82.923825,8.735344,1163,79.525749206543,0,"2024",3,2024-03-01,"mar 2024"
"LM",202404,0,15,"Sur",4,"Mar-Aug (Reproductive)",-82.923825,8.735344,1163,79.525749206543,0,"2024",4,2024-04-01,"abr 2024"
"LM",202405,0,31,"Sur",5,"Mar-Aug (Reproductive)",-82.923825,8.735344,1163,79.525749206543,0,"2024",5,2024-05-01,"may 2024"
"LM",202406,0,29,"Sur",6,"Mar-Aug (Reproductive)",-82.923825,8.735344,1163,79.525749206543,0,"2024",6,2024-06-01,"jun 2024"
"LM",202407,0,31,"Sur",7,"Mar-Aug (Reproductive)",-82.923825,8.735344,1163,79.525749206543,0,"2024",7,2024-07-01,"jul 2024"
"LM",202408,0,19,"Sur",8,"Mar-Aug (Reproductive)",-82.923825,8.735344,1163,79.525749206543,0,"2024",8,2024-08-01,"ago 2024"
"SD",202306,0,28,"Sur",6,"Mar-Aug (Reproductive)",-82.974064,8.74185,1301,47.4212875366211,0,"2023",6,2023-06-01,"jun 2023"
"SD",202307,0,6,"Sur",7,"Mar-Aug (Reproductive)",-82.974064,8.74185,1301,47.4212875366211,0,"2023",7,2023-07-01,"jul 2023"
"SD",202308,0,30,"Sur",8,"Mar-Aug (Reproductive)",-82.974064,8.74185,1301,47.4212875366211,0,"2023",8,2023-08-01,"ago 2023"
"SD",202309,0,30,"Sur",9,"Set-Feb (Non-Reproductive)",-82.974064,8.74185,1301,47.4212875366211,0,"2023",9,2023-09-01,"sept 2023"
"SD",202310,0,24,"Sur",10,"Set-Feb (Non-Reproductive)",-82.974064,8.74185,1301,47.4212875366211,0,"2023",10,2023-10-01,"oct 2023"
"SD",202311,0,16,"Sur",11,"Set-Feb (Non-Reproductive)",-82.974064,8.74185,1301,47.4212875366211,0,"2023",11,2023-11-01,"nov 2023"
"SD",202312,0,31,"Sur",12,"Set-Feb (Non-Reproductive)",-82.974064,8.74185,1301,47.4212875366211,0,"2023",12,2023-12-01,"dic 2023"
"SD",202401,0,34,"Sur",1,"Set-Feb (Non-Reproductive)",-82.974064,8.74185,1301,47.4212875366211,0,"2024",1,2024-01-01,"ene 2024"
"SD",202402,0,29,"Sur",2,"Set-Feb (Non-Reproductive)",-82.974064,8.74185,1301,47.4212875366211,0,"2024",2,2024-02-01,"feb 2024"
"SD",202403,0,31,"Sur",3,"Mar-Aug (Reproductive)",-82.974064,8.74185,1301,47.4212875366211,0,"2024",3,2024-03-01,"mar 2024"
"SD",202404,0,29,"Sur",4,"Mar-Aug (Reproductive)",-82.974064,8.74185,1301,47.4212875366211,0,"2024",4,2024-04-01,"abr 2024"
"SD",202405,0,11,"Sur",5,"Mar-Aug (Reproductive)",-82.974064,8.74185,1301,47.4212875366211,0,"2024",5,2024-05-01,"may 2024"
"SD",202406,0,29,"Sur",6,"Mar-Aug (Reproductive)",-82.974064,8.74185,1301,47.4212875366211,0,"2024",6,2024-06-01,"jun 2024"
"SD",202407,0,31,"Sur",7,"Mar-Aug (Reproductive)",-82.974064,8.74185,1301,47.4212875366211,0,"2024",7,2024-07-01,"jul 2024"
"SD",202408,0,19,"Sur",8,"Mar-Aug (Reproductive)",-82.974064,8.74185,1301,47.4212875366211,0,"2024",8,2024-08-01,"ago 2024"
"BQ",202308,0,30,"Sur",8,"Mar-Aug (Reproductive)",-82.962024,8.700314,902,10.1018762588501,0,"2023",8,2023-08-01,"ago 2023"
"BQ",202309,0,30,"Sur",9,"Set-Feb (Non-Reproductive)",-82.962024,8.700314,902,10.1018762588501,0,"2023",9,2023-09-01,"sept 2023"
"BQ",202310,0,31,"Sur",10,"Set-Feb (Non-Reproductive)",-82.962024,8.700314,902,10.1018762588501,0,"2023",10,2023-10-01,"oct 2023"
"BQ",202311,0,29,"Sur",11,"Set-Feb (Non-Reproductive)",-82.962024,8.700314,902,10.1018762588501,0,"2023",11,2023-11-01,"nov 2023"
"BQ",202312,0,31,"Sur",12,"Set-Feb (Non-Reproductive)",-82.962024,8.700314,902,10.1018762588501,0,"2023",12,2023-12-01,"dic 2023"
"BQ",202401,0,31,"Sur",1,"Set-Feb (Non-Reproductive)",-82.962024,8.700314,902,10.1018762588501,0,"2024",1,2024-01-01,"ene 2024"
"BQ",202402,0,29,"Sur",2,"Set-Feb (Non-Reproductive)",-82.962024,8.700314,902,10.1018762588501,0,"2024",2,2024-02-01,"feb 2024"
"BQ",202403,0,31,"Sur",3,"Mar-Aug (Reproductive)",-82.962024,8.700314,902,10.1018762588501,0,"2024",3,2024-03-01,"mar 2024"
"BQ",202404,0,29,"Sur",4,"Mar-Aug (Reproductive)",-82.962024,8.700314,902,10.1018762588501,0,"2024",4,2024-04-01,"abr 2024"
"BQ",202405,0,31,"Sur",5,"Mar-Aug (Reproductive)",-82.962024,8.700314,902,10.1018762588501,0,"2024",5,2024-05-01,"may 2024"
"BQ",202406,0,29,"Sur",6,"Mar-Aug (Reproductive)",-82.962024,8.700314,902,10.1018762588501,0,"2024",6,2024-06-01,"jun 2024"
"BQ",202407,0,31,"Sur",7,"Mar-Aug (Reproductive)",-82.962024,8.700314,902,10.1018762588501,0,"2024",7,2024-07-01,"jul 2024"
"BQ",202408,0,19,"Sur",8,"Mar-Aug (Reproductive)",-82.962024,8.700314,902,10.1018762588501,0,"2024",8,2024-08-01,"ago 2024"
"LU",202306,0,28,"Sur",6,"Mar-Aug (Reproductive)",-82.951838,8.660137,78,108.690498352051,0,"2023",6,2023-06-01,"jun 2023"
"LU",202307,0,6,"Sur",7,"Mar-Aug (Reproductive)",-82.951838,8.660137,78,108.690498352051,0,"2023",7,2023-07-01,"jul 2023"
"LU",202308,0,31,"Sur",8,"Mar-Aug (Reproductive)",-82.951838,8.660137,78,108.690498352051,0,"2023",8,2023-08-01,"ago 2023"
"LU",202309,0,30,"Sur",9,"Set-Feb (Non-Reproductive)",-82.951838,8.660137,78,108.690498352051,0,"2023",9,2023-09-01,"sept 2023"
"LU",202310,0,31,"Sur",10,"Set-Feb (Non-Reproductive)",-82.951838,8.660137,78,108.690498352051,0,"2023",10,2023-10-01,"oct 2023"
"LU",202311,0,29,"Sur",11,"Set-Feb (Non-Reproductive)",-82.951838,8.660137,78,108.690498352051,0,"2023",11,2023-11-01,"nov 2023"
"LU",202312,0,31,"Sur",12,"Set-Feb (Non-Reproductive)",-82.951838,8.660137,78,108.690498352051,0,"2023",12,2023-12-01,"dic 2023"
"LU",202401,0,31,"Sur",1,"Set-Feb (Non-Reproductive)",-82.951838,8.660137,78,108.690498352051,0,"2024",1,2024-01-01,"ene 2024"
"LU",202402,0,29,"Sur",2,"Set-Feb (Non-Reproductive)",-82.951838,8.660137,78,108.690498352051,0,"2024",2,2024-02-01,"feb 2024"
"LU",202403,0,29,"Sur",3,"Mar-Aug (Reproductive)",-82.951838,8.660137,78,108.690498352051,0,"2024",3,2024-03-01,"mar 2024"
"LU",202404,0,29,"Sur",4,"Mar-Aug (Reproductive)",-82.951838,8.660137,78,108.690498352051,0,"2024",4,2024-04-01,"abr 2024"
"LU",202405,0,31,"Sur",5,"Mar-Aug (Reproductive)",-82.951838,8.660137,78,108.690498352051,0,"2024",5,2024-05-01,"may 2024"
"LU",202406,0,29,"Sur",6,"Mar-Aug (Reproductive)",-82.951838,8.660137,78,108.690498352051,0,"2024",6,2024-06-01,"jun 2024"
"LU",202407,0,31,"Sur",7,"Mar-Aug (Reproductive)",-82.951838,8.660137,78,108.690498352051,0,"2024",7,2024-07-01,"jul 2024"
"LU",202408,0,19,"Sur",8,"Mar-Aug (Reproductive)",-82.951838,8.660137,78,108.690498352051,0,"2024",8,2024-08-01,"ago 2024"
"EF",202306,0,28,"Sur",6,"Mar-Aug (Reproductive)",-83.142097,8.664571,160,8.90315055847168,0,"2023",6,2023-06-01,"jun 2023"
"EF",202307,0,6,"Sur",7,"Mar-Aug (Reproductive)",-83.142097,8.664571,160,8.90315055847168,0,"2023",7,2023-07-01,"jul 2023"
"EF",202308,0,27,"Sur",8,"Mar-Aug (Reproductive)",-83.142097,8.664571,160,8.90315055847168,0,"2023",8,2023-08-01,"ago 2023"
"EF",202309,0,29,"Sur",9,"Set-Feb (Non-Reproductive)",-83.142097,8.664571,160,8.90315055847168,0,"2023",9,2023-09-01,"sept 2023"
"EF",202310,0,31,"Sur",10,"Set-Feb (Non-Reproductive)",-83.142097,8.664571,160,8.90315055847168,0,"2023",10,2023-10-01,"oct 2023"
"EF",202311,0,29,"Sur",11,"Set-Feb (Non-Reproductive)",-83.142097,8.664571,160,8.90315055847168,0,"2023",11,2023-11-01,"nov 2023"
"EF",202312,0,31,"Sur",12,"Set-Feb (Non-Reproductive)",-83.142097,8.664571,160,8.90315055847168,0,"2023",12,2023-12-01,"dic 2023"
"EF",202401,0,30,"Sur",1,"Set-Feb (Non-Reproductive)",-83.142097,8.664571,160,8.90315055847168,0,"2024",1,2024-01-01,"ene 2024"
"EF",202402,0,29,"Sur",2,"Set-Feb (Non-Reproductive)",-83.142097,8.664571,160,8.90315055847168,0,"2024",2,2024-02-01,"feb 2024"
"EF",202403,0,31,"Sur",3,"Mar-Aug (Reproductive)",-83.142097,8.664571,160,8.90315055847168,0,"2024",3,2024-03-01,"mar 2024"
"EF",202404,0,30,"Sur",4,"Mar-Aug (Reproductive)",-83.142097,8.664571,160,8.90315055847168,0,"2024",4,2024-04-01,"abr 2024"
"EF",202405,0,30,"Sur",5,"Mar-Aug (Reproductive)",-83.142097,8.664571,160,8.90315055847168,0,"2024",5,2024-05-01,"may 2024"
"EF",202406,0,29,"Sur",6,"Mar-Aug (Reproductive)",-83.142097,8.664571,160,8.90315055847168,0,"2024",6,2024-06-01,"jun 2024"
"EF",202407,0,31,"Sur",7,"Mar-Aug (Reproductive)",-83.142097,8.664571,160,8.90315055847168,0,"2024",7,2024-07-01,"jul 2024"
"EF",202408,0,20,"Sur",8,"Mar-Aug (Reproductive)",-83.142097,8.664571,160,8.90315055847168,0,"2024",8,2024-08-01,"ago 2024"
"FM",202306,0,28,"Sur",6,"Mar-Aug (Reproductive)",-83.02648,8.672788,78,56.0470581054688,0,"2023",6,2023-06-01,"jun 2023"
"FM",202307,0,6,"Sur",7,"Mar-Aug (Reproductive)",-83.02648,8.672788,78,56.0470581054688,0,"2023",7,2023-07-01,"jul 2023"
"FM",202308,0,29,"Sur",8,"Mar-Aug (Reproductive)",-83.02648,8.672788,78,56.0470581054688,0,"2023",8,2023-08-01,"ago 2023"
"FM",202309,0,30,"Sur",9,"Set-Feb (Non-Reproductive)",-83.02648,8.672788,78,56.0470581054688,0,"2023",9,2023-09-01,"sept 2023"
"FM",202310,0,31,"Sur",10,"Set-Feb (Non-Reproductive)",-83.02648,8.672788,78,56.0470581054688,0,"2023",10,2023-10-01,"oct 2023"
"FM",202311,0,29,"Sur",11,"Set-Feb (Non-Reproductive)",-83.02648,8.672788,78,56.0470581054688,0,"2023",11,2023-11-01,"nov 2023"
"FM",202312,0,31,"Sur",12,"Set-Feb (Non-Reproductive)",-83.02648,8.672788,78,56.0470581054688,0,"2023",12,2023-12-01,"dic 2023"
"FM",202401,0,30,"Sur",1,"Set-Feb (Non-Reproductive)",-83.02648,8.672788,78,56.0470581054688,0,"2024",1,2024-01-01,"ene 2024"
"FM",202402,0,29,"Sur",2,"Set-Feb (Non-Reproductive)",-83.02648,8.672788,78,56.0470581054688,0,"2024",2,2024-02-01,"feb 2024"
"FM",202403,0,31,"Sur",3,"Mar-Aug (Reproductive)",-83.02648,8.672788,78,56.0470581054688,0,"2024",3,2024-03-01,"mar 2024"
"FM",202404,0,30,"Sur",4,"Mar-Aug (Reproductive)",-83.02648,8.672788,78,56.0470581054688,0,"2024",4,2024-04-01,"abr 2024"
"FM",202405,0,30,"Sur",5,"Mar-Aug (Reproductive)",-83.02648,8.672788,78,56.0470581054688,0,"2024",5,2024-05-01,"may 2024"
"FM",202406,0,29,"Sur",6,"Mar-Aug (Reproductive)",-83.02648,8.672788,78,56.0470581054688,0,"2024",6,2024-06-01,"jun 2024"
"FM",202407,0,31,"Sur",7,"Mar-Aug (Reproductive)",-83.02648,8.672788,78,56.0470581054688,0,"2024",7,2024-07-01,"jul 2024"
"FM",202408,0,9,"Sur",8,"Mar-Aug (Reproductive)",-83.02648,8.672788,78,56.0470581054688,0,"2024",8,2024-08-01,"ago 2024"
"OE",202306,0,28,"Sur",6,"Mar-Aug (Reproductive)",-83.125516,8.672767,146,40.1018486022949,0,"2023",6,2023-06-01,"jun 2023"
"OE",202307,0,6,"Sur",7,"Mar-Aug (Reproductive)",-83.125516,8.672767,146,40.1018486022949,0,"2023",7,2023-07-01,"jul 2023"
"OE",202308,0,27,"Sur",8,"Mar-Aug (Reproductive)",-83.125516,8.672767,146,40.1018486022949,0,"2023",8,2023-08-01,"ago 2023"
"OE",202309,0,30,"Sur",9,"Set-Feb (Non-Reproductive)",-83.125516,8.672767,146,40.1018486022949,0,"2023",9,2023-09-01,"sept 2023"
"OE",202310,0,31,"Sur",10,"Set-Feb (Non-Reproductive)",-83.125516,8.672767,146,40.1018486022949,0,"2023",10,2023-10-01,"oct 2023"
"OE",202311,0,29,"Sur",11,"Set-Feb (Non-Reproductive)",-83.125516,8.672767,146,40.1018486022949,0,"2023",11,2023-11-01,"nov 2023"
"OE",202312,0,31,"Sur",12,"Set-Feb (Non-Reproductive)",-83.125516,8.672767,146,40.1018486022949,0,"2023",12,2023-12-01,"dic 2023"
"OE",202401,0,30,"Sur",1,"Set-Feb (Non-Reproductive)",-83.125516,8.672767,146,40.1018486022949,0,"2024",1,2024-01-01,"ene 2024"
"OE",202402,0,29,"Sur",2,"Set-Feb (Non-Reproductive)",-83.125516,8.672767,146,40.1018486022949,0,"2024",2,2024-02-01,"feb 2024"
"OE",202403,0,31,"Sur",3,"Mar-Aug (Reproductive)",-83.125516,8.672767,146,40.1018486022949,0,"2024",3,2024-03-01,"mar 2024"
"OE",202404,0,30,"Sur",4,"Mar-Aug (Reproductive)",-83.125516,8.672767,146,40.1018486022949,0,"2024",4,2024-04-01,"abr 2024"
"OE",202405,0,30,"Sur",5,"Mar-Aug (Reproductive)",-83.125516,8.672767,146,40.1018486022949,0,"2024",5,2024-05-01,"may 2024"
"OE",202406,0,29,"Sur",6,"Mar-Aug (Reproductive)",-83.125516,8.672767,146,40.1018486022949,0,"2024",6,2024-06-01,"jun 2024"
"OE",202407,0,31,"Sur",7,"Mar-Aug (Reproductive)",-83.125516,8.672767,146,40.1018486022949,0,"2024",7,2024-07-01,"jul 2024"
"OE",202408,0,20,"Sur",8,"Mar-Aug (Reproductive)",-83.125516,8.672767,146,40.1018486022949,0,"2024",8,2024-08-01,"ago 2024"
"FC",202306,0,28,"Sur",6,"Mar-Aug (Reproductive)",-82.94086,8.678668,497,50.1893997192383,0,"2023",6,2023-06-01,"jun 2023"
"FC",202307,0,6,"Sur",7,"Mar-Aug (Reproductive)",-82.94086,8.678668,497,50.1893997192383,0,"2023",7,2023-07-01,"jul 2023"
"FC",202308,0,30,"Sur",8,"Mar-Aug (Reproductive)",-82.94086,8.678668,497,50.1893997192383,0,"2023",8,2023-08-01,"ago 2023"
"FC",202309,0,30,"Sur",9,"Set-Feb (Non-Reproductive)",-82.94086,8.678668,497,50.1893997192383,0,"2023",9,2023-09-01,"sept 2023"
"FC",202310,0,31,"Sur",10,"Set-Feb (Non-Reproductive)",-82.94086,8.678668,497,50.1893997192383,0,"2023",10,2023-10-01,"oct 2023"
"FC",202311,0,29,"Sur",11,"Set-Feb (Non-Reproductive)",-82.94086,8.678668,497,50.1893997192383,0,"2023",11,2023-11-01,"nov 2023"
"FC",202312,0,31,"Sur",12,"Set-Feb (Non-Reproductive)",-82.94086,8.678668,497,50.1893997192383,0,"2023",12,2023-12-01,"dic 2023"
"FC",202401,0,31,"Sur",1,"Set-Feb (Non-Reproductive)",-82.94086,8.678668,497,50.1893997192383,0,"2024",1,2024-01-01,"ene 2024"
"FC",202402,0,29,"Sur",2,"Set-Feb (Non-Reproductive)",-82.94086,8.678668,497,50.1893997192383,0,"2024",2,2024-02-01,"feb 2024"
"FC",202403,0,31,"Sur",3,"Mar-Aug (Reproductive)",-82.94086,8.678668,497,50.1893997192383,0,"2024",3,2024-03-01,"mar 2024"
"FC",202404,0,29,"Sur",4,"Mar-Aug (Reproductive)",-82.94086,8.678668,497,50.1893997192383,0,"2024",4,2024-04-01,"abr 2024"
"FC",202405,0,31,"Sur",5,"Mar-Aug (Reproductive)",-82.94086,8.678668,497,50.1893997192383,0,"2024",5,2024-05-01,"may 2024"
"FC",202406,0,29,"Sur",6,"Mar-Aug (Reproductive)",-82.94086,8.678668,497,50.1893997192383,0,"2024",6,2024-06-01,"jun 2024"
"FC",202407,0,31,"Sur",7,"Mar-Aug (Reproductive)",-82.94086,8.678668,497,50.1893997192383,0,"2024",7,2024-07-01,"jul 2024"
"FC",202408,0,19,"Sur",8,"Mar-Aug (Reproductive)",-82.94086,8.678668,497,50.1893997192383,0,"2024",8,2024-08-01,"ago 2024"
