"site","xcoord","ycoord","elevacion","season","month","month_num","month_date","month_lab","pred"
"PP",-82.961005,9.024058,1606.2736,"Mar-Aug (Reproductive)",202305,5,2023-05-01,"may 2023",0.0102305193507036
"PP",-82.961005,9.024058,1606.2736,"Mar-Aug (Reproductive)",202306,6,2023-06-01,"jun 2023",0.0295649041573916
"PP",-82.961005,9.024058,1606.2736,"Mar-Aug (Reproductive)",202307,7,2023-07-01,"jul 2023",0.0387734511713921
"PP",-82.961005,9.024058,1606.2736,"Mar-Aug (Reproductive)",202308,8,2023-08-01,"ago 2023",0.00464315072723376
"PP",-82.961005,9.024058,1606.2736,"Set-Feb (Non-Reproductive)",202309,9,2023-09-01,"sept 2023",0.000298875781011858
"PP",-82.961005,9.024058,1606.2736,"Set-Feb (Non-Reproductive)",202310,10,2023-10-01,"oct 2023",3.53109048282142e-05
"PP",-82.961005,9.024058,1606.2736,"Set-Feb (Non-Reproductive)",202311,11,2023-11-01,"nov 2023",0.000160839115386515
"PP",-82.961005,9.024058,1606.2736,"Set-Feb (Non-Reproductive)",202312,12,2023-12-01,"dic 2023",0.00213486352252074
"PP",-82.961005,9.024058,1606.2736,"Set-Feb (Non-Reproductive)",202401,1,2024-01-01,"ene 2024",0.00213486352252074
"PP",-82.961005,9.024058,1606.2736,"Set-Feb (Non-Reproductive)",202402,2,2024-02-01,"feb 2024",0.00710927183102752
"PP",-82.961005,9.024058,1606.2736,"Mar-Aug (Reproductive)",202403,3,2024-03-01,"mar 2024",0.00284616436018239
"PP",-82.961005,9.024058,1606.2736,"Mar-Aug (Reproductive)",202404,4,2024-04-01,"abr 2024",0.00441275837868336
"PP",-82.961005,9.024058,1606.2736,"Mar-Aug (Reproductive)",202405,5,2024-05-01,"may 2024",0.0102305193507036
"PP",-82.961005,9.024058,1606.2736,"Mar-Aug (Reproductive)",202406,6,2024-06-01,"jun 2024",0.0295649041573916
"PP",-82.961005,9.024058,1606.2736,"Mar-Aug (Reproductive)",202407,7,2024-07-01,"jul 2024",0.0387734511713921
"PA",-82.890607,8.935903,1218.9694,"Mar-Aug (Reproductive)",202305,5,2023-05-01,"may 2023",0.0747176711070528
"PA",-82.890607,8.935903,1218.9694,"Mar-Aug (Reproductive)",202306,6,2023-06-01,"jun 2023",0.192252157976666
"PA",-82.890607,8.935903,1218.9694,"Mar-Aug (Reproductive)",202307,7,2023-07-01,"jul 2023",0.239620737789091
"PA",-82.890607,8.935903,1218.9694,"Mar-Aug (Reproductive)",202308,8,2023-08-01,"ago 2023",0.035162018657831
"PA",-82.890607,8.935903,1218.9694,"Set-Feb (Non-Reproductive)",202309,9,2023-09-01,"sept 2023",0.000500730118063852
"PA",-82.890607,8.935903,1218.9694,"Set-Feb (Non-Reproductive)",202310,10,2023-10-01,"oct 2023",5.91696736110137e-05
"PA",-82.890607,8.935903,1218.9694,"Set-Feb (Non-Reproductive)",202311,11,2023-11-01,"nov 2023",0.000269491559781365
"PA",-82.890607,8.935903,1218.9694,"Set-Feb (Non-Reproductive)",202312,12,2023-12-01,"dic 2023",0.00357227397975357
"PA",-82.890607,8.935903,1218.9694,"Set-Feb (Non-Reproductive)",202401,1,2024-01-01,"ene 2024",0.00357227397975358
"PA",-82.890607,8.935903,1218.9694,"Set-Feb (Non-Reproductive)",202402,2,2024-02-01,"feb 2024",0.0118561726992976
"PA",-82.890607,8.935903,1218.9694,"Mar-Aug (Reproductive)",202404,4,2024-04-01,"abr 2024",0.0334682039763458
"PA",-82.890607,8.935903,1218.9694,"Mar-Aug (Reproductive)",202405,5,2024-05-01,"may 2024",0.0747176711070528
"PA",-82.890607,8.935903,1218.9694,"Mar-Aug (Reproductive)",202406,6,2024-06-01,"jun 2024",0.192252157976666
"PA",-82.890607,8.935903,1218.9694,"Mar-Aug (Reproductive)",202407,7,2024-07-01,"jul 2024",0.239620737789091
"FG",-82.950144,8.908669,934.9799,"Mar-Aug (Reproductive)",202305,5,2023-05-01,"may 2023",8.73858770872338e-05
"FG",-82.950144,8.908669,934.9799,"Mar-Aug (Reproductive)",202306,6,2023-06-01,"jun 2023",0.000257521626085629
"FG",-82.950144,8.908669,934.9799,"Mar-Aug (Reproductive)",202307,7,2023-07-01,"jul 2023",0.000340938611290634
"FG",-82.950144,8.908669,934.9799,"Mar-Aug (Reproductive)",202308,8,2023-08-01,"ago 2023",3.94395929177242e-05
"FG",-82.950144,8.908669,934.9799,"Set-Feb (Non-Reproductive)",202309,9,2023-09-01,"sept 2023",9.9679172566123e-06
"FG",-82.950144,8.908669,934.9799,"Set-Feb (Non-Reproductive)",202310,10,2023-10-01,"oct 2023",1.17736705810848e-06
"FG",-82.950144,8.908669,934.9799,"Set-Feb (Non-Reproductive)",202311,11,2023-11-01,"nov 2023",5.36348923665801e-06
"FG",-82.950144,8.908669,934.9799,"Set-Feb (Non-Reproductive)",202312,12,2023-12-01,"dic 2023",7.1327253057715e-05
"FG",-82.950144,8.908669,934.9799,"Set-Feb (Non-Reproductive)",202401,1,2024-01-01,"ene 2024",7.13272530577153e-05
"FG",-82.950144,8.908669,934.9799,"Set-Feb (Non-Reproductive)",202402,2,2024-02-01,"feb 2024",0.000238675701110981
"FG",-82.950144,8.908669,934.9799,"Mar-Aug (Reproductive)",202403,3,2024-03-01,"mar 2024",2.41325331130803e-05
"FG",-82.950144,8.908669,934.9799,"Mar-Aug (Reproductive)",202404,4,2024-04-01,"abr 2024",3.74740067111649e-05
"FG",-82.950144,8.908669,934.9799,"Mar-Aug (Reproductive)",202405,5,2024-05-01,"may 2024",8.73858770872338e-05
"FG",-82.950144,8.908669,934.9799,"Mar-Aug (Reproductive)",202406,6,2024-06-01,"jun 2024",0.000257521626085629
"FG",-82.950144,8.908669,934.9799,"Mar-Aug (Reproductive)",202407,7,2024-07-01,"jul 2024",0.000340938611290634
"CA",-82.958869,8.815557,1181.7847,"Mar-Aug (Reproductive)",202305,5,2023-05-01,"may 2023",0.00199471813901811
"CA",-82.958869,8.815557,1181.7847,"Mar-Aug (Reproductive)",202306,6,2023-06-01,"jun 2023",0.00585658023677111
"CA",-82.958869,8.815557,1181.7847,"Mar-Aug (Reproductive)",202307,7,2023-07-01,"jul 2023",0.00773961625368646
"CA",-82.958869,8.815557,1181.7847,"Mar-Aug (Reproductive)",202308,8,2023-08-01,"ago 2023",0.000901213064345978
"CA",-82.958869,8.815557,1181.7847,"Set-Feb (Non-Reproductive)",202309,9,2023-09-01,"sept 2023",1.44663450999784e-05
"CA",-82.958869,8.815557,1181.7847,"Set-Feb (Non-Reproductive)",202310,10,2023-10-01,"oct 2023",1.70870858000978e-06
"CA",-82.958869,8.815557,1181.7847,"Set-Feb (Non-Reproductive)",202311,11,2023-11-01,"nov 2023",7.78399794753173e-06
"CA",-82.958869,8.815557,1181.7847,"Set-Feb (Non-Reproductive)",202312,12,2023-12-01,"dic 2023",0.000103513708933209
"CA",-82.958869,8.815557,1181.7847,"Set-Feb (Non-Reproductive)",202401,1,2024-01-01,"ene 2024",0.000103513708933209
"CA",-82.958869,8.815557,1181.7847,"Set-Feb (Non-Reproductive)",202402,2,2024-02-01,"feb 2024",0.000346352064428063
"CA",-82.958869,8.815557,1181.7847,"Mar-Aug (Reproductive)",202403,3,2024-03-01,"mar 2024",0.000551624126643422
"CA",-82.958869,8.815557,1181.7847,"Mar-Aug (Reproductive)",202404,4,2024-04-01,"abr 2024",0.000856335284366998
"CA",-82.958869,8.815557,1181.7847,"Mar-Aug (Reproductive)",202405,5,2024-05-01,"may 2024",0.00199471813901811
"CA",-82.958869,8.815557,1181.7847,"Mar-Aug (Reproductive)",202406,6,2024-06-01,"jun 2024",0.00585658023677111
"CA",-82.958869,8.815557,1181.7847,"Mar-Aug (Reproductive)",202407,7,2024-07-01,"jul 2024",0.00773961625368646
"CA",-82.958869,8.815557,1181.7847,"Mar-Aug (Reproductive)",202408,8,2024-08-01,"ago 2024",0.000901213064345978
"LL",-82.820132,8.891885,1238.5903,"Mar-Aug (Reproductive)",202305,5,2023-05-01,"may 2023",0.0388122583846874
"LL",-82.820132,8.891885,1238.5903,"Mar-Aug (Reproductive)",202306,6,2023-06-01,"jun 2023",0.106358100328286
"LL",-82.820132,8.891885,1238.5903,"Mar-Aug (Reproductive)",202307,7,2023-07-01,"jul 2023",0.136130085761952
"LL",-82.820132,8.891885,1238.5903,"Mar-Aug (Reproductive)",202308,8,2023-08-01,"ago 2023",0.0178973173025039
"LL",-82.820132,8.891885,1238.5903,"Set-Feb (Non-Reproductive)",202309,9,2023-09-01,"sept 2023",0.000237784816682464
"LL",-82.820132,8.891885,1238.5903,"Set-Feb (Non-Reproductive)",202310,10,2023-10-01,"oct 2023",2.80917528692209e-05
"LL",-82.820132,8.891885,1238.5903,"Set-Feb (Non-Reproductive)",202311,11,2023-11-01,"nov 2023",0.000127959582602512
"LL",-82.820132,8.891885,1238.5903,"Set-Feb (Non-Reproductive)",202312,12,2023-12-01,"dic 2023",0.00169912986877199
"LL",-82.820132,8.891885,1238.5903,"Set-Feb (Non-Reproductive)",202401,1,2024-01-01,"ene 2024",0.00169912986877199
"LL",-82.820132,8.891885,1238.5903,"Set-Feb (Non-Reproductive)",202402,2,2024-02-01,"feb 2024",0.00566400572237473
"LL",-82.820132,8.891885,1238.5903,"Mar-Aug (Reproductive)",202403,3,2024-03-01,"mar 2024",0.0110275509423689
"LL",-82.820132,8.891885,1238.5903,"Mar-Aug (Reproductive)",202404,4,2024-04-01,"abr 2024",0.0170205015469254
"LL",-82.820132,8.891885,1238.5903,"Mar-Aug (Reproductive)",202405,5,2024-05-01,"may 2024",0.0388122583846874
"LL",-82.820132,8.891885,1238.5903,"Mar-Aug (Reproductive)",202406,6,2024-06-01,"jun 2024",0.106358100328286
"LL",-82.820132,8.891885,1238.5903,"Mar-Aug (Reproductive)",202407,7,2024-07-01,"jul 2024",0.136130085761952
"BO",-83.043824,8.917849,465.5179,"Mar-Aug (Reproductive)",202305,5,2023-05-01,"may 2023",6.12323534011945e-09
"BO",-83.043824,8.917849,465.5179,"Mar-Aug (Reproductive)",202306,6,2023-06-01,"jun 2023",1.80479261152684e-08
"BO",-83.043824,8.917849,465.5179,"Mar-Aug (Reproductive)",202307,7,2023-07-01,"jul 2023",2.38960447063248e-08
"BO",-83.043824,8.917849,465.5179,"Mar-Aug (Reproductive)",202308,8,2023-08-01,"ago 2023",2.7634480379472e-09
"BO",-83.043824,8.917849,465.5179,"Set-Feb (Non-Reproductive)",202309,9,2023-09-01,"sept 2023",1.0821222815581e-05
"BO",-83.043824,8.917849,465.5179,"Set-Feb (Non-Reproductive)",202310,10,2023-10-01,"oct 2023",1.278156763455e-06
"BO",-83.043824,8.917849,465.5179,"Set-Feb (Non-Reproductive)",202311,11,2023-11-01,"nov 2023",5.82263410519485e-06
"BO",-83.043824,8.917849,465.5179,"Set-Feb (Non-Reproductive)",202312,12,2023-12-01,"dic 2023",7.74328301491475e-05
"BO",-83.043824,8.917849,465.5179,"Set-Feb (Non-Reproductive)",202401,1,2024-01-01,"ene 2024",7.74328301491477e-05
"BO",-83.043824,8.917849,465.5179,"Set-Feb (Non-Reproductive)",202402,2,2024-02-01,"feb 2024",0.000259102509537753
"BO",-83.043824,8.917849,465.5179,"Mar-Aug (Reproductive)",202403,3,2024-03-01,"mar 2024",1.69088916955906e-09
"BO",-83.043824,8.917849,465.5179,"Mar-Aug (Reproductive)",202404,4,2024-04-01,"abr 2024",2.62571844977004e-09
"BO",-83.043824,8.917849,465.5179,"Mar-Aug (Reproductive)",202405,5,2024-05-01,"may 2024",6.12323534011945e-09
"BO",-83.043824,8.917849,465.5179,"Mar-Aug (Reproductive)",202406,6,2024-06-01,"jun 2024",1.80479261152684e-08
"BO",-83.043824,8.917849,465.5179,"Mar-Aug (Reproductive)",202407,7,2024-07-01,"jul 2024",2.38960447063248e-08
"BM",-83.043052,8.832465,819.7096,"Mar-Aug (Reproductive)",202305,5,2023-05-01,"may 2023",1.42414510871755e-05
"BM",-83.043052,8.832465,819.7096,"Mar-Aug (Reproductive)",202306,6,2023-06-01,"jun 2023",4.19747923146907e-05
"BM",-83.043052,8.832465,819.7096,"Mar-Aug (Reproductive)",202307,7,2023-07-01,"jul 2023",5.55752428781621e-05
"BM",-83.043052,8.832465,819.7096,"Mar-Aug (Reproductive)",202308,8,2023-08-01,"ago 2023",6.42729133876532e-06
"BM",-83.043052,8.832465,819.7096,"Set-Feb (Non-Reproductive)",202309,9,2023-09-01,"sept 2023",1.28818816318188e-05
"BM",-83.043052,8.832465,819.7096,"Set-Feb (Non-Reproductive)",202310,10,2023-10-01,"oct 2023",1.52155577387719e-06
"BM",-83.043052,8.832465,819.7096,"Set-Feb (Non-Reproductive)",202311,11,2023-11-01,"nov 2023",6.93143057896332e-06
"BM",-83.043052,8.832465,819.7096,"Set-Feb (Non-Reproductive)",202312,12,2023-12-01,"dic 2023",9.21770040867697e-05
"BM",-83.043052,8.832465,819.7096,"Set-Feb (Non-Reproductive)",202401,1,2024-01-01,"ene 2024",9.21770040867699e-05
"BM",-83.043052,8.832465,819.7096,"Set-Feb (Non-Reproductive)",202402,2,2024-02-01,"feb 2024",0.000308428179937457
"BM",-83.043052,8.832465,819.7096,"Mar-Aug (Reproductive)",202403,3,2024-03-01,"mar 2024",3.93271893091829e-06
"BM",-83.043052,8.832465,819.7096,"Mar-Aug (Reproductive)",202404,4,2024-04-01,"abr 2024",6.10695863364496e-06
"BM",-83.043052,8.832465,819.7096,"Mar-Aug (Reproductive)",202405,5,2024-05-01,"may 2024",1.42414510871755e-05
"BM",-83.043052,8.832465,819.7096,"Mar-Aug (Reproductive)",202406,6,2024-06-01,"jun 2024",4.19747923146907e-05
"BM",-83.043052,8.832465,819.7096,"Mar-Aug (Reproductive)",202407,7,2024-07-01,"jul 2024",5.55752428781621e-05
"LJ",-82.991688,8.786725,1418.1248,"Mar-Aug (Reproductive)",202305,5,2023-05-01,"may 2023",0.000507781942604468
"LJ",-82.991688,8.786725,1418.1248,"Mar-Aug (Reproductive)",202306,6,2023-06-01,"jun 2023",0.00149518302610718
"LJ",-82.991688,8.786725,1418.1248,"Mar-Aug (Reproductive)",202307,7,2023-07-01,"jul 2023",0.00197871259768854
"LJ",-82.991688,8.786725,1418.1248,"Mar-Aug (Reproductive)",202308,8,2023-08-01,"ago 2023",0.000229228504729906
"LJ",-82.991688,8.786725,1418.1248,"Set-Feb (Non-Reproductive)",202309,9,2023-09-01,"sept 2023",4.11644598347104e-06
"LJ",-82.991688,8.786725,1418.1248,"Set-Feb (Non-Reproductive)",202310,10,2023-10-01,"oct 2023",4.86214197277853e-07
"LJ",-82.991688,8.786725,1418.1248,"Set-Feb (Non-Reproductive)",202311,11,2023-11-01,"nov 2023",2.21495157713738e-06
"LJ",-82.991688,8.786725,1418.1248,"Set-Feb (Non-Reproductive)",202312,12,2023-12-01,"dic 2023",2.94570423524544e-05
"LJ",-82.991688,8.786725,1418.1248,"Set-Feb (Non-Reproductive)",202401,1,2024-01-01,"ene 2024",2.94570423524545e-05
"LJ",-82.991688,8.786725,1418.1248,"Set-Feb (Non-Reproductive)",202402,2,2024-02-01,"feb 2024",9.85790244092731e-05
"LJ",-82.991688,8.786725,1418.1248,"Mar-Aug (Reproductive)",202403,3,2024-03-01,"mar 2024",0.00014027203612867
"LJ",-82.991688,8.786725,1418.1248,"Mar-Aug (Reproductive)",202404,4,2024-04-01,"abr 2024",0.000217806299310293
"LJ",-82.991688,8.786725,1418.1248,"Mar-Aug (Reproductive)",202405,5,2024-05-01,"may 2024",0.000507781942604468
"LJ",-82.991688,8.786725,1418.1248,"Mar-Aug (Reproductive)",202406,6,2024-06-01,"jun 2024",0.00149518302610718
"LJ",-82.991688,8.786725,1418.1248,"Mar-Aug (Reproductive)",202407,7,2024-07-01,"jul 2024",0.00197871259768854
"AL",-83.010602,9.030033,1374.8015,"Mar-Aug (Reproductive)",202306,6,2023-06-01,"jun 2023",0.00163291181124568
"AL",-83.010602,9.030033,1374.8015,"Mar-Aug (Reproductive)",202307,7,2023-07-01,"jul 2023",0.00216088531887619
"AL",-83.010602,9.030033,1374.8015,"Mar-Aug (Reproductive)",202308,8,2023-08-01,"ago 2023",0.000250373129130886
"AL",-83.010602,9.030033,1374.8015,"Set-Feb (Non-Reproductive)",202310,10,2023-10-01,"oct 2023",4.39499570639307e-07
"AL",-83.010602,9.030033,1374.8015,"Set-Feb (Non-Reproductive)",202312,12,2023-12-01,"dic 2023",2.66269343317682e-05
"AL",-83.010602,9.030033,1374.8015,"Set-Feb (Non-Reproductive)",202402,2,2024-02-01,"feb 2024",8.91085605335843e-05
"AL",-83.010602,9.030033,1374.8015,"Mar-Aug (Reproductive)",202404,4,2024-04-01,"abr 2024",0.000237897560937135
"AL",-83.010602,9.030033,1374.8015,"Mar-Aug (Reproductive)",202405,5,2024-05-01,"may 2024",0.00055460679597403
"AL",-83.010602,9.030033,1374.8015,"Mar-Aug (Reproductive)",202406,6,2024-06-01,"jun 2024",0.00163291181124568
"AL",-83.010602,9.030033,1374.8015,"Mar-Aug (Reproductive)",202407,7,2024-07-01,"jul 2024",0.00216088531887619
"KK",-82.988805,8.952625,902.4761,"Mar-Aug (Reproductive)",202305,5,2023-05-01,"may 2023",5.90151395273802e-05
"KK",-82.988805,8.952625,902.4761,"Mar-Aug (Reproductive)",202306,6,2023-06-01,"jun 2023",0.000173924148674219
"KK",-82.988805,8.952625,902.4761,"Mar-Aug (Reproductive)",202307,7,2023-07-01,"jul 2023",0.000230268287747944
"KK",-82.988805,8.952625,902.4761,"Mar-Aug (Reproductive)",202308,8,2023-08-01,"ago 2023",2.66347025735916e-05
"KK",-82.988805,8.952625,902.4761,"Set-Feb (Non-Reproductive)",202309,9,2023-09-01,"sept 2023",1.16347328673336e-05
"KK",-82.988805,8.952625,902.4761,"Set-Feb (Non-Reproductive)",202310,10,2023-10-01,"oct 2023",1.37424609286048e-06
"KK",-82.988805,8.952625,902.4761,"Set-Feb (Non-Reproductive)",202311,11,2023-11-01,"nov 2023",6.26036622756416e-06
"KK",-82.988805,8.952625,902.4761,"Set-Feb (Non-Reproductive)",202312,12,2023-12-01,"dic 2023",8.32536024629144e-05
"KK",-82.988805,8.952625,902.4761,"Set-Feb (Non-Reproductive)",202401,1,2024-01-01,"ene 2024",8.32536024629146e-05
"KK",-82.988805,8.952625,902.4761,"Set-Feb (Non-Reproductive)",202402,2,2024-02-01,"feb 2024",0.000278575930642554
"KK",-82.988805,8.952625,902.4761,"Mar-Aug (Reproductive)",202403,3,2024-03-01,"mar 2024",1.62973195151734e-05
"KK",-82.988805,8.952625,902.4761,"Mar-Aug (Reproductive)",202404,4,2024-04-01,"abr 2024",2.53072689692341e-05
"KK",-82.988805,8.952625,902.4761,"Mar-Aug (Reproductive)",202405,5,2024-05-01,"may 2024",5.90151395273802e-05
"KK",-82.988805,8.952625,902.4761,"Mar-Aug (Reproductive)",202406,6,2024-06-01,"jun 2024",0.000173924148674219
"KK",-82.988805,8.952625,902.4761,"Mar-Aug (Reproductive)",202407,7,2024-07-01,"jul 2024",0.000230268287747944
"KK",-82.988805,8.952625,902.4761,"Mar-Aug (Reproductive)",202408,8,2024-08-01,"ago 2024",2.66347025735916e-05
"RA",-82.88685,8.930437,1211.2982,"Mar-Aug (Reproductive)",202305,5,2023-05-01,"may 2023",0.033152958504483
"RA",-82.88685,8.930437,1211.2982,"Mar-Aug (Reproductive)",202306,6,2023-06-01,"jun 2023",0.091790342671312
"RA",-82.88685,8.930437,1211.2982,"Mar-Aug (Reproductive)",202307,7,2023-07-01,"jul 2023",0.118023049371688
"RA",-82.88685,8.930437,1211.2982,"Mar-Aug (Reproductive)",202308,8,2023-08-01,"ago 2023",0.0152393192498678
"RA",-82.88685,8.930437,1211.2982,"Set-Feb (Non-Reproductive)",202309,9,2023-09-01,"sept 2023",0.000218237615441268
"RA",-82.88685,8.930437,1211.2982,"Set-Feb (Non-Reproductive)",202310,10,2023-10-01,"oct 2023",2.57820139314303e-05
"RA",-82.88685,8.930437,1211.2982,"Set-Feb (Non-Reproductive)",202311,11,2023-11-01,"nov 2023",0.000117439550570451
"RA",-82.88685,8.930437,1211.2982,"Set-Feb (Non-Reproductive)",202312,12,2023-12-01,"dic 2023",0.00155963958541139
"RA",-82.88685,8.930437,1211.2982,"Set-Feb (Non-Reproductive)",202401,1,2024-01-01,"ene 2024",0.00155963958541139
"RA",-82.88685,8.930437,1211.2982,"Set-Feb (Non-Reproductive)",202402,2,2024-02-01,"feb 2024",0.00520071414796055
"RA",-82.88685,8.930437,1211.2982,"Mar-Aug (Reproductive)",202403,3,2024-03-01,"mar 2024",0.00938006333081925
"RA",-82.88685,8.930437,1211.2982,"Mar-Aug (Reproductive)",202404,4,2024-04-01,"abr 2024",0.0144908013390387
"RA",-82.88685,8.930437,1211.2982,"Mar-Aug (Reproductive)",202405,5,2024-05-01,"may 2024",0.033152958504483
"RA",-82.88685,8.930437,1211.2982,"Mar-Aug (Reproductive)",202406,6,2024-06-01,"jun 2024",0.091790342671312
"RA",-82.88685,8.930437,1211.2982,"Mar-Aug (Reproductive)",202407,7,2024-07-01,"jul 2024",0.118023049371688
"ME",-82.977216,8.90988,884.7762,"Mar-Aug (Reproductive)",202305,5,2023-05-01,"may 2023",4.55130795164466e-05
"ME",-82.977216,8.90988,884.7762,"Mar-Aug (Reproductive)",202306,6,2023-06-01,"jun 2023",0.000134135609889848
"ME",-82.977216,8.90988,884.7762,"Mar-Aug (Reproductive)",202307,7,2023-07-01,"jul 2023",0.000177592218535225
"ME",-82.977216,8.90988,884.7762,"Mar-Aug (Reproductive)",202308,8,2023-08-01,"ago 2023",2.05408030009623e-05
"ME",-82.977216,8.90988,884.7762,"Set-Feb (Non-Reproductive)",202309,9,2023-09-01,"sept 2023",1.22485781681368e-05
"ME",-82.977216,8.90988,884.7762,"Set-Feb (Non-Reproductive)",202310,10,2023-10-01,"oct 2023",1.44675172132017e-06
"ME",-82.977216,8.90988,884.7762,"Set-Feb (Non-Reproductive)",202311,11,2023-11-01,"nov 2023",6.59066329385388e-06
"ME",-82.977216,8.90988,884.7762,"Set-Feb (Non-Reproductive)",202312,12,2023-12-01,"dic 2023",8.76457084119353e-05
"ME",-82.977216,8.90988,884.7762,"Set-Feb (Non-Reproductive)",202401,1,2024-01-01,"ene 2024",8.76457084119355e-05
"ME",-82.977216,8.90988,884.7762,"Set-Feb (Non-Reproductive)",202402,2,2024-02-01,"feb 2024",0.000293269389618702
"ME",-82.977216,8.90988,884.7762,"Mar-Aug (Reproductive)",202403,3,2024-03-01,"mar 2024",1.25685367390246e-05
"ME",-82.977216,8.90988,884.7762,"Mar-Aug (Reproductive)",202404,4,2024-04-01,"abr 2024",1.95170742782079e-05
"ME",-82.977216,8.90988,884.7762,"Mar-Aug (Reproductive)",202405,5,2024-05-01,"may 2024",4.55130795164466e-05
"ME",-82.977216,8.90988,884.7762,"Mar-Aug (Reproductive)",202406,6,2024-06-01,"jun 2024",0.000134135609889848
"ME",-82.977216,8.90988,884.7762,"Mar-Aug (Reproductive)",202407,7,2024-07-01,"jul 2024",0.000177592218535225
"LP",-82.957234,8.865002,904.8676,"Mar-Aug (Reproductive)",202305,5,2023-05-01,"may 2023",7.29662006417653e-05
"LP",-82.957234,8.865002,904.8676,"Mar-Aug (Reproductive)",202306,6,2023-06-01,"jun 2023",0.00021503362847101
"LP",-82.957234,8.865002,904.8676,"Mar-Aug (Reproductive)",202307,7,2023-07-01,"jul 2023",0.00028469172494864
"LP",-82.957234,8.865002,904.8676,"Mar-Aug (Reproductive)",202308,8,2023-08-01,"ago 2023",3.2931345158449e-05
"LP",-82.957234,8.865002,904.8676,"Set-Feb (Non-Reproductive)",202309,9,2023-09-01,"sept 2023",1.38024483729057e-05
"LP",-82.957234,8.865002,904.8676,"Set-Feb (Non-Reproductive)",202310,10,2023-10-01,"oct 2023",1.63029071880786e-06
"LP",-82.957234,8.865002,904.8676,"Set-Feb (Non-Reproductive)",202311,11,2023-11-01,"nov 2023",7.42676855242892e-06
"LP",-82.957234,8.865002,904.8676,"Set-Feb (Non-Reproductive)",202312,12,2023-12-01,"dic 2023",9.87636097701905e-05
"LP",-82.957234,8.865002,904.8676,"Set-Feb (Non-Reproductive)",202401,1,2024-01-01,"ene 2024",9.87636097701906e-05
"LP",-82.957234,8.865002,904.8676,"Set-Feb (Non-Reproductive)",202402,2,2024-02-01,"feb 2024",0.000330462136043769
"LP",-82.957234,8.865002,904.8676,"Mar-Aug (Reproductive)",202403,3,2024-03-01,"mar 2024",2.01501767949166e-05
"CE",-82.984711,8.86063,783.016,"Mar-Aug (Reproductive)",202305,5,2023-05-01,"may 2023",7.14383621863584e-06
"CE",-82.984711,8.86063,783.016,"Mar-Aug (Reproductive)",202306,6,2023-06-01,"jun 2023",2.10558028439111e-05
"CE",-82.984711,8.86063,783.016,"Mar-Aug (Reproductive)",202307,7,2023-07-01,"jul 2023",2.78783818683065e-05
"CE",-82.984711,8.86063,783.016,"Mar-Aug (Reproductive)",202308,8,2023-08-01,"ago 2023",3.22406316303956e-06
"CE",-82.984711,8.86063,783.016,"Set-Feb (Non-Reproductive)",202309,9,2023-09-01,"sept 2023",1.33141131910867e-05
"CE",-82.984711,8.86063,783.016,"Set-Feb (Non-Reproductive)",202310,10,2023-10-01,"oct 2023",1.57260981749636e-06
"CE",-82.984711,8.86063,783.016,"Set-Feb (Non-Reproductive)",202311,11,2023-11-01,"nov 2023",7.16400541225213e-06
"CE",-82.984711,8.86063,783.016,"Set-Feb (Non-Reproductive)",202312,12,2023-12-01,"dic 2023",9.52696070189345e-05
"CE",-82.984711,8.86063,783.016,"Set-Feb (Non-Reproductive)",202401,1,2024-01-01,"ene 2024",9.52696070189347e-05
"CE",-82.984711,8.86063,783.016,"Set-Feb (Non-Reproductive)",202402,2,2024-02-01,"feb 2024",0.000318773847972235
"CE",-82.984711,8.86063,783.016,"Mar-Aug (Reproductive)",202403,3,2024-03-01,"mar 2024",1.97273124927663e-06
"CE",-82.984711,8.86063,783.016,"Mar-Aug (Reproductive)",202404,4,2024-04-01,"abr 2024",3.06337711919805e-06
"CE",-82.984711,8.86063,783.016,"Mar-Aug (Reproductive)",202405,5,2024-05-01,"may 2024",7.14383621863584e-06
"CE",-82.984711,8.86063,783.016,"Mar-Aug (Reproductive)",202406,6,2024-06-01,"jun 2024",2.10558028439111e-05
"CE",-82.984711,8.86063,783.016,"Mar-Aug (Reproductive)",202407,7,2024-07-01,"jul 2024",2.78783818683065e-05
"SU",-83.076616,8.888255,820.7111,"Mar-Aug (Reproductive)",202305,5,2023-05-01,"may 2023",1.54166324007454e-05
"SU",-83.076616,8.888255,820.7111,"Mar-Aug (Reproductive)",202306,6,2023-06-01,"jun 2023",4.54383797210534e-05
"SU",-83.076616,8.888255,820.7111,"Mar-Aug (Reproductive)",202307,7,2023-07-01,"jul 2023",6.01610160681867e-05
"SU",-83.076616,8.888255,820.7111,"Mar-Aug (Reproductive)",202308,8,2023-08-01,"ago 2023",6.95766542252136e-06
"SU",-83.076616,8.888255,820.7111,"Set-Feb (Non-Reproductive)",202309,9,2023-09-01,"sept 2023",1.36773048422054e-05
"SU",-83.076616,8.888255,820.7111,"Set-Feb (Non-Reproductive)",202310,10,2023-10-01,"oct 2023",1.6155090806526e-06
"SU",-83.076616,8.888255,820.7111,"Set-Feb (Non-Reproductive)",202311,11,2023-11-01,"nov 2023",7.35943137534102e-06
"SU",-83.076616,8.888255,820.7111,"Set-Feb (Non-Reproductive)",202312,12,2023-12-01,"dic 2023",9.78682189007635e-05
"SU",-83.076616,8.888255,820.7111,"Set-Feb (Non-Reproductive)",202401,1,2024-01-01,"ene 2024",9.78682189007637e-05
"SU",-83.076616,8.888255,820.7111,"Set-Feb (Non-Reproductive)",202402,2,2024-02-01,"feb 2024",0.000327466854312315
"SU",-83.076616,8.888255,820.7111,"Mar-Aug (Reproductive)",202403,3,2024-03-01,"mar 2024",4.25724410370553e-06
"SU",-83.076616,8.888255,820.7111,"Mar-Aug (Reproductive)",202404,4,2024-04-01,"abr 2024",6.61089933623825e-06
"SU",-83.076616,8.888255,820.7111,"Mar-Aug (Reproductive)",202405,5,2024-05-01,"may 2024",1.54166324007454e-05
"SU",-83.076616,8.888255,820.7111,"Mar-Aug (Reproductive)",202406,6,2024-06-01,"jun 2024",4.54383797210534e-05
"SU",-83.076616,8.888255,820.7111,"Mar-Aug (Reproductive)",202407,7,2024-07-01,"jul 2024",6.01610160681867e-05
"LT",-83.037775,8.84534,853.6727,"Mar-Aug (Reproductive)",202305,5,2023-05-01,"may 2023",2.69107814205367e-05
"LT",-83.037775,8.84534,853.6727,"Mar-Aug (Reproductive)",202306,6,2023-06-01,"jun 2023",7.931400991686e-05
"LT",-83.037775,8.84534,853.6727,"Mar-Aug (Reproductive)",202307,7,2023-07-01,"jul 2023",0.000105011646070868
"LT",-83.037775,8.84534,853.6727,"Mar-Aug (Reproductive)",202308,8,2023-08-01,"ago 2023",1.21451552706557e-05
"LT",-83.037775,8.84534,853.6727,"Set-Feb (Non-Reproductive)",202309,9,2023-09-01,"sept 2023",1.27689636595182e-05
"LT",-83.037775,8.84534,853.6727,"Set-Feb (Non-Reproductive)",202310,10,2023-10-01,"oct 2023",1.50821820935178e-06
"LT",-83.037775,8.84534,853.6727,"Set-Feb (Non-Reproductive)",202311,11,2023-11-01,"nov 2023",6.87067177640313e-06
"LT",-83.037775,8.84534,853.6727,"Set-Feb (Non-Reproductive)",202312,12,2023-12-01,"dic 2023",9.13690769083771e-05
"LT",-83.037775,8.84534,853.6727,"Set-Feb (Non-Reproductive)",202401,1,2024-01-01,"ene 2024",9.13690769083771e-05
"LT",-83.037775,8.84534,853.6727,"Set-Feb (Non-Reproductive)",202402,2,2024-02-01,"feb 2024",0.000305725400737562
"LT",-83.037775,8.84534,853.6727,"Mar-Aug (Reproductive)",202403,3,2024-03-01,"mar 2024",7.43137124697443e-06
"LT",-83.037775,8.84534,853.6727,"Mar-Aug (Reproductive)",202404,4,2024-04-01,"abr 2024",1.15398506251751e-05
"LT",-83.037775,8.84534,853.6727,"Mar-Aug (Reproductive)",202405,5,2024-05-01,"may 2024",2.69107814205367e-05
"LT",-83.037775,8.84534,853.6727,"Mar-Aug (Reproductive)",202406,6,2024-06-01,"jun 2024",7.931400991686e-05
"LT",-83.037775,8.84534,853.6727,"Mar-Aug (Reproductive)",202407,7,2024-07-01,"jul 2024",0.000105011646070868
"CB",-82.952934,8.788531,1199.7511,"Mar-Aug (Reproductive)",202305,5,2023-05-01,"may 2023",0.000758819961103802
"CB",-82.952934,8.788531,1199.7511,"Mar-Aug (Reproductive)",202306,6,2023-06-01,"jun 2023",0.00223328317489883
"CB",-82.952934,8.788531,1199.7511,"Mar-Aug (Reproductive)",202307,7,2023-07-01,"jul 2023",0.00295480175158201
"CB",-82.952934,8.788531,1199.7511,"Mar-Aug (Reproductive)",202308,8,2023-08-01,"ago 2023",0.000342602050060928
"CB",-82.952934,8.788531,1199.7511,"Set-Feb (Non-Reproductive)",202309,9,2023-09-01,"sept 2023",5.05506502451061e-06
"CB",-82.952934,8.788531,1199.7511,"Set-Feb (Non-Reproductive)",202310,10,2023-10-01,"oct 2023",5.97079720576801e-07
"CB",-82.952934,8.788531,1199.7511,"Set-Feb (Non-Reproductive)",202311,11,2023-11-01,"nov 2023",2.71999903512576e-06
"CB",-82.952934,8.788531,1199.7511,"Set-Feb (Non-Reproductive)",202312,12,2023-12-01,"dic 2023",3.61735353074564e-05
"CB",-82.952934,8.788531,1199.7511,"Set-Feb (Non-Reproductive)",202401,1,2024-01-01,"ene 2024",3.61735353074564e-05
"CB",-82.952934,8.788531,1199.7511,"Set-Feb (Non-Reproductive)",202402,2,2024-02-01,"feb 2024",0.000121054095501974
"CB",-82.952934,8.788531,1199.7511,"Mar-Aug (Reproductive)",202403,3,2024-03-01,"mar 2024",0.000209658053442558
"CB",-82.952934,8.788531,1199.7511,"Mar-Aug (Reproductive)",202404,4,2024-04-01,"abr 2024",0.000325532404449857
"CB",-82.952934,8.788531,1199.7511,"Mar-Aug (Reproductive)",202405,5,2024-05-01,"may 2024",0.000758819961103802
"CB",-82.952934,8.788531,1199.7511,"Mar-Aug (Reproductive)",202406,6,2024-06-01,"jun 2024",0.00223328317489883
"LC",-82.963942,8.784533,1161.8392,"Mar-Aug (Reproductive)",202306,6,2023-06-01,"jun 2023",0.00126539420416134
"LC",-82.963942,8.784533,1161.8392,"Mar-Aug (Reproductive)",202307,7,2023-07-01,"jul 2023",0.00167473664909507
"LC",-82.963942,8.784533,1161.8392,"Mar-Aug (Reproductive)",202308,8,2023-08-01,"ago 2023",0.000193961480259462
"LC",-82.963942,8.784533,1161.8392,"Set-Feb (Non-Reproductive)",202309,9,2023-09-01,"sept 2023",3.484497483079e-06
"LC",-82.963942,8.784533,1161.8392,"Set-Feb (Non-Reproductive)",202310,10,2023-10-01,"oct 2023",4.11571343157922e-07
"LC",-82.963942,8.784533,1161.8392,"Set-Feb (Non-Reproductive)",202311,11,2023-11-01,"nov 2023",1.87491612271162e-06
"LC",-82.963942,8.784533,1161.8392,"Set-Feb (Non-Reproductive)",202312,12,2023-12-01,"dic 2023",2.49349535150023e-05
"LC",-82.963942,8.784533,1161.8392,"Set-Feb (Non-Reproductive)",202401,1,2024-01-01,"ene 2024",2.49349535150023e-05
"LC",-82.963942,8.784533,1161.8392,"Set-Feb (Non-Reproductive)",202402,2,2024-02-01,"feb 2024",8.34465811582133e-05
"LC",-82.963942,8.784533,1161.8392,"Mar-Aug (Reproductive)",202403,3,2024-03-01,"mar 2024",0.000118689424586138
"LC",-82.963942,8.784533,1161.8392,"Mar-Aug (Reproductive)",202404,4,2024-04-01,"abr 2024",0.000184296268115809
"LC",-82.963942,8.784533,1161.8392,"Mar-Aug (Reproductive)",202405,5,2024-05-01,"may 2024",0.000429677623934233
"LC",-82.963942,8.784533,1161.8392,"Mar-Aug (Reproductive)",202406,6,2024-06-01,"jun 2024",0.00126539420416134
"LC",-82.963942,8.784533,1161.8392,"Mar-Aug (Reproductive)",202407,7,2024-07-01,"jul 2024",0.00167473664909507
"MC",-82.96484,8.803152,1054.3619,"Mar-Aug (Reproductive)",202306,6,2023-06-01,"jun 2023",0.00119211188738845
"MC",-82.96484,8.803152,1054.3619,"Mar-Aug (Reproductive)",202307,7,2023-07-01,"jul 2023",0.00157778568192995
"MC",-82.96484,8.803152,1054.3619,"Mar-Aug (Reproductive)",202308,8,2023-08-01,"ago 2023",0.000182717307339879
"MC",-82.96484,8.803152,1054.3619,"Set-Feb (Non-Reproductive)",202309,9,2023-09-01,"sept 2023",8.60713392024648e-06
"MC",-82.96484,8.803152,1054.3619,"Set-Feb (Non-Reproductive)",202310,10,2023-10-01,"oct 2023",1.01663602539917e-06
"MC",-82.96484,8.803152,1054.3619,"Set-Feb (Non-Reproductive)",202311,11,2023-11-01,"nov 2023",4.63128253707218e-06
"MC",-82.96484,8.803152,1054.3619,"Set-Feb (Non-Reproductive)",202312,12,2023-12-01,"dic 2023",6.15904352011912e-05
"MC",-82.96484,8.803152,1054.3619,"Set-Feb (Non-Reproductive)",202401,1,2024-01-01,"ene 2024",6.15904352011913e-05
"MC",-82.96484,8.803152,1054.3619,"Set-Feb (Non-Reproductive)",202402,2,2024-02-01,"feb 2024",0.000206099008771354
"MC",-82.96484,8.803152,1054.3619,"Mar-Aug (Reproductive)",202403,3,2024-03-01,"mar 2024",0.000111808372421439
"MC",-82.96484,8.803152,1054.3619,"Mar-Aug (Reproductive)",202404,4,2024-04-01,"abr 2024",0.000173612301506897
"MC",-82.96484,8.803152,1054.3619,"Mar-Aug (Reproductive)",202405,5,2024-05-01,"may 2024",0.000404774243832384
"MC",-82.96484,8.803152,1054.3619,"Mar-Aug (Reproductive)",202406,6,2024-06-01,"jun 2024",0.00119211188738845
"SB",-82.926876,8.794958,991.1732,"Mar-Aug (Reproductive)",202306,6,2023-06-01,"jun 2023",0.000501100716643698
"SB",-82.926876,8.794958,991.1732,"Mar-Aug (Reproductive)",202307,7,2023-07-01,"jul 2023",0.0006633660360206
"SB",-82.926876,8.794958,991.1732,"Mar-Aug (Reproductive)",202308,8,2023-08-01,"ago 2023",7.67597157536949e-05
"SB",-82.926876,8.794958,991.1732,"Set-Feb (Non-Reproductive)",202309,9,2023-09-01,"sept 2023",8.19988610152938e-06
"SB",-82.926876,8.794958,991.1732,"Set-Feb (Non-Reproductive)",202310,10,2023-10-01,"oct 2023",9.68533393143317e-07
"SB",-82.926876,8.794958,991.1732,"Set-Feb (Non-Reproductive)",202311,11,2023-11-01,"nov 2023",4.41215188654566e-06
"SB",-82.926876,8.794958,991.1732,"Set-Feb (Non-Reproductive)",202312,12,2023-12-01,"dic 2023",5.86764217176918e-05
"SB",-82.926876,8.794958,991.1732,"Set-Feb (Non-Reproductive)",202401,1,2024-01-01,"ene 2024",5.86764217176919e-05
"SB",-82.926876,8.794958,991.1732,"Set-Feb (Non-Reproductive)",202402,2,2024-02-01,"feb 2024",0.00019634923835992
"SB",-82.926876,8.794958,991.1732,"Mar-Aug (Reproductive)",202403,3,2024-03-01,"mar 2024",4.69688725895576e-05
"SB",-82.926876,8.794958,991.1732,"Mar-Aug (Reproductive)",202404,4,2024-04-01,"abr 2024",7.29343089234225e-05
"SB",-82.926876,8.794958,991.1732,"Mar-Aug (Reproductive)",202405,5,2024-05-01,"may 2024",0.000170067951134734
"SB",-82.926876,8.794958,991.1732,"Mar-Aug (Reproductive)",202406,6,2024-06-01,"jun 2024",0.000501100716643698
"SB",-82.926876,8.794958,991.1732,"Mar-Aug (Reproductive)",202407,7,2024-07-01,"jul 2024",0.0006633660360206
"SB",-82.926876,8.794958,991.1732,"Mar-Aug (Reproductive)",202408,8,2024-08-01,"ago 2024",7.67597157536949e-05
"CO",-82.975233,8.84397,874.9227,"Mar-Aug (Reproductive)",202306,6,2023-06-01,"jun 2023",0.000121031717461857
"CO",-82.975233,8.84397,874.9227,"Mar-Aug (Reproductive)",202307,7,2023-07-01,"jul 2023",0.000160243670550622
"CO",-82.975233,8.84397,874.9227,"Mar-Aug (Reproductive)",202308,8,2023-08-01,"ago 2023",1.85339379691447e-05
"CO",-82.975233,8.84397,874.9227,"Set-Feb (Non-Reproductive)",202309,9,2023-09-01,"sept 2023",1.31915799233546e-05
"CO",-82.975233,8.84397,874.9227,"Set-Feb (Non-Reproductive)",202310,10,2023-10-01,"oct 2023",1.55813650945104e-06
"CO",-82.975233,8.84397,874.9227,"Set-Feb (Non-Reproductive)",202311,11,2023-11-01,"nov 2023",7.09807279400388e-06
"CO",-82.975233,8.84397,874.9227,"Set-Feb (Non-Reproductive)",202312,12,2023-12-01,"dic 2023",9.43928870929314e-05
"CO",-82.975233,8.84397,874.9227,"Set-Feb (Non-Reproductive)",202401,1,2024-01-01,"ene 2024",9.43928870929316e-05
"CO",-82.975233,8.84397,874.9227,"Set-Feb (Non-Reproductive)",202402,2,2024-02-01,"feb 2024",0.000315840976744814
"CO",-82.975233,8.84397,874.9227,"Mar-Aug (Reproductive)",202403,3,2024-03-01,"mar 2024",1.13405643795275e-05
"CO",-82.975233,8.84397,874.9227,"Mar-Aug (Reproductive)",202405,5,2024-05-01,"may 2024",4.10664885220403e-05
"CO",-82.975233,8.84397,874.9227,"Mar-Aug (Reproductive)",202406,6,2024-06-01,"jun 2024",0.000121031717461857
"CO",-82.975233,8.84397,874.9227,"Mar-Aug (Reproductive)",202407,7,2024-07-01,"jul 2024",0.000160243670550622
"CO",-82.975233,8.84397,874.9227,"Mar-Aug (Reproductive)",202408,8,2024-08-01,"ago 2024",1.85339379691447e-05
"PH",-82.754743,8.892776,1615.4027,"Mar-Aug (Reproductive)",202306,6,2023-06-01,"jun 2023",0.0869866317605716
"PH",-82.754743,8.892776,1615.4027,"Mar-Aug (Reproductive)",202307,7,2023-07-01,"jul 2023",0.1120158119078
"PH",-82.754743,8.892776,1615.4027,"Mar-Aug (Reproductive)",202308,8,2023-08-01,"ago 2023",0.0143783680617593
"PH",-82.754743,8.892776,1615.4027,"Set-Feb (Non-Reproductive)",202309,9,2023-09-01,"sept 2023",0.00100143162376731
"PH",-82.754743,8.892776,1615.4027,"Set-Feb (Non-Reproductive)",202310,10,2023-10-01,"oct 2023",0.000118388264966455
"PH",-82.754743,8.892776,1615.4027,"Set-Feb (Non-Reproductive)",202311,11,2023-11-01,"nov 2023",0.000539092434752199
"PH",-82.754743,8.892776,1615.4027,"Set-Feb (Non-Reproductive)",202312,12,2023-12-01,"dic 2023",0.0071224571863171
"PH",-82.754743,8.892776,1615.4027,"Set-Feb (Non-Reproductive)",202401,1,2024-01-01,"ene 2024",0.00712245718631711
"PH",-82.754743,8.892776,1615.4027,"Set-Feb (Non-Reproductive)",202402,2,2024-02-01,"feb 2024",0.0234453178048769
"PH",-82.754743,8.892776,1615.4027,"Mar-Aug (Reproductive)",202403,3,2024-03-01,"mar 2024",0.0088471591388397
"PH",-82.754743,8.892776,1615.4027,"Mar-Aug (Reproductive)",202404,4,2024-04-01,"abr 2024",0.0136715508707967
"PH",-82.754743,8.892776,1615.4027,"Mar-Aug (Reproductive)",202405,5,2024-05-01,"may 2024",0.0313121488689042
"PH",-82.754743,8.892776,1615.4027,"Mar-Aug (Reproductive)",202406,6,2024-06-01,"jun 2024",0.0869866317605716
"PH",-82.754743,8.892776,1615.4027,"Mar-Aug (Reproductive)",202407,7,2024-07-01,"jul 2024",0.1120158119078
"PC",-82.95422,9.024868,1592.582,"Mar-Aug (Reproductive)",202306,6,2023-06-01,"jun 2023",0.0146669267057957
"PC",-82.95422,9.024868,1592.582,"Mar-Aug (Reproductive)",202307,7,2023-07-01,"jul 2023",0.0193276351469455
"PC",-82.95422,9.024868,1592.582,"Mar-Aug (Reproductive)",202308,8,2023-08-01,"ago 2023",0.00227400461040049
"PC",-82.95422,9.024868,1592.582,"Set-Feb (Non-Reproductive)",202309,9,2023-09-01,"sept 2023",0.000131570489824135
"PC",-82.95422,9.024868,1592.582,"Set-Feb (Non-Reproductive)",202310,10,2023-10-01,"oct 2023",1.55422011044007e-05
"PC",-82.95422,9.024868,1592.582,"Set-Feb (Non-Reproductive)",202311,11,2023-11-01,"nov 2023",7.07987967030455e-05
"PC",-82.95422,9.024868,1592.582,"Set-Feb (Non-Reproductive)",202312,12,2023-12-01,"dic 2023",0.000940772458445145
"PC",-82.95422,9.024868,1592.582,"Set-Feb (Non-Reproductive)",202401,1,2024-01-01,"ene 2024",0.000940772458445147
"PC",-82.95422,9.024868,1592.582,"Set-Feb (Non-Reproductive)",202402,2,2024-02-01,"feb 2024",0.00314160967546509
"PC",-82.95422,9.024868,1592.582,"Mar-Aug (Reproductive)",202403,3,2024-03-01,"mar 2024",0.00139263932699846
"PC",-82.95422,9.024868,1592.582,"Mar-Aug (Reproductive)",202404,4,2024-04-01,"abr 2024",0.00216091367407749
"PC",-82.95422,9.024868,1592.582,"Mar-Aug (Reproductive)",202405,5,2024-05-01,"may 2024",0.00502483659361414
"PC",-82.95422,9.024868,1592.582,"Mar-Aug (Reproductive)",202406,6,2024-06-01,"jun 2024",0.0146669267057957
"PC",-82.95422,9.024868,1592.582,"Mar-Aug (Reproductive)",202407,7,2024-07-01,"jul 2024",0.0193276351469455
"RN",-82.85748,8.870375,1124.0035,"Mar-Aug (Reproductive)",202306,6,2023-06-01,"jun 2023",0.254939314470869
"RN",-82.85748,8.870375,1124.0035,"Mar-Aug (Reproductive)",202307,7,2023-07-01,"jul 2023",0.311791325654762
"RN",-82.85748,8.870375,1124.0035,"Mar-Aug (Reproductive)",202308,8,2023-08-01,"ago 2023",0.0497841861217586
"RN",-82.85748,8.870375,1124.0035,"Set-Feb (Non-Reproductive)",202309,9,2023-09-01,"sept 2023",0.00123487062029383
"RN",-82.85748,8.870375,1124.0035,"Set-Feb (Non-Reproductive)",202310,10,2023-10-01,"oct 2023",0.000146015280537244
"RN",-82.85748,8.870375,1124.0035,"Set-Feb (Non-Reproductive)",202311,11,2023-11-01,"nov 2023",0.00066482944929617
"RN",-82.85748,8.870375,1124.0035,"Set-Feb (Non-Reproductive)",202312,12,2023-12-01,"dic 2023",0.00877021328020752
"RN",-82.85748,8.870375,1124.0035,"Set-Feb (Non-Reproductive)",202401,1,2024-01-01,"ene 2024",0.00877021328020754
"RN",-82.85748,8.870375,1124.0035,"Set-Feb (Non-Reproductive)",202402,2,2024-02-01,"feb 2024",0.0287599284273535
"RN",-82.85748,8.870375,1124.0035,"Mar-Aug (Reproductive)",202403,3,2024-03-01,"mar 2024",0.0310619702027063
"RN",-82.85748,8.870375,1124.0035,"Mar-Aug (Reproductive)",202404,4,2024-04-01,"abr 2024",0.0474206157509236
"RN",-82.85748,8.870375,1124.0035,"Mar-Aug (Reproductive)",202405,5,2024-05-01,"may 2024",0.104015766838375
"RN",-82.85748,8.870375,1124.0035,"Mar-Aug (Reproductive)",202406,6,2024-06-01,"jun 2024",0.254939314470869
"RN",-82.85748,8.870375,1124.0035,"Mar-Aug (Reproductive)",202407,7,2024-07-01,"jul 2024",0.311791325654762
"GT",-83.143305,8.624599,328.8536,"Mar-Aug (Reproductive)",202306,6,2023-06-01,"jun 2023",1.9299082416446e-07
"GT",-83.143305,8.624599,328.8536,"Mar-Aug (Reproductive)",202307,7,2023-07-01,"jul 2023",2.55526151385198e-07
"GT",-83.143305,8.624599,328.8536,"Mar-Aug (Reproductive)",202308,8,2023-08-01,"ago 2023",2.95502203404168e-08
"GT",-83.143305,8.624599,328.8536,"Set-Feb (Non-Reproductive)",202309,9,2023-09-01,"sept 2023",0.00221149172590521
"GT",-83.143305,8.624599,328.8536,"Set-Feb (Non-Reproductive)",202310,10,2023-10-01,"oct 2023",0.00026171992133264
"GT",-83.143305,8.624599,328.8536,"Set-Feb (Non-Reproductive)",202311,11,2023-11-01,"nov 2023",0.00119116023804268
"GT",-83.143305,8.624599,328.8536,"Set-Feb (Non-Reproductive)",202312,12,2023-12-01,"dic 2023",0.0156131434942269
"GT",-83.143305,8.624599,328.8536,"Set-Feb (Non-Reproductive)",202401,1,2024-01-01,"ene 2024",0.0156131434942269
"GT",-83.143305,8.624599,328.8536,"Set-Feb (Non-Reproductive)",202402,2,2024-02-01,"feb 2024",0.0504066248530979
"GT",-83.143305,8.624599,328.8536,"Mar-Aug (Reproductive)",202403,3,2024-03-01,"mar 2024",1.80810883233717e-08
"GT",-83.143305,8.624599,328.8536,"Mar-Aug (Reproductive)",202404,4,2024-04-01,"abr 2024",2.80774444754267e-08
"GT",-83.143305,8.624599,328.8536,"Mar-Aug (Reproductive)",202406,6,2024-06-01,"jun 2024",1.9299082416446e-07
"GT",-83.143305,8.624599,328.8536,"Mar-Aug (Reproductive)",202407,7,2024-07-01,"jul 2024",2.55526151385198e-07
"GT",-83.143305,8.624599,328.8536,"Mar-Aug (Reproductive)",202408,8,2024-08-01,"ago 2024",2.95502203404168e-08
"LG",-83.201919,8.699456,116.8758,"Mar-Aug (Reproductive)",202306,6,2023-06-01,"jun 2023",1.00446337102367e-11
"LG",-83.201919,8.699456,116.8758,"Mar-Aug (Reproductive)",202307,7,2023-07-01,"jul 2023",1.32994237713738e-11
"LG",-83.201919,8.699456,116.8758,"Mar-Aug (Reproductive)",202308,8,2023-08-01,"ago 2023",1.53800623501784e-12
"LG",-83.201919,8.699456,116.8758,"Set-Feb (Non-Reproductive)",202309,9,2023-09-01,"sept 2023",8.69125382584798e-06
"LG",-83.201919,8.699456,116.8758,"Set-Feb (Non-Reproductive)",202310,10,2023-10-01,"oct 2023",1.02657196723117e-06
"LG",-83.201919,8.699456,116.8758,"Set-Feb (Non-Reproductive)",202311,11,2023-11-01,"nov 2023",4.676545526764e-06
"LG",-83.201919,8.699456,116.8758,"Set-Feb (Non-Reproductive)",202312,12,2023-12-01,"dic 2023",6.21923433918286e-05
"LG",-83.201919,8.699456,116.8758,"Set-Feb (Non-Reproductive)",202401,1,2024-01-01,"ene 2024",6.21923433918287e-05
"LG",-83.201919,8.699456,116.8758,"Set-Feb (Non-Reproductive)",202402,2,2024-02-01,"feb 2024",0.000208112869821339
"LG",-83.201919,8.699456,116.8758,"Mar-Aug (Reproductive)",202403,3,2024-03-01,"mar 2024",9.41070013623295e-13
"LG",-83.201919,8.699456,116.8758,"Mar-Aug (Reproductive)",202404,4,2024-04-01,"abr 2024",1.4613523725207e-12
"LG",-83.201919,8.699456,116.8758,"Mar-Aug (Reproductive)",202405,5,2024-05-01,"may 2024",3.40790709066652e-12
"LG",-83.201919,8.699456,116.8758,"Mar-Aug (Reproductive)",202406,6,2024-06-01,"jun 2024",1.00446337102367e-11
"LG",-83.201919,8.699456,116.8758,"Mar-Aug (Reproductive)",202407,7,2024-07-01,"jul 2024",1.32994237713738e-11
"LG",-83.201919,8.699456,116.8758,"Mar-Aug (Reproductive)",202408,8,2024-08-01,"ago 2024",1.53800623501784e-12
"LB",-83.047404,8.714762,356.8783,"Mar-Aug (Reproductive)",202306,6,2023-06-01,"jun 2023",1.60091994867497e-09
"LB",-83.047404,8.714762,356.8783,"Mar-Aug (Reproductive)",202307,7,2023-07-01,"jul 2023",2.11967040558187e-09
"LB",-83.047404,8.714762,356.8783,"Mar-Aug (Reproductive)",202308,8,2023-08-01,"ago 2023",2.45128387671772e-10
"LB",-83.047404,8.714762,356.8783,"Set-Feb (Non-Reproductive)",202309,9,2023-09-01,"sept 2023",1.01491809345326e-05
"LB",-83.047404,8.714762,356.8783,"Set-Feb (Non-Reproductive)",202310,10,2023-10-01,"oct 2023",1.19877732746371e-06
"LB",-83.047404,8.714762,356.8783,"Set-Feb (Non-Reproductive)",202311,11,2023-11-01,"nov 2023",5.46102318666929e-06
"LB",-83.047404,8.714762,356.8783,"Set-Feb (Non-Reproductive)",202312,12,2023-12-01,"dic 2023",7.26242373867034e-05
"LB",-83.047404,8.714762,356.8783,"Set-Feb (Non-Reproductive)",202401,1,2024-01-01,"ene 2024",7.26242373867036e-05
"LB",-83.047404,8.714762,356.8783,"Set-Feb (Non-Reproductive)",202402,2,2024-02-01,"feb 2024",0.000243014938653964
"LB",-83.047404,8.714762,356.8783,"Mar-Aug (Reproductive)",202403,3,2024-03-01,"mar 2024",1.4998832247573e-10
"LB",-83.047404,8.714762,356.8783,"Mar-Aug (Reproductive)",202404,4,2024-04-01,"abr 2024",2.32911247525932e-10
"LB",-83.047404,8.714762,356.8783,"Mar-Aug (Reproductive)",202405,5,2024-05-01,"may 2024",5.43154345673502e-10
"LB",-83.047404,8.714762,356.8783,"Mar-Aug (Reproductive)",202406,6,2024-06-01,"jun 2024",1.60091994867497e-09
"LB",-83.047404,8.714762,356.8783,"Mar-Aug (Reproductive)",202407,7,2024-07-01,"jul 2024",2.11967040558187e-09
"LB",-83.047404,8.714762,356.8783,"Mar-Aug (Reproductive)",202408,8,2024-08-01,"ago 2024",2.45128387671772e-10
"AC",-82.984288,8.701578,410.8789,"Mar-Aug (Reproductive)",202306,6,2023-06-01,"jun 2023",5.42469043818246e-09
"AC",-82.984288,8.701578,410.8789,"Mar-Aug (Reproductive)",202307,7,2023-07-01,"jul 2023",7.18246766587444e-09
"AC",-82.984288,8.701578,410.8789,"Mar-Aug (Reproductive)",202308,8,2023-08-01,"ago 2023",8.30613439564441e-10
"AC",-82.984288,8.701578,410.8789,"Set-Feb (Non-Reproductive)",202309,9,2023-09-01,"sept 2023",1.07550484575896e-05
"AC",-82.984288,8.701578,410.8789,"Set-Feb (Non-Reproductive)",202310,10,2023-10-01,"oct 2023",1.27034045591637e-06
"AC",-82.984288,8.701578,410.8789,"Set-Feb (Non-Reproductive)",202311,11,2023-11-01,"nov 2023",5.78702713225463e-06
"AC",-82.984288,8.701578,410.8789,"Set-Feb (Non-Reproductive)",202312,12,2023-12-01,"dic 2023",7.69593412772371e-05
"AC",-82.984288,8.701578,410.8789,"Set-Feb (Non-Reproductive)",202401,1,2024-01-01,"ene 2024",7.69593412772371e-05
"AC",-82.984288,8.701578,410.8789,"Set-Feb (Non-Reproductive)",202402,2,2024-02-01,"feb 2024",0.000257518426899532
"AC",-82.984288,8.701578,410.8789,"Mar-Aug (Reproductive)",202403,3,2024-03-01,"mar 2024",5.08232920869179e-10
"AC",-82.984288,8.701578,410.8789,"Mar-Aug (Reproductive)",202404,4,2024-04-01,"abr 2024",7.89215864649047e-10
"AC",-82.984288,8.701578,410.8789,"Mar-Aug (Reproductive)",202405,5,2024-05-01,"may 2024",1.84046940967601e-09
"AC",-82.984288,8.701578,410.8789,"Mar-Aug (Reproductive)",202406,6,2024-06-01,"jun 2024",5.42469043818246e-09
"AC",-82.984288,8.701578,410.8789,"Mar-Aug (Reproductive)",202407,7,2024-07-01,"jul 2024",7.18246766587444e-09
"AC",-82.984288,8.701578,410.8789,"Mar-Aug (Reproductive)",202408,8,2024-08-01,"ago 2024",8.30613439564441e-10
"TA",-83.033134,8.74135,807.8076,"Mar-Aug (Reproductive)",202306,6,2023-06-01,"jun 2023",3.43049470930946e-05
"TA",-83.033134,8.74135,807.8076,"Mar-Aug (Reproductive)",202307,7,2023-07-01,"jul 2023",4.54203677883028e-05
"TA",-83.033134,8.74135,807.8076,"Mar-Aug (Reproductive)",202308,8,2023-08-01,"ago 2023",5.25283020969744e-06
"TA",-83.033134,8.74135,807.8076,"Set-Feb (Non-Reproductive)",202309,9,2023-09-01,"sept 2023",1.32737406648996e-05
"TA",-83.033134,8.74135,807.8076,"Set-Feb (Non-Reproductive)",202310,10,2023-10-01,"oct 2023",1.56784112029904e-06
"TA",-83.033134,8.74135,807.8076,"Set-Feb (Non-Reproductive)",202311,11,2023-11-01,"nov 2023",7.14228178970371e-06
"TA",-83.033134,8.74135,807.8076,"Set-Feb (Non-Reproductive)",202312,12,2023-12-01,"dic 2023",9.49807435867809e-05
"TA",-83.033134,8.74135,807.8076,"Set-Feb (Non-Reproductive)",202401,1,2024-01-01,"ene 2024",9.4980743586781e-05
"TA",-83.033134,8.74135,807.8076,"Set-Feb (Non-Reproductive)",202402,2,2024-02-01,"feb 2024",0.000317807521035677
"TA",-83.033134,8.74135,807.8076,"Mar-Aug (Reproductive)",202403,3,2024-03-01,"mar 2024",3.21409040000232e-06
"TA",-83.033134,8.74135,807.8076,"Mar-Aug (Reproductive)",202404,4,2024-04-01,"abr 2024",4.99103171642062e-06
"TA",-83.033134,8.74135,807.8076,"Mar-Aug (Reproductive)",202405,5,2024-05-01,"may 2024",1.16391225129834e-05
"TA",-83.033134,8.74135,807.8076,"Mar-Aug (Reproductive)",202406,6,2024-06-01,"jun 2024",3.43049470930946e-05
"TA",-83.033134,8.74135,807.8076,"Mar-Aug (Reproductive)",202407,7,2024-07-01,"jul 2024",4.54203677883028e-05
"TA",-83.033134,8.74135,807.8076,"Mar-Aug (Reproductive)",202408,8,2024-08-01,"ago 2024",5.25283020969744e-06
"RB",-83.12918,8.641098,85.7465,"Mar-Aug (Reproductive)",202306,6,2023-06-01,"jun 2023",5.29838412111666e-12
"RB",-83.12918,8.641098,85.7465,"Mar-Aug (Reproductive)",202307,7,2023-07-01,"jul 2023",7.01523398096079e-12
"RB",-83.12918,8.641098,85.7465,"Mar-Aug (Reproductive)",202308,8,2023-08-01,"ago 2023",8.11273765558958e-13
"RB",-83.12918,8.641098,85.7465,"Set-Feb (Non-Reproductive)",202309,9,2023-09-01,"sept 2023",8.50747139907138e-06
"RB",-83.12918,8.641098,85.7465,"Set-Feb (Non-Reproductive)",202310,10,2023-10-01,"oct 2023",1.0048642474157e-06
"RB",-83.12918,8.641098,85.7465,"Set-Feb (Non-Reproductive)",202311,11,2023-11-01,"nov 2023",4.57765642737325e-06
"RB",-83.12918,8.641098,85.7465,"Set-Feb (Non-Reproductive)",202312,12,2023-12-01,"dic 2023",6.087731319717e-05
"RB",-83.12918,8.641098,85.7465,"Set-Feb (Non-Reproductive)",202401,1,2024-01-01,"ene 2024",6.08773131971701e-05
"RB",-83.12918,8.641098,85.7465,"Set-Feb (Non-Reproductive)",202402,2,2024-02-01,"feb 2024",0.000203713041805822
"RB",-83.12918,8.641098,85.7465,"Mar-Aug (Reproductive)",202403,3,2024-03-01,"mar 2024",4.96399426883804e-13
"RB",-83.12918,8.641098,85.7465,"Mar-Aug (Reproductive)",202405,5,2024-05-01,"may 2024",1.79761665146336e-12
"RB",-83.12918,8.641098,85.7465,"Mar-Aug (Reproductive)",202406,6,2024-06-01,"jun 2024",5.29838412111666e-12
"RB",-83.12918,8.641098,85.7465,"Mar-Aug (Reproductive)",202407,7,2024-07-01,"jul 2024",7.01523398096079e-12
"RB",-83.12918,8.641098,85.7465,"Mar-Aug (Reproductive)",202408,8,2024-08-01,"ago 2024",8.11273765558958e-13
"GG",-83.17888,8.65543,0,"Mar-Aug (Reproductive)",202306,6,2023-06-01,"jun 2023",9.34063337108498e-13
"GG",-83.17888,8.65543,0,"Mar-Aug (Reproductive)",202307,7,2023-07-01,"jul 2023",1.23673042819731e-12
"GG",-83.17888,8.65543,0,"Mar-Aug (Reproductive)",202308,8,2023-08-01,"ago 2023",1.43021167103315e-13
"GG",-83.17888,8.65543,0,"Set-Feb (Non-Reproductive)",202309,9,2023-09-01,"sept 2023",8.19570027584686e-06
"GG",-83.17888,8.65543,0,"Set-Feb (Non-Reproductive)",202310,10,2023-10-01,"oct 2023",9.68038978805948e-07
"GG",-83.17888,8.65543,0,"Set-Feb (Non-Reproductive)",202311,11,2023-11-01,"nov 2023",4.40989959079766e-06
"GG",-83.17888,8.65543,0,"Set-Feb (Non-Reproductive)",202312,12,2023-12-01,"dic 2023",5.86464704624348e-05
"GG",-83.17888,8.65543,0,"Set-Feb (Non-Reproductive)",202401,1,2024-01-01,"ene 2024",5.86464704624349e-05
"GG",-83.17888,8.65543,0,"Set-Feb (Non-Reproductive)",202402,2,2024-02-01,"feb 2024",0.000196249026099009
"GG",-83.17888,8.65543,0,"Mar-Aug (Reproductive)",202403,3,2024-03-01,"mar 2024",2.22044604925031e-16
"GG",-83.17888,8.65543,0,"Mar-Aug (Reproductive)",202404,4,2024-04-01,"abr 2024",1.35893026379487e-13
"GG",-83.17888,8.65543,0,"Mar-Aug (Reproductive)",202405,5,2024-05-01,"may 2024",3.16905639515799e-13
"GG",-83.17888,8.65543,0,"Mar-Aug (Reproductive)",202406,6,2024-06-01,"jun 2024",9.34063337108498e-13
"GG",-83.17888,8.65543,0,"Mar-Aug (Reproductive)",202407,7,2024-07-01,"jul 2024",1.23673042819731e-12
"GG",-83.17888,8.65543,0,"Mar-Aug (Reproductive)",202408,8,2024-08-01,"ago 2024",1.43021167103315e-13
"C1",-83.076059,8.636349,50.2948,"Mar-Aug (Reproductive)",202306,6,2023-06-01,"jun 2023",2.56421969713933e-12
"C1",-83.076059,8.636349,50.2948,"Mar-Aug (Reproductive)",202307,7,2023-07-01,"jul 2023",3.39511080035578e-12
"C1",-83.076059,8.636349,50.2948,"Mar-Aug (Reproductive)",202308,8,2023-08-01,"ago 2023",3.9262615202301e-13
"C1",-83.076059,8.636349,50.2948,"Set-Feb (Non-Reproductive)",202309,9,2023-09-01,"sept 2023",8.31246141887087e-06
"C1",-83.076059,8.636349,50.2948,"Set-Feb (Non-Reproductive)",202310,10,2023-10-01,"oct 2023",9.81830377031374e-07
"C1",-83.076059,8.636349,50.2948,"Set-Feb (Non-Reproductive)",202311,11,2023-11-01,"nov 2023",4.47272605792399e-06
"C1",-83.076059,8.636349,50.2948,"Set-Feb (Non-Reproductive)",202312,12,2023-12-01,"dic 2023",5.94819425151605e-05
"C1",-83.076059,8.636349,50.2948,"Set-Feb (Non-Reproductive)",202401,1,2024-01-01,"ene 2024",5.94819425151606e-05
"C1",-83.076059,8.636349,50.2948,"Set-Feb (Non-Reproductive)",202402,2,2024-02-01,"feb 2024",0.000199044380896811
"C1",-83.076059,8.636349,50.2948,"Mar-Aug (Reproductive)",202403,3,2024-03-01,"mar 2024",2.40238751846611e-13
"C1",-83.076059,8.636349,50.2948,"Mar-Aug (Reproductive)",202404,4,2024-04-01,"abr 2024",3.7305775861553e-13
"C1",-83.076059,8.636349,50.2948,"Mar-Aug (Reproductive)",202405,5,2024-05-01,"may 2024",8.69979208794735e-13
"C1",-83.076059,8.636349,50.2948,"Mar-Aug (Reproductive)",202406,6,2024-06-01,"jun 2024",2.56421969713933e-12
"C1",-83.076059,8.636349,50.2948,"Mar-Aug (Reproductive)",202407,7,2024-07-01,"jul 2024",3.39511080035578e-12
"C1",-83.076059,8.636349,50.2948,"Mar-Aug (Reproductive)",202408,8,2024-08-01,"ago 2024",3.9262615202301e-13
"MM",-83.220558,8.703609,128.5849,"Mar-Aug (Reproductive)",202308,8,2023-08-01,"ago 2023",1.95940890731507e-12
"MM",-83.220558,8.703609,128.5849,"Set-Feb (Non-Reproductive)",202309,9,2023-09-01,"sept 2023",8.77038125169217e-06
"MM",-83.220558,8.703609,128.5849,"Set-Feb (Non-Reproductive)",202310,10,2023-10-01,"oct 2023",1.03591821658879e-06
"MM",-83.220558,8.703609,128.5849,"Set-Feb (Non-Reproductive)",202311,11,2023-11-01,"nov 2023",4.71912218094348e-06
"MM",-83.220558,8.703609,128.5849,"Set-Feb (Non-Reproductive)",202312,12,2023-12-01,"dic 2023",6.27585280245564e-05
"MM",-83.220558,8.703609,128.5849,"Set-Feb (Non-Reproductive)",202401,1,2024-01-01,"ene 2024",6.27585280245566e-05
"MM",-83.220558,8.703609,128.5849,"Set-Feb (Non-Reproductive)",202402,2,2024-02-01,"feb 2024",0.000210007201999462
"MM",-83.220558,8.703609,128.5849,"Mar-Aug (Reproductive)",202403,3,2024-03-01,"mar 2024",1.19891644462645e-12
"MM",-83.220558,8.703609,128.5849,"Mar-Aug (Reproductive)",202404,4,2024-04-01,"abr 2024",1.86175243653022e-12
"MM",-83.220558,8.703609,128.5849,"Mar-Aug (Reproductive)",202405,5,2024-05-01,"may 2024",4.34164917977285e-12
"MM",-83.220558,8.703609,128.5849,"Mar-Aug (Reproductive)",202406,6,2024-06-01,"jun 2024",1.27967912706679e-11
"MM",-83.220558,8.703609,128.5849,"Mar-Aug (Reproductive)",202407,7,2024-07-01,"jul 2024",1.69433704535024e-11
"MM",-83.220558,8.703609,128.5849,"Mar-Aug (Reproductive)",202408,8,2024-08-01,"ago 2024",1.95940890731507e-12
"ET",-83.203611,8.665417,137.7205,"Mar-Aug (Reproductive)",202306,6,2023-06-01,"jun 2023",1.54474810713632e-11
"ET",-83.203611,8.665417,137.7205,"Mar-Aug (Reproductive)",202307,7,2023-07-01,"jul 2023",2.04529705009156e-11
"ET",-83.203611,8.665417,137.7205,"Mar-Aug (Reproductive)",202308,8,2023-08-01,"ago 2023",2.36527511988543e-12
"ET",-83.203611,8.665417,137.7205,"Set-Feb (Non-Reproductive)",202309,9,2023-09-01,"sept 2023",8.82430443706644e-06
"ET",-83.203611,8.665417,137.7205,"Set-Feb (Non-Reproductive)",202310,10,2023-10-01,"oct 2023",1.04228743169244e-06
"ET",-83.203611,8.665417,137.7205,"Set-Feb (Non-Reproductive)",202311,11,2023-11-01,"nov 2023",4.74813701281178e-06
"ET",-83.203611,8.665417,137.7205,"Set-Feb (Non-Reproductive)",202312,12,2023-12-01,"dic 2023",6.31443671135387e-05
"ET",-83.203611,8.665417,137.7205,"Set-Feb (Non-Reproductive)",202401,1,2024-01-01,"ene 2024",6.31443671135388e-05
"ET",-83.203611,8.665417,137.7205,"Set-Feb (Non-Reproductive)",202402,2,2024-02-01,"feb 2024",0.000211298133838394
"ET",-83.203611,8.665417,137.7205,"Mar-Aug (Reproductive)",202403,3,2024-03-01,"mar 2024",1.44725647959958e-12
"ET",-83.203611,8.665417,137.7205,"Mar-Aug (Reproductive)",202404,4,2024-04-01,"abr 2024",2.24739037424565e-12
"ET",-83.203611,8.665417,137.7205,"Mar-Aug (Reproductive)",202405,5,2024-05-01,"may 2024",5.24096565338894e-12
"ET",-83.203611,8.665417,137.7205,"Mar-Aug (Reproductive)",202406,6,2024-06-01,"jun 2024",1.54474810713632e-11
"ET",-83.203611,8.665417,137.7205,"Mar-Aug (Reproductive)",202407,7,2024-07-01,"jul 2024",2.04529705009156e-11
"ET",-83.203611,8.665417,137.7205,"Mar-Aug (Reproductive)",202408,8,2024-08-01,"ago 2024",2.36527511988543e-12
"CV",-83.040862,8.697128,196.7505,"Mar-Aug (Reproductive)",202306,6,2023-06-01,"jun 2023",5.24999758344049e-11
"CV",-83.040862,8.697128,196.7505,"Mar-Aug (Reproductive)",202307,7,2023-07-01,"jul 2023",6.95116862138491e-11
"CV",-83.040862,8.697128,196.7505,"Mar-Aug (Reproductive)",202308,8,2023-08-01,"ago 2023",8.0386495420151e-12
"CV",-83.040862,8.697128,196.7505,"Set-Feb (Non-Reproductive)",202309,9,2023-09-01,"sept 2023",9.1769520070763e-06
"CV",-83.040862,8.697128,196.7505,"Set-Feb (Non-Reproductive)",202310,10,2023-10-01,"oct 2023",1.08394092487766e-06
"CV",-83.040862,8.697128,196.7505,"Set-Feb (Non-Reproductive)",202311,11,2023-11-01,"nov 2023",4.93788863455342e-06
"CV",-83.040862,8.697128,196.7505,"Set-Feb (Non-Reproductive)",202312,12,2023-12-01,"dic 2023",6.56676764407182e-05
"CV",-83.040862,8.697128,196.7505,"Set-Feb (Non-Reproductive)",202401,1,2024-01-01,"ene 2024",6.56676764407183e-05
"CV",-83.040862,8.697128,196.7505,"Set-Feb (Non-Reproductive)",202402,2,2024-02-01,"feb 2024",0.000219740508412833
"CV",-83.040862,8.697128,196.7505,"Mar-Aug (Reproductive)",202403,3,2024-03-01,"mar 2024",4.91866148640702e-12
"CV",-83.040862,8.697128,196.7505,"Mar-Aug (Reproductive)",202404,4,2024-04-01,"abr 2024",7.63800517359654e-12
"CV",-83.040862,8.697128,196.7505,"Mar-Aug (Reproductive)",202405,5,2024-05-01,"may 2024",1.78120024156353e-11
"CV",-83.040862,8.697128,196.7505,"Mar-Aug (Reproductive)",202406,6,2024-06-01,"jun 2024",5.24999758344049e-11
"C2",-83.129691,8.692883,42.9733,"Mar-Aug (Reproductive)",202306,6,2023-06-01,"jun 2023",2.27776822025841e-12
"C2",-83.129691,8.692883,42.9733,"Mar-Aug (Reproductive)",202307,7,2023-07-01,"jul 2023",3.01583967003082e-12
"C2",-83.129691,8.692883,42.9733,"Mar-Aug (Reproductive)",202308,8,2023-08-01,"ago 2023",3.48765502627503e-13
"C2",-83.129691,8.692883,42.9733,"Set-Feb (Non-Reproductive)",202309,9,2023-09-01,"sept 2023",8.53594978027141e-06
"C2",-83.129691,8.692883,42.9733,"Set-Feb (Non-Reproductive)",202310,10,2023-10-01,"oct 2023",1.00822801100323e-06
"C2",-83.129691,8.692883,42.9733,"Set-Feb (Non-Reproductive)",202311,11,2023-11-01,"nov 2023",4.59297998858821e-06
"C2",-83.129691,8.692883,42.9733,"Set-Feb (Non-Reproductive)",202401,1,2024-01-01,"ene 2024",6.10810865809086e-05
"C2",-83.129691,8.692883,42.9733,"Set-Feb (Non-Reproductive)",202402,2,2024-02-01,"feb 2024",0.000204394828569365
"C2",-83.129691,8.692883,42.9733,"Mar-Aug (Reproductive)",202403,3,2024-03-01,"mar 2024",2.13401447169712e-13
"C2",-83.129691,8.692883,42.9733,"Mar-Aug (Reproductive)",202405,5,2024-05-01,"may 2024",7.72792985050592e-13
"C2",-83.129691,8.692883,42.9733,"Mar-Aug (Reproductive)",202406,6,2024-06-01,"jun 2024",2.27776822025841e-12
"C2",-83.129691,8.692883,42.9733,"Mar-Aug (Reproductive)",202407,7,2024-07-01,"jul 2024",3.01583967003082e-12
"LA",-83.086793,8.702797,258.8206,"Mar-Aug (Reproductive)",202306,6,2023-06-01,"jun 2023",1.93604535938946e-10
"LA",-83.086793,8.702797,258.8206,"Mar-Aug (Reproductive)",202307,7,2023-07-01,"jul 2023",2.56338741823406e-10
"LA",-83.086793,8.702797,258.8206,"Mar-Aug (Reproductive)",202308,8,2023-08-01,"ago 2023",2.96441853469145e-11
"LA",-83.086793,8.702797,258.8206,"Set-Feb (Non-Reproductive)",202309,9,2023-09-01,"sept 2023",9.55645376712103e-06
"LA",-83.086793,8.702797,258.8206,"Set-Feb (Non-Reproductive)",202310,10,2023-10-01,"oct 2023",1.128766369675e-06
"LA",-83.086793,8.702797,258.8206,"Set-Feb (Non-Reproductive)",202311,11,2023-11-01,"nov 2023",5.14208995309508e-06
"LA",-83.086793,8.702797,258.8206,"Set-Feb (Non-Reproductive)",202312,12,2023-12-01,"dic 2023",6.83831240898608e-05
"LA",-83.086793,8.702797,258.8206,"Set-Feb (Non-Reproductive)",202401,1,2024-01-01,"ene 2024",6.83831240898609e-05
"LA",-83.086793,8.702797,258.8206,"Set-Feb (Non-Reproductive)",202402,2,2024-02-01,"feb 2024",0.000228825619044591
"LA",-83.086793,8.702797,258.8206,"Mar-Aug (Reproductive)",202403,3,2024-03-01,"mar 2024",1.8138583104153e-11
"LA",-83.086793,8.702797,258.8206,"Mar-Aug (Reproductive)",202404,4,2024-04-01,"abr 2024",2.81667262471891e-11
"LA",-83.086793,8.702797,258.8206,"Mar-Aug (Reproductive)",202405,5,2024-05-01,"may 2024",6.56854485613697e-11
"LA",-83.086793,8.702797,258.8206,"Mar-Aug (Reproductive)",202406,6,2024-06-01,"jun 2024",1.93604535938946e-10
"LA",-83.086793,8.702797,258.8206,"Mar-Aug (Reproductive)",202407,7,2024-07-01,"jul 2024",2.56338741823406e-10
"LM",-82.923825,8.735344,1168.3,"Mar-Aug (Reproductive)",202306,6,2023-06-01,"jun 2023",0.00129354858462202
"LM",-82.923825,8.735344,1168.3,"Mar-Aug (Reproductive)",202307,7,2023-07-01,"jul 2023",0.00171198307981486
"LM",-82.923825,8.735344,1168.3,"Mar-Aug (Reproductive)",202308,8,2023-08-01,"ago 2023",0.000198281757801
"LM",-82.923825,8.735344,1168.3,"Set-Feb (Non-Reproductive)",202309,9,2023-09-01,"sept 2023",3.42575531874772e-06
"LM",-82.923825,8.735344,1168.3,"Set-Feb (Non-Reproductive)",202310,10,2023-10-01,"oct 2023",4.0463299275534e-07
"LM",-82.923825,8.735344,1168.3,"Set-Feb (Non-Reproductive)",202311,11,2023-11-01,"nov 2023",1.84330846456048e-06
"LM",-82.923825,8.735344,1168.3,"Set-Feb (Non-Reproductive)",202312,12,2023-12-01,"dic 2023",2.45146053143104e-05
"LM",-82.923825,8.735344,1168.3,"Set-Feb (Non-Reproductive)",202401,1,2024-01-01,"ene 2024",2.45146053143104e-05
"LM",-82.923825,8.735344,1168.3,"Set-Feb (Non-Reproductive)",202402,2,2024-02-01,"feb 2024",8.20399371723334e-05
"LM",-82.923825,8.735344,1168.3,"Mar-Aug (Reproductive)",202403,3,2024-03-01,"mar 2024",0.000121333303770562
"LM",-82.923825,8.735344,1168.3,"Mar-Aug (Reproductive)",202404,4,2024-04-01,"abr 2024",0.000188401304309342
"LM",-82.923825,8.735344,1168.3,"Mar-Aug (Reproductive)",202405,5,2024-05-01,"may 2024",0.00043924591135618
"LM",-82.923825,8.735344,1168.3,"Mar-Aug (Reproductive)",202406,6,2024-06-01,"jun 2024",0.00129354858462202
"LM",-82.923825,8.735344,1168.3,"Mar-Aug (Reproductive)",202407,7,2024-07-01,"jul 2024",0.00171198307981486
"LM",-82.923825,8.735344,1168.3,"Mar-Aug (Reproductive)",202408,8,2024-08-01,"ago 2024",0.000198281757801
"SD",-82.974064,8.74185,1339.542,"Mar-Aug (Reproductive)",202306,6,2023-06-01,"jun 2023",0.00158340575459805
"SD",-82.974064,8.74185,1339.542,"Mar-Aug (Reproductive)",202307,7,2023-07-01,"jul 2023",0.0020954059395205
"SD",-82.974064,8.74185,1339.542,"Mar-Aug (Reproductive)",202308,8,2023-08-01,"ago 2023",0.000242772210504328
"SD",-82.974064,8.74185,1339.542,"Set-Feb (Non-Reproductive)",202309,9,2023-09-01,"sept 2023",3.24086946140748e-06
"SD",-82.974064,8.74185,1339.542,"Set-Feb (Non-Reproductive)",202310,10,2023-10-01,"oct 2023",3.82795142521213e-07
"SD",-82.974064,8.74185,1339.542,"Set-Feb (Non-Reproductive)",202311,11,2023-11-01,"nov 2023",1.74382611853762e-06
"SD",-82.974064,8.74185,1339.542,"Set-Feb (Non-Reproductive)",202312,12,2023-12-01,"dic 2023",2.31915938980957e-05
"SD",-82.974064,8.74185,1339.542,"Set-Feb (Non-Reproductive)",202401,1,2024-01-01,"ene 2024",2.31915938980958e-05
"SD",-82.974064,8.74185,1339.542,"Set-Feb (Non-Reproductive)",202402,2,2024-02-01,"feb 2024",7.76126227167328e-05
"SD",-82.974064,8.74185,1339.542,"Mar-Aug (Reproductive)",202403,3,2024-03-01,"mar 2024",0.000148560631017278
"SD",-82.974064,8.74185,1339.542,"Mar-Aug (Reproductive)",202404,4,2024-04-01,"abr 2024",0.000230675292765391
"SD",-82.974064,8.74185,1339.542,"Mar-Aug (Reproductive)",202405,5,2024-05-01,"may 2024",0.000537774809055568
"SD",-82.974064,8.74185,1339.542,"Mar-Aug (Reproductive)",202406,6,2024-06-01,"jun 2024",0.00158340575459805
"SD",-82.974064,8.74185,1339.542,"Mar-Aug (Reproductive)",202407,7,2024-07-01,"jul 2024",0.0020954059395205
"SD",-82.974064,8.74185,1339.542,"Mar-Aug (Reproductive)",202408,8,2024-08-01,"ago 2024",0.000242772210504328
"BQ",-82.962024,8.700314,974.3171,"Mar-Aug (Reproductive)",202308,8,2023-08-01,"ago 2023",7.35783385802076e-05
"BQ",-82.962024,8.700314,974.3171,"Set-Feb (Non-Reproductive)",202309,9,2023-09-01,"sept 2023",1.00534019716317e-05
"BQ",-82.962024,8.700314,974.3171,"Set-Feb (Non-Reproductive)",202310,10,2023-10-01,"oct 2023",1.18746423058519e-06
"BQ",-82.962024,8.700314,974.3171,"Set-Feb (Non-Reproductive)",202311,11,2023-11-01,"nov 2023",5.40948665681523e-06
"BQ",-82.962024,8.700314,974.3171,"Set-Feb (Non-Reproductive)",202312,12,2023-12-01,"dic 2023",7.19389166981614e-05
"BQ",-82.962024,8.700314,974.3171,"Set-Feb (Non-Reproductive)",202401,1,2024-01-01,"ene 2024",7.19389166981615e-05
"BQ",-82.962024,8.700314,974.3171,"Set-Feb (Non-Reproductive)",202402,2,2024-02-01,"feb 2024",0.000240722108334956
"BQ",-82.962024,8.700314,974.3171,"Mar-Aug (Reproductive)",202403,3,2024-03-01,"mar 2024",4.50221487775135e-05
"BQ",-82.962024,8.700314,974.3171,"Mar-Aug (Reproductive)",202404,4,2024-04-01,"abr 2024",6.99114681769846e-05
"BQ",-82.962024,8.700314,974.3171,"Mar-Aug (Reproductive)",202405,5,2024-05-01,"may 2024",0.000163019958624682
"BQ",-82.962024,8.700314,974.3171,"Mar-Aug (Reproductive)",202406,6,2024-06-01,"jun 2024",0.000480340584043851
"BQ",-82.962024,8.700314,974.3171,"Mar-Aug (Reproductive)",202407,7,2024-07-01,"jul 2024",0.000635887680360757
"BQ",-82.962024,8.700314,974.3171,"Mar-Aug (Reproductive)",202408,8,2024-08-01,"ago 2024",7.35783385802076e-05
"LU",-82.951838,8.660137,117.3408,"Mar-Aug (Reproductive)",202306,6,2023-06-01,"jun 2023",1.01460535477092e-11
"LU",-82.951838,8.660137,117.3408,"Mar-Aug (Reproductive)",202307,7,2023-07-01,"jul 2023",1.34337069554377e-11
"LU",-82.951838,8.660137,117.3408,"Mar-Aug (Reproductive)",202308,8,2023-08-01,"ago 2023",1.5535353570235e-12
"LU",-82.951838,8.660137,117.3408,"Set-Feb (Non-Reproductive)",202309,9,2023-09-01,"sept 2023",8.69817515841606e-06
"LU",-82.951838,8.660137,117.3408,"Set-Feb (Non-Reproductive)",202310,10,2023-10-01,"oct 2023",1.0273894902993e-06
"LU",-82.951838,8.660137,117.3408,"Set-Feb (Non-Reproductive)",202311,11,2023-11-01,"nov 2023",4.68026973705189e-06
"LU",-82.951838,8.660137,117.3408,"Set-Feb (Non-Reproductive)",202312,12,2023-12-01,"dic 2023",6.22418679888702e-05
"LU",-82.951838,8.660137,117.3408,"Set-Feb (Non-Reproductive)",202401,1,2024-01-01,"ene 2024",6.22418679888703e-05
"LU",-82.951838,8.660137,117.3408,"Set-Feb (Non-Reproductive)",202402,2,2024-02-01,"feb 2024",0.000208278568687212
"LU",-82.951838,8.660137,117.3408,"Mar-Aug (Reproductive)",202403,3,2024-03-01,"mar 2024",9.50571919873541e-13
"LU",-82.951838,8.660137,117.3408,"Mar-Aug (Reproductive)",202404,4,2024-04-01,"abr 2024",1.47610752680385e-12
"LU",-82.951838,8.660137,117.3408,"Mar-Aug (Reproductive)",202405,5,2024-05-01,"may 2024",3.44231644726722e-12
"LU",-82.951838,8.660137,117.3408,"Mar-Aug (Reproductive)",202406,6,2024-06-01,"jun 2024",1.01460535477092e-11
"LU",-82.951838,8.660137,117.3408,"Mar-Aug (Reproductive)",202407,7,2024-07-01,"jul 2024",1.34337069554377e-11
"LU",-82.951838,8.660137,117.3408,"Mar-Aug (Reproductive)",202408,8,2024-08-01,"ago 2024",1.5535353570235e-12
"EF",-83.142097,8.664571,206.5883,"Mar-Aug (Reproductive)",202306,6,2023-06-01,"jun 2023",6.447561663705e-11
"EF",-83.142097,8.664571,206.5883,"Mar-Aug (Reproductive)",202307,7,2023-07-01,"jul 2023",8.53678265726861e-11
"EF",-83.142097,8.664571,206.5883,"Mar-Aug (Reproductive)",202308,8,2023-08-01,"ago 2023",9.87232618526585e-12
"EF",-83.142097,8.664571,206.5883,"Set-Feb (Non-Reproductive)",202309,9,2023-09-01,"sept 2023",9.23738804684438e-06
"EF",-83.142097,8.664571,206.5883,"Set-Feb (Non-Reproductive)",202310,10,2023-10-01,"oct 2023",1.09107942036657e-06
"EF",-83.142097,8.664571,206.5883,"Set-Feb (Non-Reproductive)",202311,11,2023-11-01,"nov 2023",4.97040789661881e-06
"EF",-83.142097,8.664571,206.5883,"Set-Feb (Non-Reproductive)",202312,12,2023-12-01,"dic 2023",6.61001150792686e-05
"EF",-83.142097,8.664571,206.5883,"Set-Feb (Non-Reproductive)",202401,1,2024-01-01,"ene 2024",6.61001150792687e-05
"EF",-83.142097,8.664571,206.5883,"Set-Feb (Non-Reproductive)",202402,2,2024-02-01,"feb 2024",0.000221187332077318
"EF",-83.142097,8.664571,206.5883,"Mar-Aug (Reproductive)",202403,3,2024-03-01,"mar 2024",6.0406453017949e-12
"EF",-83.142097,8.664571,206.5883,"Mar-Aug (Reproductive)",202404,4,2024-04-01,"abr 2024",9.38029181199979e-12
"EF",-83.142097,8.664571,206.5883,"Mar-Aug (Reproductive)",202405,5,2024-05-01,"may 2024",2.18750546270764e-11
"EF",-83.142097,8.664571,206.5883,"Mar-Aug (Reproductive)",202406,6,2024-06-01,"jun 2024",6.447561663705e-11
"EF",-83.142097,8.664571,206.5883,"Mar-Aug (Reproductive)",202407,7,2024-07-01,"jul 2024",8.53678265726861e-11
"EF",-83.142097,8.664571,206.5883,"Mar-Aug (Reproductive)",202408,8,2024-08-01,"ago 2024",9.87232618526585e-12
"FM",-83.02648,8.672788,67.8045,"Mar-Aug (Reproductive)",202306,6,2023-06-01,"jun 2023",3.67303927891156e-12
"FM",-83.02648,8.672788,67.8045,"Mar-Aug (Reproductive)",202307,7,2023-07-01,"jul 2023",4.86322421587793e-12
"FM",-83.02648,8.672788,67.8045,"Mar-Aug (Reproductive)",202308,8,2023-08-01,"ago 2023",5.62405506797499e-13
"FM",-83.02648,8.672788,67.8045,"Set-Feb (Non-Reproductive)",202309,9,2023-09-01,"sept 2023",8.41703259317286e-06
"FM",-83.02648,8.672788,67.8045,"Set-Feb (Non-Reproductive)",202310,10,2023-10-01,"oct 2023",9.94181943244665e-07
"FM",-83.02648,8.672788,67.8045,"Set-Feb (Non-Reproductive)",202311,11,2023-11-01,"nov 2023",4.528993390927e-06
"FM",-83.02648,8.672788,67.8045,"Set-Feb (Non-Reproductive)",202312,12,2023-12-01,"dic 2023",6.02301895120008e-05
"FM",-83.02648,8.672788,67.8045,"Set-Feb (Non-Reproductive)",202401,1,2024-01-01,"ene 2024",6.02301895120009e-05
"FM",-83.02648,8.672788,67.8045,"Set-Feb (Non-Reproductive)",202402,2,2024-02-01,"feb 2024",0.000201547885416315
"FM",-83.02648,8.672788,67.8045,"Mar-Aug (Reproductive)",202403,3,2024-03-01,"mar 2024",3.44122764845227e-13
"FM",-83.02648,8.672788,67.8045,"Mar-Aug (Reproductive)",202404,4,2024-04-01,"abr 2024",5.34375350999574e-13
"FM",-83.02648,8.672788,67.8045,"Mar-Aug (Reproductive)",202405,5,2024-05-01,"may 2024",1.24617551659349e-12
"FM",-83.02648,8.672788,67.8045,"Mar-Aug (Reproductive)",202406,6,2024-06-01,"jun 2024",3.67303927891156e-12
"FM",-83.02648,8.672788,67.8045,"Mar-Aug (Reproductive)",202407,7,2024-07-01,"jul 2024",4.86322421587793e-12
"FM",-83.02648,8.672788,67.8045,"Mar-Aug (Reproductive)",202408,8,2024-08-01,"ago 2024",5.62405506797499e-13
"OE",-83.125516,8.672767,66.244,"Mar-Aug (Reproductive)",202306,6,2023-06-01,"jun 2023",3.55742733257583e-12
"OE",-83.125516,8.672767,66.244,"Mar-Aug (Reproductive)",202307,7,2023-07-01,"jul 2023",4.71015021520167e-12
"OE",-83.125516,8.672767,66.244,"Mar-Aug (Reproductive)",202308,8,2023-08-01,"ago 2023",5.44703328755381e-13
"OE",-83.125516,8.672767,66.244,"Set-Feb (Non-Reproductive)",202309,9,2023-09-01,"sept 2023",8.40811380793608e-06
"OE",-83.125516,8.672767,66.244,"Set-Feb (Non-Reproductive)",202310,10,2023-10-01,"oct 2023",9.9312848872986e-07
"OE",-83.125516,8.672767,66.244,"Set-Feb (Non-Reproductive)",202311,11,2023-11-01,"nov 2023",4.52419439842812e-06
"OE",-83.125516,8.672767,66.244,"Set-Feb (Non-Reproductive)",202312,12,2023-12-01,"dic 2023",6.01663722087718e-05
"OE",-83.125516,8.672767,66.244,"Set-Feb (Non-Reproductive)",202401,1,2024-01-01,"ene 2024",6.01663722087719e-05
"OE",-83.125516,8.672767,66.244,"Set-Feb (Non-Reproductive)",202402,2,2024-02-01,"feb 2024",0.000201334364144395
"OE",-83.125516,8.672767,66.244,"Mar-Aug (Reproductive)",202403,3,2024-03-01,"mar 2024",3.33291216473083e-13
"OE",-83.125516,8.672767,66.244,"Mar-Aug (Reproductive)",202404,4,2024-04-01,"abr 2024",5.17555445272513e-13
"OE",-83.125516,8.672767,66.244,"Mar-Aug (Reproductive)",202405,5,2024-05-01,"may 2024",1.20695111249392e-12
"OE",-83.125516,8.672767,66.244,"Mar-Aug (Reproductive)",202406,6,2024-06-01,"jun 2024",3.55742733257583e-12
"OE",-83.125516,8.672767,66.244,"Mar-Aug (Reproductive)",202407,7,2024-07-01,"jul 2024",4.71015021520167e-12
"OE",-83.125516,8.672767,66.244,"Mar-Aug (Reproductive)",202408,8,2024-08-01,"ago 2024",5.44703328755381e-13
"FC",-82.94086,8.678668,372.9172,"Mar-Aug (Reproductive)",202306,6,2023-06-01,"jun 2023",2.28051348533832e-09
"FC",-82.94086,8.678668,372.9172,"Mar-Aug (Reproductive)",202307,7,2023-07-01,"jul 2023",3.01947448861413e-09
"FC",-82.94086,8.678668,372.9172,"Mar-Aug (Reproductive)",202308,8,2023-08-01,"ago 2023",3.49185850616163e-10
"FC",-82.94086,8.678668,372.9172,"Set-Feb (Non-Reproductive)",202309,9,2023-09-01,"sept 2023",1.02605766143708e-05
"FC",-82.94086,8.678668,372.9172,"Set-Feb (Non-Reproductive)",202310,10,2023-10-01,"oct 2023",1.21193502211752e-06
"FC",-82.94086,8.678668,372.9172,"Set-Feb (Non-Reproductive)",202311,11,2023-11-01,"nov 2023",5.5209627303344e-06
"FC",-82.94086,8.678668,372.9172,"Set-Feb (Non-Reproductive)",202312,12,2023-12-01,"dic 2023",7.34212982895937e-05
"FC",-82.94086,8.678668,372.9172,"Set-Feb (Non-Reproductive)",202401,1,2024-01-01,"ene 2024",7.34212982895938e-05
"FC",-82.94086,8.678668,372.9172,"Set-Feb (Non-Reproductive)",202402,2,2024-02-01,"feb 2024",0.000245681601251914
"FC",-82.94086,8.678668,372.9172,"Mar-Aug (Reproductive)",202403,3,2024-03-01,"mar 2024",2.13658648293413e-10
"FC",-82.94086,8.678668,372.9172,"Mar-Aug (Reproductive)",202404,4,2024-04-01,"abr 2024",3.31782511435339e-10
"FC",-82.94086,8.678668,372.9172,"Mar-Aug (Reproductive)",202405,5,2024-05-01,"may 2024",7.73724389848435e-10
"FC",-82.94086,8.678668,372.9172,"Mar-Aug (Reproductive)",202406,6,2024-06-01,"jun 2024",2.28051348533832e-09
"FC",-82.94086,8.678668,372.9172,"Mar-Aug (Reproductive)",202407,7,2024-07-01,"jul 2024",3.01947448861413e-09
"FC",-82.94086,8.678668,372.9172,"Mar-Aug (Reproductive)",202408,8,2024-08-01,"ago 2024",3.49185850616163e-10
