"source","season","n_observations","n_over_1000","percent_over_1000","median_effort","q95_effort","maximum_effort","geometry"
"Acoustic","Mar-Aug (Reproductive)",45,0,0,214,269.8,282,c(585768.446196904, 587642.244528312, 587820.543366534, 590366.439892031, 594289.497807946, 594412.511926958, 595770.718880777, 595840.073278246, 596235.305979079, 600489.041203269, 601558.455588676, 601688.171133596, 604820.439702626, 605156.946830636, 605266.193528736, 605545.306043729, 605843.05120989, 606383.273270307, 607134.980717471, 608777.50423214, 610930.51836592, 611197.788056824, 611675.955724718, 611770.102131021, 612485.425264455, 612723.659736276, 612883.18207004, 613879.514479081, 
613984.008867898, 614220.695905982, 614232.792264988, 614532.643658092, 614697.227545806, 614978.594784767, 615193.970328824, 615353.971115189, 615463.489752414, 616556.559057294, 618059.048785242, 618413.615450008, 622003.103561637, 622418.145469191, 625669.001533393, 629769.996354371, 636962.654275195, 962461.299836662, 958241.191528396, 962006.255595808, 957142.425041123, 953741.139447089, 958162.349907141, 961296.781106909, 955569.45247307, 959072.990757336, 962404.396592019, 982919.317769403, 
955057.962827196, 963738.445990022, 986201.691490039, 976758.061623176, 961789.883008856, 978183.586262767, 966683.168690406, 959101.821499224, 998619.53656465, 971713.838614997, 990064.250522832, 979890.246546661, 962298.303241449, 985339.88079001, 978050.401971253, 966755.652434766, 973538.819405803, 971479.709837487, 962165.141290809, 997973.806377022, 974912.718441943, 980382.183669437, 998065.528171448, 971925.278981891, 957724.399580939, 985214.277416512, 959777.396792221, 972644.261174755, 
966051.454544266, 988245.736141364, 987642.386951063, 981008.748710909, 983400.857984336, 983522.949107539)
"Acoustic","Set-Feb (Non-Reproductive)",45,0,0,180,185,185,c(585768.446196904, 587642.244528312, 587820.543366534, 590366.439892031, 594289.497807946, 594412.511926958, 595770.718880777, 595840.073278246, 596235.305979079, 600489.041203269, 601558.455588676, 601688.171133596, 604820.439702626, 605156.946830636, 605266.193528736, 605545.306043729, 605843.05120989, 606383.273270307, 607134.980717471, 608777.50423214, 610930.51836592, 611197.788056824, 611675.955724718, 611770.102131021, 612485.425264455, 612723.659736276, 612883.18207004, 613879.514479081, 
613984.008867898, 614220.695905982, 614232.792264988, 614532.643658092, 614697.227545806, 614978.594784767, 615193.970328824, 615353.971115189, 615463.489752414, 616556.559057294, 618059.048785242, 618413.615450008, 622003.103561637, 622418.145469191, 625669.001533393, 629769.996354371, 636962.654275195, 962461.299836662, 958241.191528396, 962006.255595808, 957142.425041123, 953741.139447089, 958162.349907141, 961296.781106909, 955569.45247307, 959072.990757336, 962404.396592019, 982919.317769403, 
955057.962827196, 963738.445990022, 986201.691490039, 976758.061623176, 961789.883008856, 978183.586262767, 966683.168690406, 959101.821499224, 998619.53656465, 971713.838614997, 990064.250522832, 979890.246546661, 962298.303241449, 985339.88079001, 978050.401971253, 966755.652434766, 973538.819405803, 971479.709837487, 962165.141290809, 997973.806377022, 974912.718441943, 980382.183669437, 998065.528171448, 971925.278981891, 957724.399580939, 985214.277416512, 959777.396792221, 972644.261174755, 
966051.454544266, 988245.736141364, 987642.386951063, 981008.748710909, 983400.857984336, 983522.949107539)
"Citizen science","Mar-Aug (Reproductive)",33,2,6.06060606060606,30,936.199999999998,8970,c(582180.361351623, 583231.871410963, 585122.935164432, 586985.861030813, 590053.284431174, 590085.552862019, 591507.857826755, 591510.96649204, 593588.057594851, 595598.754500297, 599555.995422838, 601984.165670079, 602152.351856915, 605748.505798881, 606913.140241372, 609319.092043586, 612175.635654822, 612714.101681751, 614792.101304246, 614940.47902347, 617201.754174579, 619442.91838984, 625632.743233819, 625819.386354626, 626081.701416454, 628294.484419875, 631186.013066579, 633180.024371663, 
634871.599018343, 636570.50176912, 636605.148305138, 636732.467228854, 637334.911543985, 972991.308424985, 954625.917373096, 995228.917541539, 954598.655737552, 996346.361124555, 959703.036165931, 985429.438739315, 991290.055906495, 983799.183537385, 957816.956134451, 1001202.78190408, 959757.698294323, 956536.955369824, 986058.928701432, 997532.028329275, 999093.288207556, 984864.988530547, 967012.065020018, 970377.627329369, 997088.143958783, 1001217.50480792, 988652.588016017, 980874.887709006, 
987938.422538386, 984296.984506839, 988513.009434316, 984170.333025511, 988744.101444958, 992283.614426789, 983477.042697874, 989487.403454328, 992563.444772071, 988715.387501412)
"Citizen science","Set-Feb (Non-Reproductive)",32,2,6.25,43,1536.55,11429,c(582142.00096482, 583092.472534304, 585389.105924691, 589933.087913569, 590066.369050653, 591045.18896126, 592060.772400995, 592595.509586856, 593917.81958729, 595425.684974999, 599312.543025448, 600297.180409386, 602286.091412683, 603268.443014881, 606021.346309736, 606336.969199472, 609560.860313104, 609962.094195823, 612716.971439775, 614869.005097147, 614944.218023728, 617056.76502998, 619732.241842441, 621311.164680002, 625555.502620032, 628167.445244093, 631877.685779331, 634883.498607673, 
637014.938282905, 637533.61990798, 637600.560238629, 637649.844597448, 972981.056834317, 954849.464101787, 995633.241913685, 996336.103376221, 960092.493310214, 991410.315860434, 969117.863685591, 966437.416643508, 983418.963711086, 957924.140460674, 965113.416811099, 1000211.16500841, 959759.072707909, 965211.493100826, 985935.370253129, 998006.359016618, 999434.04628701, 960365.558573835, 985314.802906672, 997165.725391682, 969278.534648725, 1000880.26064453, 988206.846970875, 951091.742428326, 
980681.435931344, 988474.124000299, 984102.306933761, 992293.592986769, 983795.392466543, 990665.357945658, 988823.696268395, 986077.316706743)
