"site","Elevation (masl)","season","month","month_num","month_date","month_lab","Det_prob","geometry"
"PP",1606.2736,"Mar-Aug (Reproductive)",202305,5,2023-05-01,"may 2023",0.0102305193507036,c(-82.961005, 9.024058)
"PP",1606.2736,"Mar-Aug (Reproductive)",202306,6,2023-06-01,"jun 2023",0.0295649041573914,c(-82.961005, 9.024058)
"PP",1606.2736,"Mar-Aug (Reproductive)",202307,7,2023-07-01,"jul 2023",0.0387734511713916,c(-82.961005, 9.024058)
"PP",1606.2736,"Mar-Aug (Reproductive)",202308,8,2023-08-01,"ago 2023",0.00464315072723371,c(-82.961005, 9.024058)
"PP",1606.2736,"Set-Feb (Non-Reproductive)",202309,9,2023-09-01,"sept 2023",0.00029887578101185,c(-82.961005, 9.024058)
"PP",1606.2736,"Set-Feb (Non-Reproductive)",202310,10,2023-10-01,"oct 2023",3.53109048282135e-05,c(-82.961005, 9.024058)
"PP",1606.2736,"Set-Feb (Non-Reproductive)",202311,11,2023-11-01,"nov 2023",0.000160839115386512,c(-82.961005, 9.024058)
"PP",1606.2736,"Set-Feb (Non-Reproductive)",202312,12,2023-12-01,"dic 2023",0.00213486352252071,c(-82.961005, 9.024058)
"PP",1606.2736,"Set-Feb (Non-Reproductive)",202401,1,2024-01-01,"ene 2024",0.00213486352252071,c(-82.961005, 9.024058)
"PP",1606.2736,"Set-Feb (Non-Reproductive)",202402,2,2024-02-01,"feb 2024",0.00710927183102739,c(-82.961005, 9.024058)
"PP",1606.2736,"Mar-Aug (Reproductive)",202403,3,2024-03-01,"mar 2024",0.00284616436018239,c(-82.961005, 9.024058)
"PP",1606.2736,"Mar-Aug (Reproductive)",202404,4,2024-04-01,"abr 2024",0.00441275837868335,c(-82.961005, 9.024058)
"PP",1606.2736,"Mar-Aug (Reproductive)",202405,5,2024-05-01,"may 2024",0.0102305193507036,c(-82.961005, 9.024058)
"PP",1606.2736,"Mar-Aug (Reproductive)",202406,6,2024-06-01,"jun 2024",0.0295649041573914,c(-82.961005, 9.024058)
"PP",1606.2736,"Mar-Aug (Reproductive)",202407,7,2024-07-01,"jul 2024",0.0387734511713916,c(-82.961005, 9.024058)
"PA",1218.9694,"Mar-Aug (Reproductive)",202305,5,2023-05-01,"may 2023",0.0747176711070521,c(-82.890607, 8.935903)
"PA",1218.9694,"Mar-Aug (Reproductive)",202306,6,2023-06-01,"jun 2023",0.192252157976664,c(-82.890607, 8.935903)
"PA",1218.9694,"Mar-Aug (Reproductive)",202307,7,2023-07-01,"jul 2023",0.239620737789088,c(-82.890607, 8.935903)
"PA",1218.9694,"Mar-Aug (Reproductive)",202308,8,2023-08-01,"ago 2023",0.0351620186578305,c(-82.890607, 8.935903)
"PA",1218.9694,"Set-Feb (Non-Reproductive)",202309,9,2023-09-01,"sept 2023",0.000500730118063843,c(-82.890607, 8.935903)
"PA",1218.9694,"Set-Feb (Non-Reproductive)",202310,10,2023-10-01,"oct 2023",5.91696736110131e-05,c(-82.890607, 8.935903)
"PA",1218.9694,"Set-Feb (Non-Reproductive)",202311,11,2023-11-01,"nov 2023",0.000269491559781362,c(-82.890607, 8.935903)
"PA",1218.9694,"Set-Feb (Non-Reproductive)",202312,12,2023-12-01,"dic 2023",0.00357227397975355,c(-82.890607, 8.935903)
"PA",1218.9694,"Set-Feb (Non-Reproductive)",202401,1,2024-01-01,"ene 2024",0.00357227397975355,c(-82.890607, 8.935903)
"PA",1218.9694,"Set-Feb (Non-Reproductive)",202402,2,2024-02-01,"feb 2024",0.0118561726992975,c(-82.890607, 8.935903)
"PA",1218.9694,"Mar-Aug (Reproductive)",202404,4,2024-04-01,"abr 2024",0.0334682039763456,c(-82.890607, 8.935903)
"PA",1218.9694,"Mar-Aug (Reproductive)",202405,5,2024-05-01,"may 2024",0.0747176711070521,c(-82.890607, 8.935903)
"PA",1218.9694,"Mar-Aug (Reproductive)",202406,6,2024-06-01,"jun 2024",0.192252157976664,c(-82.890607, 8.935903)
"PA",1218.9694,"Mar-Aug (Reproductive)",202407,7,2024-07-01,"jul 2024",0.239620737789088,c(-82.890607, 8.935903)
"FG",934.9799,"Mar-Aug (Reproductive)",202305,5,2023-05-01,"may 2023",8.73858770872274e-05,c(-82.950144, 8.908669)
"FG",934.9799,"Mar-Aug (Reproductive)",202306,6,2023-06-01,"jun 2023",0.00025752162608561,c(-82.950144, 8.908669)
"FG",934.9799,"Mar-Aug (Reproductive)",202307,7,2023-07-01,"jul 2023",0.000340938611290605,c(-82.950144, 8.908669)
"FG",934.9799,"Mar-Aug (Reproductive)",202308,8,2023-08-01,"ago 2023",3.94395929177211e-05,c(-82.950144, 8.908669)
"FG",934.9799,"Set-Feb (Non-Reproductive)",202309,9,2023-09-01,"sept 2023",9.96791725661261e-06,c(-82.950144, 8.908669)
"FG",934.9799,"Set-Feb (Non-Reproductive)",202310,10,2023-10-01,"oct 2023",1.17736705810852e-06,c(-82.950144, 8.908669)
"FG",934.9799,"Set-Feb (Non-Reproductive)",202311,11,2023-11-01,"nov 2023",5.3634892366582e-06,c(-82.950144, 8.908669)
"FG",934.9799,"Set-Feb (Non-Reproductive)",202312,12,2023-12-01,"dic 2023",7.13272530577179e-05,c(-82.950144, 8.908669)
"FG",934.9799,"Set-Feb (Non-Reproductive)",202401,1,2024-01-01,"ene 2024",7.13272530577179e-05,c(-82.950144, 8.908669)
"FG",934.9799,"Set-Feb (Non-Reproductive)",202402,2,2024-02-01,"feb 2024",0.00023867570111099,c(-82.950144, 8.908669)
"FG",934.9799,"Mar-Aug (Reproductive)",202403,3,2024-03-01,"mar 2024",2.41325331130786e-05,c(-82.950144, 8.908669)
"FG",934.9799,"Mar-Aug (Reproductive)",202404,4,2024-04-01,"abr 2024",3.74740067111622e-05,c(-82.950144, 8.908669)
"FG",934.9799,"Mar-Aug (Reproductive)",202405,5,2024-05-01,"may 2024",8.73858770872274e-05,c(-82.950144, 8.908669)
"FG",934.9799,"Mar-Aug (Reproductive)",202406,6,2024-06-01,"jun 2024",0.00025752162608561,c(-82.950144, 8.908669)
"FG",934.9799,"Mar-Aug (Reproductive)",202407,7,2024-07-01,"jul 2024",0.000340938611290605,c(-82.950144, 8.908669)
"CA",1181.7847,"Mar-Aug (Reproductive)",202305,5,2023-05-01,"may 2023",0.0019947181390181,c(-82.958869, 8.815557)
"CA",1181.7847,"Mar-Aug (Reproductive)",202306,6,2023-06-01,"jun 2023",0.00585658023677105,c(-82.958869, 8.815557)
"CA",1181.7847,"Mar-Aug (Reproductive)",202307,7,2023-07-01,"jul 2023",0.00773961625368633,c(-82.958869, 8.815557)
"CA",1181.7847,"Mar-Aug (Reproductive)",202308,8,2023-08-01,"ago 2023",0.000901213064345966,c(-82.958869, 8.815557)
"CA",1181.7847,"Set-Feb (Non-Reproductive)",202309,9,2023-09-01,"sept 2023",1.44663450999783e-05,c(-82.958869, 8.815557)
"CA",1181.7847,"Set-Feb (Non-Reproductive)",202310,10,2023-10-01,"oct 2023",1.70870858000978e-06,c(-82.958869, 8.815557)
"CA",1181.7847,"Set-Feb (Non-Reproductive)",202311,11,2023-11-01,"nov 2023",7.78399794753172e-06,c(-82.958869, 8.815557)
"CA",1181.7847,"Set-Feb (Non-Reproductive)",202312,12,2023-12-01,"dic 2023",0.000103513708933209,c(-82.958869, 8.815557)
"CA",1181.7847,"Set-Feb (Non-Reproductive)",202401,1,2024-01-01,"ene 2024",0.000103513708933209,c(-82.958869, 8.815557)
"CA",1181.7847,"Set-Feb (Non-Reproductive)",202402,2,2024-02-01,"feb 2024",0.000346352064428063,c(-82.958869, 8.815557)
"CA",1181.7847,"Mar-Aug (Reproductive)",202403,3,2024-03-01,"mar 2024",0.000551624126643421,c(-82.958869, 8.815557)
"CA",1181.7847,"Mar-Aug (Reproductive)",202404,4,2024-04-01,"abr 2024",0.000856335284366994,c(-82.958869, 8.815557)
"CA",1181.7847,"Mar-Aug (Reproductive)",202405,5,2024-05-01,"may 2024",0.0019947181390181,c(-82.958869, 8.815557)
"CA",1181.7847,"Mar-Aug (Reproductive)",202406,6,2024-06-01,"jun 2024",0.00585658023677105,c(-82.958869, 8.815557)
"CA",1181.7847,"Mar-Aug (Reproductive)",202407,7,2024-07-01,"jul 2024",0.00773961625368633,c(-82.958869, 8.815557)
"CA",1181.7847,"Mar-Aug (Reproductive)",202408,8,2024-08-01,"ago 2024",0.000901213064345966,c(-82.958869, 8.815557)
"LL",1238.5903,"Mar-Aug (Reproductive)",202305,5,2023-05-01,"may 2023",0.0388122583846874,c(-82.820132, 8.891885)
"LL",1238.5903,"Mar-Aug (Reproductive)",202306,6,2023-06-01,"jun 2023",0.106358100328286,c(-82.820132, 8.891885)
"LL",1238.5903,"Mar-Aug (Reproductive)",202307,7,2023-07-01,"jul 2023",0.136130085761951,c(-82.820132, 8.891885)
"LL",1238.5903,"Mar-Aug (Reproductive)",202308,8,2023-08-01,"ago 2023",0.0178973173025038,c(-82.820132, 8.891885)
"LL",1238.5903,"Set-Feb (Non-Reproductive)",202309,9,2023-09-01,"sept 2023",0.000237784816682462,c(-82.820132, 8.891885)
"LL",1238.5903,"Set-Feb (Non-Reproductive)",202310,10,2023-10-01,"oct 2023",2.80917528692208e-05,c(-82.820132, 8.891885)
"LL",1238.5903,"Set-Feb (Non-Reproductive)",202311,11,2023-11-01,"nov 2023",0.000127959582602512,c(-82.820132, 8.891885)
"LL",1238.5903,"Set-Feb (Non-Reproductive)",202312,12,2023-12-01,"dic 2023",0.00169912986877199,c(-82.820132, 8.891885)
"LL",1238.5903,"Set-Feb (Non-Reproductive)",202401,1,2024-01-01,"ene 2024",0.00169912986877199,c(-82.820132, 8.891885)
"LL",1238.5903,"Set-Feb (Non-Reproductive)",202402,2,2024-02-01,"feb 2024",0.00566400572237472,c(-82.820132, 8.891885)
"LL",1238.5903,"Mar-Aug (Reproductive)",202403,3,2024-03-01,"mar 2024",0.0110275509423689,c(-82.820132, 8.891885)
"LL",1238.5903,"Mar-Aug (Reproductive)",202404,4,2024-04-01,"abr 2024",0.0170205015469254,c(-82.820132, 8.891885)
"LL",1238.5903,"Mar-Aug (Reproductive)",202405,5,2024-05-01,"may 2024",0.0388122583846874,c(-82.820132, 8.891885)
"LL",1238.5903,"Mar-Aug (Reproductive)",202406,6,2024-06-01,"jun 2024",0.106358100328286,c(-82.820132, 8.891885)
"LL",1238.5903,"Mar-Aug (Reproductive)",202407,7,2024-07-01,"jul 2024",0.136130085761951,c(-82.820132, 8.891885)
"BO",465.5179,"Mar-Aug (Reproductive)",202305,5,2023-05-01,"may 2023",6.1232353401124e-09,c(-83.043824, 8.917849)
"BO",465.5179,"Mar-Aug (Reproductive)",202306,6,2023-06-01,"jun 2023",1.80479261152476e-08,c(-83.043824, 8.917849)
"BO",465.5179,"Mar-Aug (Reproductive)",202307,7,2023-07-01,"jul 2023",2.38960447062971e-08,c(-83.043824, 8.917849)
"BO",465.5179,"Mar-Aug (Reproductive)",202308,8,2023-08-01,"ago 2023",2.763448037944e-09,c(-83.043824, 8.917849)
"BO",465.5179,"Set-Feb (Non-Reproductive)",202309,9,2023-09-01,"sept 2023",1.08212228155813e-05,c(-83.043824, 8.917849)
"BO",465.5179,"Set-Feb (Non-Reproductive)",202310,10,2023-10-01,"oct 2023",1.27815676345505e-06,c(-83.043824, 8.917849)
"BO",465.5179,"Set-Feb (Non-Reproductive)",202311,11,2023-11-01,"nov 2023",5.82263410519507e-06,c(-83.043824, 8.917849)
"BO",465.5179,"Set-Feb (Non-Reproductive)",202312,12,2023-12-01,"dic 2023",7.74328301491508e-05,c(-83.043824, 8.917849)
"BO",465.5179,"Set-Feb (Non-Reproductive)",202401,1,2024-01-01,"ene 2024",7.74328301491508e-05,c(-83.043824, 8.917849)
"BO",465.5179,"Set-Feb (Non-Reproductive)",202402,2,2024-02-01,"feb 2024",0.000259102509537763,c(-83.043824, 8.917849)
"BO",465.5179,"Mar-Aug (Reproductive)",202403,3,2024-03-01,"mar 2024",1.69088916955712e-09,c(-83.043824, 8.917849)
"BO",465.5179,"Mar-Aug (Reproductive)",202404,4,2024-04-01,"abr 2024",2.62571844976702e-09,c(-83.043824, 8.917849)
"BO",465.5179,"Mar-Aug (Reproductive)",202405,5,2024-05-01,"may 2024",6.1232353401124e-09,c(-83.043824, 8.917849)
"BO",465.5179,"Mar-Aug (Reproductive)",202406,6,2024-06-01,"jun 2024",1.80479261152476e-08,c(-83.043824, 8.917849)
"BO",465.5179,"Mar-Aug (Reproductive)",202407,7,2024-07-01,"jul 2024",2.38960447062971e-08,c(-83.043824, 8.917849)
"BM",819.7096,"Mar-Aug (Reproductive)",202305,5,2023-05-01,"may 2023",1.42414510871723e-05,c(-83.043052, 8.832465)
"BM",819.7096,"Mar-Aug (Reproductive)",202306,6,2023-06-01,"jun 2023",4.1974792314681e-05,c(-83.043052, 8.832465)
"BM",819.7096,"Mar-Aug (Reproductive)",202307,7,2023-07-01,"jul 2023",5.5575242878149e-05,c(-83.043052, 8.832465)
"BM",819.7096,"Mar-Aug (Reproductive)",202308,8,2023-08-01,"ago 2023",6.42729133876382e-06,c(-83.043052, 8.832465)
"BM",819.7096,"Set-Feb (Non-Reproductive)",202309,9,2023-09-01,"sept 2023",1.2881881631819e-05,c(-83.043052, 8.832465)
"BM",819.7096,"Set-Feb (Non-Reproductive)",202310,10,2023-10-01,"oct 2023",1.52155577387723e-06,c(-83.043052, 8.832465)
"BM",819.7096,"Set-Feb (Non-Reproductive)",202311,11,2023-11-01,"nov 2023",6.93143057896349e-06,c(-83.043052, 8.832465)
"BM",819.7096,"Set-Feb (Non-Reproductive)",202312,12,2023-12-01,"dic 2023",9.21770040867722e-05,c(-83.043052, 8.832465)
"BM",819.7096,"Set-Feb (Non-Reproductive)",202401,1,2024-01-01,"ene 2024",9.21770040867722e-05,c(-83.043052, 8.832465)
"BM",819.7096,"Set-Feb (Non-Reproductive)",202402,2,2024-02-01,"feb 2024",0.000308428179937465,c(-83.043052, 8.832465)
"BM",819.7096,"Mar-Aug (Reproductive)",202403,3,2024-03-01,"mar 2024",3.93271893091742e-06,c(-83.043052, 8.832465)
"BM",819.7096,"Mar-Aug (Reproductive)",202404,4,2024-04-01,"abr 2024",6.10695863364358e-06,c(-83.043052, 8.832465)
"BM",819.7096,"Mar-Aug (Reproductive)",202405,5,2024-05-01,"may 2024",1.42414510871723e-05,c(-83.043052, 8.832465)
"BM",819.7096,"Mar-Aug (Reproductive)",202406,6,2024-06-01,"jun 2024",4.1974792314681e-05,c(-83.043052, 8.832465)
"BM",819.7096,"Mar-Aug (Reproductive)",202407,7,2024-07-01,"jul 2024",5.5575242878149e-05,c(-83.043052, 8.832465)
"LJ",1418.1248,"Mar-Aug (Reproductive)",202305,5,2023-05-01,"may 2023",0.000507781942604475,c(-82.991688, 8.786725)
"LJ",1418.1248,"Mar-Aug (Reproductive)",202306,6,2023-06-01,"jun 2023",0.00149518302610719,c(-82.991688, 8.786725)
"LJ",1418.1248,"Mar-Aug (Reproductive)",202307,7,2023-07-01,"jul 2023",0.00197871259768854,c(-82.991688, 8.786725)
"LJ",1418.1248,"Mar-Aug (Reproductive)",202308,8,2023-08-01,"ago 2023",0.000229228504729907,c(-82.991688, 8.786725)
"LJ",1418.1248,"Set-Feb (Non-Reproductive)",202309,9,2023-09-01,"sept 2023",4.11644598347104e-06,c(-82.991688, 8.786725)
"LJ",1418.1248,"Set-Feb (Non-Reproductive)",202310,10,2023-10-01,"oct 2023",4.86214197277856e-07,c(-82.991688, 8.786725)
"LJ",1418.1248,"Set-Feb (Non-Reproductive)",202311,11,2023-11-01,"nov 2023",2.2149515771374e-06,c(-82.991688, 8.786725)
"LJ",1418.1248,"Set-Feb (Non-Reproductive)",202312,12,2023-12-01,"dic 2023",2.94570423524547e-05,c(-82.991688, 8.786725)
"LJ",1418.1248,"Set-Feb (Non-Reproductive)",202401,1,2024-01-01,"ene 2024",2.94570423524547e-05,c(-82.991688, 8.786725)
"LJ",1418.1248,"Set-Feb (Non-Reproductive)",202402,2,2024-02-01,"feb 2024",9.85790244092736e-05,c(-82.991688, 8.786725)
"LJ",1418.1248,"Mar-Aug (Reproductive)",202403,3,2024-03-01,"mar 2024",0.000140272036128672,c(-82.991688, 8.786725)
"LJ",1418.1248,"Mar-Aug (Reproductive)",202404,4,2024-04-01,"abr 2024",0.000217806299310296,c(-82.991688, 8.786725)
"LJ",1418.1248,"Mar-Aug (Reproductive)",202405,5,2024-05-01,"may 2024",0.000507781942604475,c(-82.991688, 8.786725)
"LJ",1418.1248,"Mar-Aug (Reproductive)",202406,6,2024-06-01,"jun 2024",0.00149518302610719,c(-82.991688, 8.786725)
"LJ",1418.1248,"Mar-Aug (Reproductive)",202407,7,2024-07-01,"jul 2024",0.00197871259768854,c(-82.991688, 8.786725)
"AL",1374.8015,"Mar-Aug (Reproductive)",202306,6,2023-06-01,"jun 2023",0.00163291181124571,c(-83.010602, 9.030033)
"AL",1374.8015,"Mar-Aug (Reproductive)",202307,7,2023-07-01,"jul 2023",0.00216088531887622,c(-83.010602, 9.030033)
"AL",1374.8015,"Mar-Aug (Reproductive)",202308,8,2023-08-01,"ago 2023",0.00025037312913089,c(-83.010602, 9.030033)
"AL",1374.8015,"Set-Feb (Non-Reproductive)",202310,10,2023-10-01,"oct 2023",4.39499570639314e-07,c(-83.010602, 9.030033)
"AL",1374.8015,"Set-Feb (Non-Reproductive)",202312,12,2023-12-01,"dic 2023",2.66269343317688e-05,c(-83.010602, 9.030033)
"AL",1374.8015,"Set-Feb (Non-Reproductive)",202402,2,2024-02-01,"feb 2024",8.91085605335859e-05,c(-83.010602, 9.030033)
"AL",1374.8015,"Mar-Aug (Reproductive)",202404,4,2024-04-01,"abr 2024",0.000237897560937141,c(-83.010602, 9.030033)
"AL",1374.8015,"Mar-Aug (Reproductive)",202405,5,2024-05-01,"may 2024",0.000554606795974043,c(-83.010602, 9.030033)
"AL",1374.8015,"Mar-Aug (Reproductive)",202406,6,2024-06-01,"jun 2024",0.00163291181124571,c(-83.010602, 9.030033)
"AL",1374.8015,"Mar-Aug (Reproductive)",202407,7,2024-07-01,"jul 2024",0.00216088531887622,c(-83.010602, 9.030033)
"KK",902.4761,"Mar-Aug (Reproductive)",202305,5,2023-05-01,"may 2023",5.90151395273737e-05,c(-82.988805, 8.952625)
"KK",902.4761,"Mar-Aug (Reproductive)",202306,6,2023-06-01,"jun 2023",0.0001739241486742,c(-82.988805, 8.952625)
"KK",902.4761,"Mar-Aug (Reproductive)",202307,7,2023-07-01,"jul 2023",0.000230268287747915,c(-82.988805, 8.952625)
"KK",902.4761,"Mar-Aug (Reproductive)",202308,8,2023-08-01,"ago 2023",2.66347025735885e-05,c(-82.988805, 8.952625)
"KK",902.4761,"Set-Feb (Non-Reproductive)",202309,9,2023-09-01,"sept 2023",1.16347328673338e-05,c(-82.988805, 8.952625)
"KK",902.4761,"Set-Feb (Non-Reproductive)",202310,10,2023-10-01,"oct 2023",1.37424609286052e-06,c(-82.988805, 8.952625)
"KK",902.4761,"Set-Feb (Non-Reproductive)",202311,11,2023-11-01,"nov 2023",6.26036622756435e-06,c(-82.988805, 8.952625)
"KK",902.4761,"Set-Feb (Non-Reproductive)",202312,12,2023-12-01,"dic 2023",8.32536024629172e-05,c(-82.988805, 8.952625)
"KK",902.4761,"Set-Feb (Non-Reproductive)",202401,1,2024-01-01,"ene 2024",8.32536024629172e-05,c(-82.988805, 8.952625)
"KK",902.4761,"Set-Feb (Non-Reproductive)",202402,2,2024-02-01,"feb 2024",0.000278575930642562,c(-82.988805, 8.952625)
"KK",902.4761,"Mar-Aug (Reproductive)",202403,3,2024-03-01,"mar 2024",1.62973195151717e-05,c(-82.988805, 8.952625)
"KK",902.4761,"Mar-Aug (Reproductive)",202404,4,2024-04-01,"abr 2024",2.53072689692313e-05,c(-82.988805, 8.952625)
"KK",902.4761,"Mar-Aug (Reproductive)",202405,5,2024-05-01,"may 2024",5.90151395273737e-05,c(-82.988805, 8.952625)
"KK",902.4761,"Mar-Aug (Reproductive)",202406,6,2024-06-01,"jun 2024",0.0001739241486742,c(-82.988805, 8.952625)
"KK",902.4761,"Mar-Aug (Reproductive)",202407,7,2024-07-01,"jul 2024",0.000230268287747915,c(-82.988805, 8.952625)
"KK",902.4761,"Mar-Aug (Reproductive)",202408,8,2024-08-01,"ago 2024",2.66347025735885e-05,c(-82.988805, 8.952625)
"RA",1211.2982,"Mar-Aug (Reproductive)",202305,5,2023-05-01,"may 2023",0.0331529585044829,c(-82.88685, 8.930437)
"RA",1211.2982,"Mar-Aug (Reproductive)",202306,6,2023-06-01,"jun 2023",0.0917903426713114,c(-82.88685, 8.930437)
"RA",1211.2982,"Mar-Aug (Reproductive)",202307,7,2023-07-01,"jul 2023",0.118023049371686,c(-82.88685, 8.930437)
"RA",1211.2982,"Mar-Aug (Reproductive)",202308,8,2023-08-01,"ago 2023",0.0152393192498677,c(-82.88685, 8.930437)
"RA",1211.2982,"Set-Feb (Non-Reproductive)",202309,9,2023-09-01,"sept 2023",0.000218237615441266,c(-82.88685, 8.930437)
"RA",1211.2982,"Set-Feb (Non-Reproductive)",202310,10,2023-10-01,"oct 2023",2.57820139314303e-05,c(-82.88685, 8.930437)
"RA",1211.2982,"Set-Feb (Non-Reproductive)",202311,11,2023-11-01,"nov 2023",0.000117439550570451,c(-82.88685, 8.930437)
"RA",1211.2982,"Set-Feb (Non-Reproductive)",202312,12,2023-12-01,"dic 2023",0.00155963958541139,c(-82.88685, 8.930437)
"RA",1211.2982,"Set-Feb (Non-Reproductive)",202401,1,2024-01-01,"ene 2024",0.00155963958541139,c(-82.88685, 8.930437)
"RA",1211.2982,"Set-Feb (Non-Reproductive)",202402,2,2024-02-01,"feb 2024",0.00520071414796054,c(-82.88685, 8.930437)
"RA",1211.2982,"Mar-Aug (Reproductive)",202403,3,2024-03-01,"mar 2024",0.00938006333081923,c(-82.88685, 8.930437)
"RA",1211.2982,"Mar-Aug (Reproductive)",202404,4,2024-04-01,"abr 2024",0.0144908013390386,c(-82.88685, 8.930437)
"RA",1211.2982,"Mar-Aug (Reproductive)",202405,5,2024-05-01,"may 2024",0.0331529585044829,c(-82.88685, 8.930437)
"RA",1211.2982,"Mar-Aug (Reproductive)",202406,6,2024-06-01,"jun 2024",0.0917903426713114,c(-82.88685, 8.930437)
"RA",1211.2982,"Mar-Aug (Reproductive)",202407,7,2024-07-01,"jul 2024",0.118023049371686,c(-82.88685, 8.930437)
"ME",884.7762,"Mar-Aug (Reproductive)",202305,5,2023-05-01,"may 2023",4.55130795164417e-05,c(-82.977216, 8.90988)
"ME",884.7762,"Mar-Aug (Reproductive)",202306,6,2023-06-01,"jun 2023",0.000134135609889833,c(-82.977216, 8.90988)
"ME",884.7762,"Mar-Aug (Reproductive)",202307,7,2023-07-01,"jul 2023",0.000177592218535203,c(-82.977216, 8.90988)
"ME",884.7762,"Mar-Aug (Reproductive)",202308,8,2023-08-01,"ago 2023",2.054080300096e-05,c(-82.977216, 8.90988)
"ME",884.7762,"Set-Feb (Non-Reproductive)",202309,9,2023-09-01,"sept 2023",1.22485781681373e-05,c(-82.977216, 8.90988)
"ME",884.7762,"Set-Feb (Non-Reproductive)",202310,10,2023-10-01,"oct 2023",1.44675172132024e-06,c(-82.977216, 8.90988)
"ME",884.7762,"Set-Feb (Non-Reproductive)",202311,11,2023-11-01,"nov 2023",6.59066329385418e-06,c(-82.977216, 8.90988)
"ME",884.7762,"Set-Feb (Non-Reproductive)",202312,12,2023-12-01,"dic 2023",8.76457084119398e-05,c(-82.977216, 8.90988)
"ME",884.7762,"Set-Feb (Non-Reproductive)",202401,1,2024-01-01,"ene 2024",8.76457084119398e-05,c(-82.977216, 8.90988)
"ME",884.7762,"Set-Feb (Non-Reproductive)",202402,2,2024-02-01,"feb 2024",0.000293269389618718,c(-82.977216, 8.90988)
"ME",884.7762,"Mar-Aug (Reproductive)",202403,3,2024-03-01,"mar 2024",1.25685367390233e-05,c(-82.977216, 8.90988)
"ME",884.7762,"Mar-Aug (Reproductive)",202404,4,2024-04-01,"abr 2024",1.95170742782059e-05,c(-82.977216, 8.90988)
"ME",884.7762,"Mar-Aug (Reproductive)",202405,5,2024-05-01,"may 2024",4.55130795164417e-05,c(-82.977216, 8.90988)
"ME",884.7762,"Mar-Aug (Reproductive)",202406,6,2024-06-01,"jun 2024",0.000134135609889833,c(-82.977216, 8.90988)
"ME",884.7762,"Mar-Aug (Reproductive)",202407,7,2024-07-01,"jul 2024",0.000177592218535203,c(-82.977216, 8.90988)
"LP",904.8676,"Mar-Aug (Reproductive)",202305,5,2023-05-01,"may 2023",7.29662006417562e-05,c(-82.957234, 8.865002)
"LP",904.8676,"Mar-Aug (Reproductive)",202306,6,2023-06-01,"jun 2023",0.000215033628470982,c(-82.957234, 8.865002)
"LP",904.8676,"Mar-Aug (Reproductive)",202307,7,2023-07-01,"jul 2023",0.000284691724948602,c(-82.957234, 8.865002)
"LP",904.8676,"Mar-Aug (Reproductive)",202308,8,2023-08-01,"ago 2023",3.29313451584448e-05,c(-82.957234, 8.865002)
"LP",904.8676,"Set-Feb (Non-Reproductive)",202309,9,2023-09-01,"sept 2023",1.38024483729058e-05,c(-82.957234, 8.865002)
"LP",904.8676,"Set-Feb (Non-Reproductive)",202310,10,2023-10-01,"oct 2023",1.63029071880788e-06,c(-82.957234, 8.865002)
"LP",904.8676,"Set-Feb (Non-Reproductive)",202311,11,2023-11-01,"nov 2023",7.42676855242904e-06,c(-82.957234, 8.865002)
"LP",904.8676,"Set-Feb (Non-Reproductive)",202312,12,2023-12-01,"dic 2023",9.87636097701924e-05,c(-82.957234, 8.865002)
"LP",904.8676,"Set-Feb (Non-Reproductive)",202401,1,2024-01-01,"ene 2024",9.87636097701924e-05,c(-82.957234, 8.865002)
"LP",904.8676,"Set-Feb (Non-Reproductive)",202402,2,2024-02-01,"feb 2024",0.000330462136043774,c(-82.957234, 8.865002)
"LP",904.8676,"Mar-Aug (Reproductive)",202403,3,2024-03-01,"mar 2024",2.01501767949143e-05,c(-82.957234, 8.865002)
"CE",783.016,"Mar-Aug (Reproductive)",202305,5,2023-05-01,"may 2023",7.14383621863374e-06,c(-82.984711, 8.86063)
"CE",783.016,"Mar-Aug (Reproductive)",202306,6,2023-06-01,"jun 2023",2.10558028439048e-05,c(-82.984711, 8.86063)
"CE",783.016,"Mar-Aug (Reproductive)",202307,7,2023-07-01,"jul 2023",2.78783818682981e-05,c(-82.984711, 8.86063)
"CE",783.016,"Mar-Aug (Reproductive)",202308,8,2023-08-01,"ago 2023",3.2240631630386e-06,c(-82.984711, 8.86063)
"CE",783.016,"Set-Feb (Non-Reproductive)",202309,9,2023-09-01,"sept 2023",1.33141131910869e-05,c(-82.984711, 8.86063)
"CE",783.016,"Set-Feb (Non-Reproductive)",202310,10,2023-10-01,"oct 2023",1.57260981749639e-06,c(-82.984711, 8.86063)
"CE",783.016,"Set-Feb (Non-Reproductive)",202311,11,2023-11-01,"nov 2023",7.16400541225227e-06,c(-82.984711, 8.86063)
"CE",783.016,"Set-Feb (Non-Reproductive)",202312,12,2023-12-01,"dic 2023",9.52696070189367e-05,c(-82.984711, 8.86063)
"CE",783.016,"Set-Feb (Non-Reproductive)",202401,1,2024-01-01,"ene 2024",9.52696070189367e-05,c(-82.984711, 8.86063)
"CE",783.016,"Set-Feb (Non-Reproductive)",202402,2,2024-02-01,"feb 2024",0.000318773847972242,c(-82.984711, 8.86063)
"CE",783.016,"Mar-Aug (Reproductive)",202403,3,2024-03-01,"mar 2024",1.97273124927606e-06,c(-82.984711, 8.86063)
"CE",783.016,"Mar-Aug (Reproductive)",202404,4,2024-04-01,"abr 2024",3.06337711919716e-06,c(-82.984711, 8.86063)
"CE",783.016,"Mar-Aug (Reproductive)",202405,5,2024-05-01,"may 2024",7.14383621863374e-06,c(-82.984711, 8.86063)
"CE",783.016,"Mar-Aug (Reproductive)",202406,6,2024-06-01,"jun 2024",2.10558028439048e-05,c(-82.984711, 8.86063)
"CE",783.016,"Mar-Aug (Reproductive)",202407,7,2024-07-01,"jul 2024",2.78783818682981e-05,c(-82.984711, 8.86063)
"SU",820.7111,"Mar-Aug (Reproductive)",202305,5,2023-05-01,"may 2023",1.54166324007422e-05,c(-83.076616, 8.888255)
"SU",820.7111,"Mar-Aug (Reproductive)",202306,6,2023-06-01,"jun 2023",4.54383797210438e-05,c(-83.076616, 8.888255)
"SU",820.7111,"Mar-Aug (Reproductive)",202307,7,2023-07-01,"jul 2023",6.01610160681735e-05,c(-83.076616, 8.888255)
"SU",820.7111,"Mar-Aug (Reproductive)",202308,8,2023-08-01,"ago 2023",6.9576654225199e-06,c(-83.076616, 8.888255)
"SU",820.7111,"Set-Feb (Non-Reproductive)",202309,9,2023-09-01,"sept 2023",1.36773048422058e-05,c(-83.076616, 8.888255)
"SU",820.7111,"Set-Feb (Non-Reproductive)",202310,10,2023-10-01,"oct 2023",1.61550908065267e-06,c(-83.076616, 8.888255)
"SU",820.7111,"Set-Feb (Non-Reproductive)",202311,11,2023-11-01,"nov 2023",7.35943137534133e-06,c(-83.076616, 8.888255)
"SU",820.7111,"Set-Feb (Non-Reproductive)",202312,12,2023-12-01,"dic 2023",9.7868218900768e-05,c(-83.076616, 8.888255)
"SU",820.7111,"Set-Feb (Non-Reproductive)",202401,1,2024-01-01,"ene 2024",9.7868218900768e-05,c(-83.076616, 8.888255)
"SU",820.7111,"Set-Feb (Non-Reproductive)",202402,2,2024-02-01,"feb 2024",0.000327466854312329,c(-83.076616, 8.888255)
"SU",820.7111,"Mar-Aug (Reproductive)",202403,3,2024-03-01,"mar 2024",4.25724410370467e-06,c(-83.076616, 8.888255)
"SU",820.7111,"Mar-Aug (Reproductive)",202404,4,2024-04-01,"abr 2024",6.61089933623691e-06,c(-83.076616, 8.888255)
"SU",820.7111,"Mar-Aug (Reproductive)",202405,5,2024-05-01,"may 2024",1.54166324007422e-05,c(-83.076616, 8.888255)
"SU",820.7111,"Mar-Aug (Reproductive)",202406,6,2024-06-01,"jun 2024",4.54383797210438e-05,c(-83.076616, 8.888255)
"SU",820.7111,"Mar-Aug (Reproductive)",202407,7,2024-07-01,"jul 2024",6.01610160681735e-05,c(-83.076616, 8.888255)
"LT",853.6727,"Mar-Aug (Reproductive)",202305,5,2023-05-01,"may 2023",2.69107814205319e-05,c(-83.037775, 8.84534)
"LT",853.6727,"Mar-Aug (Reproductive)",202306,6,2023-06-01,"jun 2023",7.93140099168454e-05,c(-83.037775, 8.84534)
"LT",853.6727,"Mar-Aug (Reproductive)",202307,7,2023-07-01,"jul 2023",0.000105011646070847,c(-83.037775, 8.84534)
"LT",853.6727,"Mar-Aug (Reproductive)",202308,8,2023-08-01,"ago 2023",1.21451552706535e-05,c(-83.037775, 8.84534)
"LT",853.6727,"Set-Feb (Non-Reproductive)",202309,9,2023-09-01,"sept 2023",1.27689636595183e-05,c(-83.037775, 8.84534)
"LT",853.6727,"Set-Feb (Non-Reproductive)",202310,10,2023-10-01,"oct 2023",1.50821820935181e-06,c(-83.037775, 8.84534)
"LT",853.6727,"Set-Feb (Non-Reproductive)",202311,11,2023-11-01,"nov 2023",6.87067177640327e-06,c(-83.037775, 8.84534)
"LT",853.6727,"Set-Feb (Non-Reproductive)",202312,12,2023-12-01,"dic 2023",9.13690769083791e-05,c(-83.037775, 8.84534)
"LT",853.6727,"Set-Feb (Non-Reproductive)",202401,1,2024-01-01,"ene 2024",9.13690769083791e-05,c(-83.037775, 8.84534)
"LT",853.6727,"Set-Feb (Non-Reproductive)",202402,2,2024-02-01,"feb 2024",0.000305725400737569,c(-83.037775, 8.84534)
"LT",853.6727,"Mar-Aug (Reproductive)",202403,3,2024-03-01,"mar 2024",7.43137124697312e-06,c(-83.037775, 8.84534)
"LT",853.6727,"Mar-Aug (Reproductive)",202404,4,2024-04-01,"abr 2024",1.1539850625173e-05,c(-83.037775, 8.84534)
"LT",853.6727,"Mar-Aug (Reproductive)",202405,5,2024-05-01,"may 2024",2.69107814205319e-05,c(-83.037775, 8.84534)
"LT",853.6727,"Mar-Aug (Reproductive)",202406,6,2024-06-01,"jun 2024",7.93140099168454e-05,c(-83.037775, 8.84534)
"LT",853.6727,"Mar-Aug (Reproductive)",202407,7,2024-07-01,"jul 2024",0.000105011646070847,c(-83.037775, 8.84534)
"CB",1199.7511,"Mar-Aug (Reproductive)",202305,5,2023-05-01,"may 2023",0.000758819961103808,c(-82.952934, 8.788531)
"CB",1199.7511,"Mar-Aug (Reproductive)",202306,6,2023-06-01,"jun 2023",0.00223328317489884,c(-82.952934, 8.788531)
"CB",1199.7511,"Mar-Aug (Reproductive)",202307,7,2023-07-01,"jul 2023",0.00295480175158201,c(-82.952934, 8.788531)
"CB",1199.7511,"Mar-Aug (Reproductive)",202308,8,2023-08-01,"ago 2023",0.00034260205006093,c(-82.952934, 8.788531)
"CB",1199.7511,"Set-Feb (Non-Reproductive)",202309,9,2023-09-01,"sept 2023",5.05506502451064e-06,c(-82.952934, 8.788531)
"CB",1199.7511,"Set-Feb (Non-Reproductive)",202310,10,2023-10-01,"oct 2023",5.97079720576808e-07,c(-82.952934, 8.788531)
"CB",1199.7511,"Set-Feb (Non-Reproductive)",202311,11,2023-11-01,"nov 2023",2.7199990351258e-06,c(-82.952934, 8.788531)
"CB",1199.7511,"Set-Feb (Non-Reproductive)",202312,12,2023-12-01,"dic 2023",3.6173535307457e-05,c(-82.952934, 8.788531)
"CB",1199.7511,"Set-Feb (Non-Reproductive)",202401,1,2024-01-01,"ene 2024",3.6173535307457e-05,c(-82.952934, 8.788531)
"CB",1199.7511,"Set-Feb (Non-Reproductive)",202402,2,2024-02-01,"feb 2024",0.000121054095501975,c(-82.952934, 8.788531)
"CB",1199.7511,"Mar-Aug (Reproductive)",202403,3,2024-03-01,"mar 2024",0.000209658053442561,c(-82.952934, 8.788531)
"CB",1199.7511,"Mar-Aug (Reproductive)",202404,4,2024-04-01,"abr 2024",0.000325532404449861,c(-82.952934, 8.788531)
"CB",1199.7511,"Mar-Aug (Reproductive)",202405,5,2024-05-01,"may 2024",0.000758819961103808,c(-82.952934, 8.788531)
"CB",1199.7511,"Mar-Aug (Reproductive)",202406,6,2024-06-01,"jun 2024",0.00223328317489884,c(-82.952934, 8.788531)
"LC",1161.8392,"Mar-Aug (Reproductive)",202306,6,2023-06-01,"jun 2023",0.00126539420416134,c(-82.963942, 8.784533)
"LC",1161.8392,"Mar-Aug (Reproductive)",202307,7,2023-07-01,"jul 2023",0.00167473664909505,c(-82.963942, 8.784533)
"LC",1161.8392,"Mar-Aug (Reproductive)",202308,8,2023-08-01,"ago 2023",0.000193961480259461,c(-82.963942, 8.784533)
"LC",1161.8392,"Set-Feb (Non-Reproductive)",202309,9,2023-09-01,"sept 2023",3.48449748307903e-06,c(-82.963942, 8.784533)
"LC",1161.8392,"Set-Feb (Non-Reproductive)",202310,10,2023-10-01,"oct 2023",4.11571343157928e-07,c(-82.963942, 8.784533)
"LC",1161.8392,"Set-Feb (Non-Reproductive)",202311,11,2023-11-01,"nov 2023",1.87491612271164e-06,c(-82.963942, 8.784533)
"LC",1161.8392,"Set-Feb (Non-Reproductive)",202312,12,2023-12-01,"dic 2023",2.49349535150027e-05,c(-82.963942, 8.784533)
"LC",1161.8392,"Set-Feb (Non-Reproductive)",202401,1,2024-01-01,"ene 2024",2.49349535150027e-05,c(-82.963942, 8.784533)
"LC",1161.8392,"Set-Feb (Non-Reproductive)",202402,2,2024-02-01,"feb 2024",8.34465811582142e-05,c(-82.963942, 8.784533)
"LC",1161.8392,"Mar-Aug (Reproductive)",202403,3,2024-03-01,"mar 2024",0.000118689424586138,c(-82.963942, 8.784533)
"LC",1161.8392,"Mar-Aug (Reproductive)",202404,4,2024-04-01,"abr 2024",0.00018429626811581,c(-82.963942, 8.784533)
"LC",1161.8392,"Mar-Aug (Reproductive)",202405,5,2024-05-01,"may 2024",0.000429677623934233,c(-82.963942, 8.784533)
"LC",1161.8392,"Mar-Aug (Reproductive)",202406,6,2024-06-01,"jun 2024",0.00126539420416134,c(-82.963942, 8.784533)
"LC",1161.8392,"Mar-Aug (Reproductive)",202407,7,2024-07-01,"jul 2024",0.00167473664909505,c(-82.963942, 8.784533)
"MC",1054.3619,"Mar-Aug (Reproductive)",202306,6,2023-06-01,"jun 2023",0.00119211188738842,c(-82.96484, 8.803152)
"MC",1054.3619,"Mar-Aug (Reproductive)",202307,7,2023-07-01,"jul 2023",0.00157778568192991,c(-82.96484, 8.803152)
"MC",1054.3619,"Mar-Aug (Reproductive)",202308,8,2023-08-01,"ago 2023",0.000182717307339875,c(-82.96484, 8.803152)
"MC",1054.3619,"Set-Feb (Non-Reproductive)",202309,9,2023-09-01,"sept 2023",8.60713392024656e-06,c(-82.96484, 8.803152)
"MC",1054.3619,"Set-Feb (Non-Reproductive)",202310,10,2023-10-01,"oct 2023",1.01663602539919e-06,c(-82.96484, 8.803152)
"MC",1054.3619,"Set-Feb (Non-Reproductive)",202311,11,2023-11-01,"nov 2023",4.63128253707225e-06,c(-82.96484, 8.803152)
"MC",1054.3619,"Set-Feb (Non-Reproductive)",202312,12,2023-12-01,"dic 2023",6.15904352011924e-05,c(-82.96484, 8.803152)
"MC",1054.3619,"Set-Feb (Non-Reproductive)",202401,1,2024-01-01,"ene 2024",6.15904352011924e-05,c(-82.96484, 8.803152)
"MC",1054.3619,"Set-Feb (Non-Reproductive)",202402,2,2024-02-01,"feb 2024",0.000206099008771357,c(-82.96484, 8.803152)
"MC",1054.3619,"Mar-Aug (Reproductive)",202403,3,2024-03-01,"mar 2024",0.000111808372421437,c(-82.96484, 8.803152)
"MC",1054.3619,"Mar-Aug (Reproductive)",202404,4,2024-04-01,"abr 2024",0.000173612301506895,c(-82.96484, 8.803152)
"MC",1054.3619,"Mar-Aug (Reproductive)",202405,5,2024-05-01,"may 2024",0.000404774243832376,c(-82.96484, 8.803152)
"MC",1054.3619,"Mar-Aug (Reproductive)",202406,6,2024-06-01,"jun 2024",0.00119211188738842,c(-82.96484, 8.803152)
"SB",991.1732,"Mar-Aug (Reproductive)",202306,6,2023-06-01,"jun 2023",0.000501100716643666,c(-82.926876, 8.794958)
"SB",991.1732,"Mar-Aug (Reproductive)",202307,7,2023-07-01,"jul 2023",0.000663366036020556,c(-82.926876, 8.794958)
"SB",991.1732,"Mar-Aug (Reproductive)",202308,8,2023-08-01,"ago 2023",7.675971575369e-05,c(-82.926876, 8.794958)
"SB",991.1732,"Set-Feb (Non-Reproductive)",202309,9,2023-09-01,"sept 2023",8.19988610152935e-06,c(-82.926876, 8.794958)
"SB",991.1732,"Set-Feb (Non-Reproductive)",202310,10,2023-10-01,"oct 2023",9.6853339314332e-07,c(-82.926876, 8.794958)
"SB",991.1732,"Set-Feb (Non-Reproductive)",202311,11,2023-11-01,"nov 2023",4.41215188654567e-06,c(-82.926876, 8.794958)
"SB",991.1732,"Set-Feb (Non-Reproductive)",202312,12,2023-12-01,"dic 2023",5.86764217176923e-05,c(-82.926876, 8.794958)
"SB",991.1732,"Set-Feb (Non-Reproductive)",202401,1,2024-01-01,"ene 2024",5.86764217176923e-05,c(-82.926876, 8.794958)
"SB",991.1732,"Set-Feb (Non-Reproductive)",202402,2,2024-02-01,"feb 2024",0.000196349238359921,c(-82.926876, 8.794958)
"SB",991.1732,"Mar-Aug (Reproductive)",202403,3,2024-03-01,"mar 2024",4.69688725895549e-05,c(-82.926876, 8.794958)
"SB",991.1732,"Mar-Aug (Reproductive)",202404,4,2024-04-01,"abr 2024",7.29343089234184e-05,c(-82.926876, 8.794958)
"SB",991.1732,"Mar-Aug (Reproductive)",202405,5,2024-05-01,"may 2024",0.000170067951134723,c(-82.926876, 8.794958)
"SB",991.1732,"Mar-Aug (Reproductive)",202406,6,2024-06-01,"jun 2024",0.000501100716643666,c(-82.926876, 8.794958)
"SB",991.1732,"Mar-Aug (Reproductive)",202407,7,2024-07-01,"jul 2024",0.000663366036020556,c(-82.926876, 8.794958)
"SB",991.1732,"Mar-Aug (Reproductive)",202408,8,2024-08-01,"ago 2024",7.675971575369e-05,c(-82.926876, 8.794958)
"CO",874.9227,"Mar-Aug (Reproductive)",202306,6,2023-06-01,"jun 2023",0.000121031717461838,c(-82.975233, 8.84397)
"CO",874.9227,"Mar-Aug (Reproductive)",202307,7,2023-07-01,"jul 2023",0.000160243670550597,c(-82.975233, 8.84397)
"CO",874.9227,"Mar-Aug (Reproductive)",202308,8,2023-08-01,"ago 2023",1.85339379691418e-05,c(-82.975233, 8.84397)
"CO",874.9227,"Set-Feb (Non-Reproductive)",202309,9,2023-09-01,"sept 2023",1.31915799233547e-05,c(-82.975233, 8.84397)
"CO",874.9227,"Set-Feb (Non-Reproductive)",202310,10,2023-10-01,"oct 2023",1.55813650945107e-06,c(-82.975233, 8.84397)
"CO",874.9227,"Set-Feb (Non-Reproductive)",202311,11,2023-11-01,"nov 2023",7.09807279400404e-06,c(-82.975233, 8.84397)
"CO",874.9227,"Set-Feb (Non-Reproductive)",202312,12,2023-12-01,"dic 2023",9.43928870929337e-05,c(-82.975233, 8.84397)
"CO",874.9227,"Set-Feb (Non-Reproductive)",202401,1,2024-01-01,"ene 2024",9.43928870929337e-05,c(-82.975233, 8.84397)
"CO",874.9227,"Set-Feb (Non-Reproductive)",202402,2,2024-02-01,"feb 2024",0.000315840976744822,c(-82.975233, 8.84397)
"CO",874.9227,"Mar-Aug (Reproductive)",202403,3,2024-03-01,"mar 2024",1.13405643795259e-05,c(-82.975233, 8.84397)
"CO",874.9227,"Mar-Aug (Reproductive)",202405,5,2024-05-01,"may 2024",4.10664885220342e-05,c(-82.975233, 8.84397)
"CO",874.9227,"Mar-Aug (Reproductive)",202406,6,2024-06-01,"jun 2024",0.000121031717461838,c(-82.975233, 8.84397)
"CO",874.9227,"Mar-Aug (Reproductive)",202407,7,2024-07-01,"jul 2024",0.000160243670550597,c(-82.975233, 8.84397)
"CO",874.9227,"Mar-Aug (Reproductive)",202408,8,2024-08-01,"ago 2024",1.85339379691418e-05,c(-82.975233, 8.84397)
"PH",1615.4027,"Mar-Aug (Reproductive)",202306,6,2023-06-01,"jun 2023",0.0869866317605723,c(-82.754743, 8.892776)
"PH",1615.4027,"Mar-Aug (Reproductive)",202307,7,2023-07-01,"jul 2023",0.1120158119078,c(-82.754743, 8.892776)
"PH",1615.4027,"Mar-Aug (Reproductive)",202308,8,2023-08-01,"ago 2023",0.0143783680617594,c(-82.754743, 8.892776)
"PH",1615.4027,"Set-Feb (Non-Reproductive)",202309,9,2023-09-01,"sept 2023",0.0010014316237673,c(-82.754743, 8.892776)
"PH",1615.4027,"Set-Feb (Non-Reproductive)",202310,10,2023-10-01,"oct 2023",0.000118388264966455,c(-82.754743, 8.892776)
"PH",1615.4027,"Set-Feb (Non-Reproductive)",202311,11,2023-11-01,"nov 2023",0.000539092434752196,c(-82.754743, 8.892776)
"PH",1615.4027,"Set-Feb (Non-Reproductive)",202312,12,2023-12-01,"dic 2023",0.0071224571863171,c(-82.754743, 8.892776)
"PH",1615.4027,"Set-Feb (Non-Reproductive)",202401,1,2024-01-01,"ene 2024",0.0071224571863171,c(-82.754743, 8.892776)
"PH",1615.4027,"Set-Feb (Non-Reproductive)",202402,2,2024-02-01,"feb 2024",0.0234453178048769,c(-82.754743, 8.892776)
"PH",1615.4027,"Mar-Aug (Reproductive)",202403,3,2024-03-01,"mar 2024",0.00884715913883984,c(-82.754743, 8.892776)
"PH",1615.4027,"Mar-Aug (Reproductive)",202404,4,2024-04-01,"abr 2024",0.0136715508707969,c(-82.754743, 8.892776)
"PH",1615.4027,"Mar-Aug (Reproductive)",202405,5,2024-05-01,"may 2024",0.0313121488689045,c(-82.754743, 8.892776)
"PH",1615.4027,"Mar-Aug (Reproductive)",202406,6,2024-06-01,"jun 2024",0.0869866317605723,c(-82.754743, 8.892776)
"PH",1615.4027,"Mar-Aug (Reproductive)",202407,7,2024-07-01,"jul 2024",0.1120158119078,c(-82.754743, 8.892776)
"PC",1592.582,"Mar-Aug (Reproductive)",202306,6,2023-06-01,"jun 2023",0.0146669267057957,c(-82.95422, 9.024868)
"PC",1592.582,"Mar-Aug (Reproductive)",202307,7,2023-07-01,"jul 2023",0.0193276351469454,c(-82.95422, 9.024868)
"PC",1592.582,"Mar-Aug (Reproductive)",202308,8,2023-08-01,"ago 2023",0.00227400461040048,c(-82.95422, 9.024868)
"PC",1592.582,"Set-Feb (Non-Reproductive)",202309,9,2023-09-01,"sept 2023",0.000131570489824132,c(-82.95422, 9.024868)
"PC",1592.582,"Set-Feb (Non-Reproductive)",202310,10,2023-10-01,"oct 2023",1.55422011044006e-05,c(-82.95422, 9.024868)
"PC",1592.582,"Set-Feb (Non-Reproductive)",202311,11,2023-11-01,"nov 2023",7.07987967030449e-05,c(-82.95422, 9.024868)
"PC",1592.582,"Set-Feb (Non-Reproductive)",202312,12,2023-12-01,"dic 2023",0.000940772458445139,c(-82.95422, 9.024868)
"PC",1592.582,"Set-Feb (Non-Reproductive)",202401,1,2024-01-01,"ene 2024",0.000940772458445139,c(-82.95422, 9.024868)
"PC",1592.582,"Set-Feb (Non-Reproductive)",202402,2,2024-02-01,"feb 2024",0.00314160967546505,c(-82.95422, 9.024868)
"PC",1592.582,"Mar-Aug (Reproductive)",202403,3,2024-03-01,"mar 2024",0.00139263932699847,c(-82.95422, 9.024868)
"PC",1592.582,"Mar-Aug (Reproductive)",202404,4,2024-04-01,"abr 2024",0.0021609136740775,c(-82.95422, 9.024868)
"PC",1592.582,"Mar-Aug (Reproductive)",202405,5,2024-05-01,"may 2024",0.00502483659361415,c(-82.95422, 9.024868)
"PC",1592.582,"Mar-Aug (Reproductive)",202406,6,2024-06-01,"jun 2024",0.0146669267057957,c(-82.95422, 9.024868)
"PC",1592.582,"Mar-Aug (Reproductive)",202407,7,2024-07-01,"jul 2024",0.0193276351469454,c(-82.95422, 9.024868)
"RN",1124.0035,"Mar-Aug (Reproductive)",202306,6,2023-06-01,"jun 2023",0.254939314470868,c(-82.85748, 8.870375)
"RN",1124.0035,"Mar-Aug (Reproductive)",202307,7,2023-07-01,"jul 2023",0.311791325654759,c(-82.85748, 8.870375)
"RN",1124.0035,"Mar-Aug (Reproductive)",202308,8,2023-08-01,"ago 2023",0.0497841861217582,c(-82.85748, 8.870375)
"RN",1124.0035,"Set-Feb (Non-Reproductive)",202309,9,2023-09-01,"sept 2023",0.00123487062029383,c(-82.85748, 8.870375)
"RN",1124.0035,"Set-Feb (Non-Reproductive)",202310,10,2023-10-01,"oct 2023",0.000146015280537246,c(-82.85748, 8.870375)
"RN",1124.0035,"Set-Feb (Non-Reproductive)",202311,11,2023-11-01,"nov 2023",0.000664829449296177,c(-82.85748, 8.870375)
"RN",1124.0035,"Set-Feb (Non-Reproductive)",202312,12,2023-12-01,"dic 2023",0.00877021328020765,c(-82.85748, 8.870375)
"RN",1124.0035,"Set-Feb (Non-Reproductive)",202401,1,2024-01-01,"ene 2024",0.00877021328020765,c(-82.85748, 8.870375)
"RN",1124.0035,"Set-Feb (Non-Reproductive)",202402,2,2024-02-01,"feb 2024",0.0287599284273539,c(-82.85748, 8.870375)
"RN",1124.0035,"Mar-Aug (Reproductive)",202403,3,2024-03-01,"mar 2024",0.0310619702027064,c(-82.85748, 8.870375)
"RN",1124.0035,"Mar-Aug (Reproductive)",202404,4,2024-04-01,"abr 2024",0.0474206157509236,c(-82.85748, 8.870375)
"RN",1124.0035,"Mar-Aug (Reproductive)",202405,5,2024-05-01,"may 2024",0.104015766838375,c(-82.85748, 8.870375)
"RN",1124.0035,"Mar-Aug (Reproductive)",202406,6,2024-06-01,"jun 2024",0.254939314470868,c(-82.85748, 8.870375)
"RN",1124.0035,"Mar-Aug (Reproductive)",202407,7,2024-07-01,"jul 2024",0.311791325654759,c(-82.85748, 8.870375)
"GT",328.8536,"Mar-Aug (Reproductive)",202306,6,2023-06-01,"jun 2023",1.92990824164131e-07,c(-83.143305, 8.624599)
"GT",328.8536,"Mar-Aug (Reproductive)",202307,7,2023-07-01,"jul 2023",2.55526151384761e-07,c(-83.143305, 8.624599)
"GT",328.8536,"Mar-Aug (Reproductive)",202308,8,2023-08-01,"ago 2023",2.95502203403663e-08,c(-83.143305, 8.624599)
"GT",328.8536,"Set-Feb (Non-Reproductive)",202309,9,2023-09-01,"sept 2023",0.00221149172590525,c(-83.143305, 8.624599)
"GT",328.8536,"Set-Feb (Non-Reproductive)",202310,10,2023-10-01,"oct 2023",0.000261719921332647,c(-83.143305, 8.624599)
"GT",328.8536,"Set-Feb (Non-Reproductive)",202311,11,2023-11-01,"nov 2023",0.00119116023804272,c(-83.143305, 8.624599)
"GT",328.8536,"Set-Feb (Non-Reproductive)",202312,12,2023-12-01,"dic 2023",0.0156131434942274,c(-83.143305, 8.624599)
"GT",328.8536,"Set-Feb (Non-Reproductive)",202401,1,2024-01-01,"ene 2024",0.0156131434942274,c(-83.143305, 8.624599)
"GT",328.8536,"Set-Feb (Non-Reproductive)",202402,2,2024-02-01,"feb 2024",0.0504066248530992,c(-83.143305, 8.624599)
"GT",328.8536,"Mar-Aug (Reproductive)",202403,3,2024-03-01,"mar 2024",1.8081088323341e-08,c(-83.143305, 8.624599)
"GT",328.8536,"Mar-Aug (Reproductive)",202404,4,2024-04-01,"abr 2024",2.8077444475379e-08,c(-83.143305, 8.624599)
"GT",328.8536,"Mar-Aug (Reproductive)",202406,6,2024-06-01,"jun 2024",1.92990824164131e-07,c(-83.143305, 8.624599)
"GT",328.8536,"Mar-Aug (Reproductive)",202407,7,2024-07-01,"jul 2024",2.55526151384761e-07,c(-83.143305, 8.624599)
"GT",328.8536,"Mar-Aug (Reproductive)",202408,8,2024-08-01,"ago 2024",2.95502203403663e-08,c(-83.143305, 8.624599)
"LG",116.8758,"Mar-Aug (Reproductive)",202306,6,2023-06-01,"jun 2023",1.00446337102103e-11,c(-83.201919, 8.699456)
"LG",116.8758,"Mar-Aug (Reproductive)",202307,7,2023-07-01,"jul 2023",1.32994237713386e-11,c(-83.201919, 8.699456)
"LG",116.8758,"Mar-Aug (Reproductive)",202308,8,2023-08-01,"ago 2023",1.53800623501378e-12,c(-83.201919, 8.699456)
"LG",116.8758,"Set-Feb (Non-Reproductive)",202309,9,2023-09-01,"sept 2023",8.69125382584843e-06,c(-83.201919, 8.699456)
"LG",116.8758,"Set-Feb (Non-Reproductive)",202310,10,2023-10-01,"oct 2023",1.02657196723123e-06,c(-83.201919, 8.699456)
"LG",116.8758,"Set-Feb (Non-Reproductive)",202311,11,2023-11-01,"nov 2023",4.67654552676427e-06,c(-83.201919, 8.699456)
"LG",116.8758,"Set-Feb (Non-Reproductive)",202312,12,2023-12-01,"dic 2023",6.21923433918325e-05,c(-83.201919, 8.699456)
"LG",116.8758,"Set-Feb (Non-Reproductive)",202401,1,2024-01-01,"ene 2024",6.21923433918325e-05,c(-83.201919, 8.699456)
"LG",116.8758,"Set-Feb (Non-Reproductive)",202402,2,2024-02-01,"feb 2024",0.00020811286982135,c(-83.201919, 8.699456)
"LG",116.8758,"Mar-Aug (Reproductive)",202403,3,2024-03-01,"mar 2024",9.4107001362082e-13,c(-83.201919, 8.699456)
"LG",116.8758,"Mar-Aug (Reproductive)",202404,4,2024-04-01,"abr 2024",1.46135237251685e-12,c(-83.201919, 8.699456)
"LG",116.8758,"Mar-Aug (Reproductive)",202405,5,2024-05-01,"may 2024",3.40790709065755e-12,c(-83.201919, 8.699456)
"LG",116.8758,"Mar-Aug (Reproductive)",202406,6,2024-06-01,"jun 2024",1.00446337102103e-11,c(-83.201919, 8.699456)
"LG",116.8758,"Mar-Aug (Reproductive)",202407,7,2024-07-01,"jul 2024",1.32994237713386e-11,c(-83.201919, 8.699456)
"LG",116.8758,"Mar-Aug (Reproductive)",202408,8,2024-08-01,"ago 2024",1.53800623501378e-12,c(-83.201919, 8.699456)
"LB",356.8783,"Mar-Aug (Reproductive)",202306,6,2023-06-01,"jun 2023",1.60091994867244e-09,c(-83.047404, 8.714762)
"LB",356.8783,"Mar-Aug (Reproductive)",202307,7,2023-07-01,"jul 2023",2.11967040557851e-09,c(-83.047404, 8.714762)
"LB",356.8783,"Mar-Aug (Reproductive)",202308,8,2023-08-01,"ago 2023",2.45128387671385e-10,c(-83.047404, 8.714762)
"LB",356.8783,"Set-Feb (Non-Reproductive)",202309,9,2023-09-01,"sept 2023",1.01491809345329e-05,c(-83.047404, 8.714762)
"LB",356.8783,"Set-Feb (Non-Reproductive)",202310,10,2023-10-01,"oct 2023",1.19877732746375e-06,c(-83.047404, 8.714762)
"LB",356.8783,"Set-Feb (Non-Reproductive)",202311,11,2023-11-01,"nov 2023",5.46102318666949e-06,c(-83.047404, 8.714762)
"LB",356.8783,"Set-Feb (Non-Reproductive)",202312,12,2023-12-01,"dic 2023",7.26242373867062e-05,c(-83.047404, 8.714762)
"LB",356.8783,"Set-Feb (Non-Reproductive)",202401,1,2024-01-01,"ene 2024",7.26242373867062e-05,c(-83.047404, 8.714762)
"LB",356.8783,"Set-Feb (Non-Reproductive)",202402,2,2024-02-01,"feb 2024",0.000243014938653973,c(-83.047404, 8.714762)
"LB",356.8783,"Mar-Aug (Reproductive)",202403,3,2024-03-01,"mar 2024",1.49988322475494e-10,c(-83.047404, 8.714762)
"LB",356.8783,"Mar-Aug (Reproductive)",202404,4,2024-04-01,"abr 2024",2.32911247525565e-10,c(-83.047404, 8.714762)
"LB",356.8783,"Mar-Aug (Reproductive)",202405,5,2024-05-01,"may 2024",5.43154345672646e-10,c(-83.047404, 8.714762)
"LB",356.8783,"Mar-Aug (Reproductive)",202406,6,2024-06-01,"jun 2024",1.60091994867244e-09,c(-83.047404, 8.714762)
"LB",356.8783,"Mar-Aug (Reproductive)",202407,7,2024-07-01,"jul 2024",2.11967040557851e-09,c(-83.047404, 8.714762)
"LB",356.8783,"Mar-Aug (Reproductive)",202408,8,2024-08-01,"ago 2024",2.45128387671385e-10,c(-83.047404, 8.714762)
"AC",410.8789,"Mar-Aug (Reproductive)",202306,6,2023-06-01,"jun 2023",5.42469043817506e-09,c(-82.984288, 8.701578)
"AC",410.8789,"Mar-Aug (Reproductive)",202307,7,2023-07-01,"jul 2023",7.18246766586456e-09,c(-82.984288, 8.701578)
"AC",410.8789,"Mar-Aug (Reproductive)",202308,8,2023-08-01,"ago 2023",8.30613439563305e-10,c(-82.984288, 8.701578)
"AC",410.8789,"Set-Feb (Non-Reproductive)",202309,9,2023-09-01,"sept 2023",1.07550484575899e-05,c(-82.984288, 8.701578)
"AC",410.8789,"Set-Feb (Non-Reproductive)",202310,10,2023-10-01,"oct 2023",1.27034045591641e-06,c(-82.984288, 8.701578)
"AC",410.8789,"Set-Feb (Non-Reproductive)",202311,11,2023-11-01,"nov 2023",5.78702713225485e-06,c(-82.984288, 8.701578)
"AC",410.8789,"Set-Feb (Non-Reproductive)",202312,12,2023-12-01,"dic 2023",7.69593412772401e-05,c(-82.984288, 8.701578)
"AC",410.8789,"Set-Feb (Non-Reproductive)",202401,1,2024-01-01,"ene 2024",7.69593412772401e-05,c(-82.984288, 8.701578)
"AC",410.8789,"Set-Feb (Non-Reproductive)",202402,2,2024-02-01,"feb 2024",0.000257518426899541,c(-82.984288, 8.701578)
"AC",410.8789,"Mar-Aug (Reproductive)",202403,3,2024-03-01,"mar 2024",5.08232920868489e-10,c(-82.984288, 8.701578)
"AC",410.8789,"Mar-Aug (Reproductive)",202404,4,2024-04-01,"abr 2024",7.89215864647973e-10,c(-82.984288, 8.701578)
"AC",410.8789,"Mar-Aug (Reproductive)",202405,5,2024-05-01,"may 2024",1.8404694096735e-09,c(-82.984288, 8.701578)
"AC",410.8789,"Mar-Aug (Reproductive)",202406,6,2024-06-01,"jun 2024",5.42469043817506e-09,c(-82.984288, 8.701578)
"AC",410.8789,"Mar-Aug (Reproductive)",202407,7,2024-07-01,"jul 2024",7.18246766586456e-09,c(-82.984288, 8.701578)
"AC",410.8789,"Mar-Aug (Reproductive)",202408,8,2024-08-01,"ago 2024",8.30613439563305e-10,c(-82.984288, 8.701578)
"TA",807.8076,"Mar-Aug (Reproductive)",202306,6,2023-06-01,"jun 2023",3.43049470930863e-05,c(-83.033134, 8.74135)
"TA",807.8076,"Mar-Aug (Reproductive)",202307,7,2023-07-01,"jul 2023",4.54203677882914e-05,c(-83.033134, 8.74135)
"TA",807.8076,"Mar-Aug (Reproductive)",202308,8,2023-08-01,"ago 2023",5.25283020969615e-06,c(-83.033134, 8.74135)
"TA",807.8076,"Set-Feb (Non-Reproductive)",202309,9,2023-09-01,"sept 2023",1.32737406648999e-05,c(-83.033134, 8.74135)
"TA",807.8076,"Set-Feb (Non-Reproductive)",202310,10,2023-10-01,"oct 2023",1.56784112029909e-06,c(-83.033134, 8.74135)
"TA",807.8076,"Set-Feb (Non-Reproductive)",202311,11,2023-11-01,"nov 2023",7.14228178970391e-06,c(-83.033134, 8.74135)
"TA",807.8076,"Set-Feb (Non-Reproductive)",202312,12,2023-12-01,"dic 2023",9.49807435867839e-05,c(-83.033134, 8.74135)
"TA",807.8076,"Set-Feb (Non-Reproductive)",202401,1,2024-01-01,"ene 2024",9.49807435867839e-05,c(-83.033134, 8.74135)
"TA",807.8076,"Set-Feb (Non-Reproductive)",202402,2,2024-02-01,"feb 2024",0.000317807521035686,c(-83.033134, 8.74135)
"TA",807.8076,"Mar-Aug (Reproductive)",202403,3,2024-03-01,"mar 2024",3.21409040000157e-06,c(-83.033134, 8.74135)
"TA",807.8076,"Mar-Aug (Reproductive)",202404,4,2024-04-01,"abr 2024",4.99103171641943e-06,c(-83.033134, 8.74135)
"TA",807.8076,"Mar-Aug (Reproductive)",202405,5,2024-05-01,"may 2024",1.16391225129806e-05,c(-83.033134, 8.74135)
"TA",807.8076,"Mar-Aug (Reproductive)",202406,6,2024-06-01,"jun 2024",3.43049470930863e-05,c(-83.033134, 8.74135)
"TA",807.8076,"Mar-Aug (Reproductive)",202407,7,2024-07-01,"jul 2024",4.54203677882914e-05,c(-83.033134, 8.74135)
"TA",807.8076,"Mar-Aug (Reproductive)",202408,8,2024-08-01,"ago 2024",5.25283020969615e-06,c(-83.033134, 8.74135)
"RB",85.7465,"Mar-Aug (Reproductive)",202306,6,2023-06-01,"jun 2023",5.29838412110196e-12,c(-83.12918, 8.641098)
"RB",85.7465,"Mar-Aug (Reproductive)",202307,7,2023-07-01,"jul 2023",7.01523398094127e-12,c(-83.12918, 8.641098)
"RB",85.7465,"Mar-Aug (Reproductive)",202308,8,2023-08-01,"ago 2023",8.11273765556706e-13,c(-83.12918, 8.641098)
"RB",85.7465,"Set-Feb (Non-Reproductive)",202309,9,2023-09-01,"sept 2023",8.50747139907179e-06,c(-83.12918, 8.641098)
"RB",85.7465,"Set-Feb (Non-Reproductive)",202310,10,2023-10-01,"oct 2023",1.00486424741575e-06,c(-83.12918, 8.641098)
"RB",85.7465,"Set-Feb (Non-Reproductive)",202311,11,2023-11-01,"nov 2023",4.5776564273735e-06,c(-83.12918, 8.641098)
"RB",85.7465,"Set-Feb (Non-Reproductive)",202312,12,2023-12-01,"dic 2023",6.08773131971736e-05,c(-83.12918, 8.641098)
"RB",85.7465,"Set-Feb (Non-Reproductive)",202401,1,2024-01-01,"ene 2024",6.08773131971736e-05,c(-83.12918, 8.641098)
"RB",85.7465,"Set-Feb (Non-Reproductive)",202402,2,2024-02-01,"feb 2024",0.000203713041805834,c(-83.12918, 8.641098)
"RB",85.7465,"Mar-Aug (Reproductive)",202403,3,2024-03-01,"mar 2024",4.9639942688243e-13,c(-83.12918, 8.641098)
"RB",85.7465,"Mar-Aug (Reproductive)",202405,5,2024-05-01,"may 2024",1.79761665145837e-12,c(-83.12918, 8.641098)
"RB",85.7465,"Mar-Aug (Reproductive)",202406,6,2024-06-01,"jun 2024",5.29838412110196e-12,c(-83.12918, 8.641098)
"RB",85.7465,"Mar-Aug (Reproductive)",202407,7,2024-07-01,"jul 2024",7.01523398094127e-12,c(-83.12918, 8.641098)
"RB",85.7465,"Mar-Aug (Reproductive)",202408,8,2024-08-01,"ago 2024",8.11273765556706e-13,c(-83.12918, 8.641098)
"GG",0,"Mar-Aug (Reproductive)",202306,6,2023-06-01,"jun 2023",9.34063337105541e-13,c(-83.17888, 8.65543)
"GG",0,"Mar-Aug (Reproductive)",202307,7,2023-07-01,"jul 2023",1.23673042819339e-12,c(-83.17888, 8.65543)
"GG",0,"Mar-Aug (Reproductive)",202308,8,2023-08-01,"ago 2023",1.43021167102862e-13,c(-83.17888, 8.65543)
"GG",0,"Set-Feb (Non-Reproductive)",202309,9,2023-09-01,"sept 2023",8.19570027584736e-06,c(-83.17888, 8.65543)
"GG",0,"Set-Feb (Non-Reproductive)",202310,10,2023-10-01,"oct 2023",9.68038978806013e-07,c(-83.17888, 8.65543)
"GG",0,"Set-Feb (Non-Reproductive)",202311,11,2023-11-01,"nov 2023",4.40989959079796e-06,c(-83.17888, 8.65543)
"GG",0,"Set-Feb (Non-Reproductive)",202312,12,2023-12-01,"dic 2023",5.86464704624389e-05,c(-83.17888, 8.65543)
"GG",0,"Set-Feb (Non-Reproductive)",202401,1,2024-01-01,"ene 2024",5.86464704624389e-05,c(-83.17888, 8.65543)
"GG",0,"Set-Feb (Non-Reproductive)",202402,2,2024-02-01,"feb 2024",0.000196249026099023,c(-83.17888, 8.65543)
"GG",0,"Mar-Aug (Reproductive)",202403,3,2024-03-01,"mar 2024",2.22044604925031e-16,c(-83.17888, 8.65543)
"GG",0,"Mar-Aug (Reproductive)",202404,4,2024-04-01,"abr 2024",1.35893026379057e-13,c(-83.17888, 8.65543)
"GG",0,"Mar-Aug (Reproductive)",202405,5,2024-05-01,"may 2024",3.16905639514798e-13,c(-83.17888, 8.65543)
"GG",0,"Mar-Aug (Reproductive)",202406,6,2024-06-01,"jun 2024",9.34063337105541e-13,c(-83.17888, 8.65543)
"GG",0,"Mar-Aug (Reproductive)",202407,7,2024-07-01,"jul 2024",1.23673042819339e-12,c(-83.17888, 8.65543)
"GG",0,"Mar-Aug (Reproductive)",202408,8,2024-08-01,"ago 2024",1.43021167102862e-13,c(-83.17888, 8.65543)
"C1",50.2948,"Mar-Aug (Reproductive)",202306,6,2023-06-01,"jun 2023",2.56421969713179e-12,c(-83.076059, 8.636349)
"C1",50.2948,"Mar-Aug (Reproductive)",202307,7,2023-07-01,"jul 2023",3.39511080034578e-12,c(-83.076059, 8.636349)
"C1",50.2948,"Mar-Aug (Reproductive)",202308,8,2023-08-01,"ago 2023",3.92626152021857e-13,c(-83.076059, 8.636349)
"C1",50.2948,"Set-Feb (Non-Reproductive)",202309,9,2023-09-01,"sept 2023",8.31246141887132e-06,c(-83.076059, 8.636349)
"C1",50.2948,"Set-Feb (Non-Reproductive)",202310,10,2023-10-01,"oct 2023",9.81830377031433e-07,c(-83.076059, 8.636349)
"C1",50.2948,"Set-Feb (Non-Reproductive)",202311,11,2023-11-01,"nov 2023",4.47272605792426e-06,c(-83.076059, 8.636349)
"C1",50.2948,"Set-Feb (Non-Reproductive)",202312,12,2023-12-01,"dic 2023",5.94819425151643e-05,c(-83.076059, 8.636349)
"C1",50.2948,"Set-Feb (Non-Reproductive)",202401,1,2024-01-01,"ene 2024",5.94819425151643e-05,c(-83.076059, 8.636349)
"C1",50.2948,"Set-Feb (Non-Reproductive)",202402,2,2024-02-01,"feb 2024",0.000199044380896824,c(-83.076059, 8.636349)
"C1",50.2948,"Mar-Aug (Reproductive)",202403,3,2024-03-01,"mar 2024",2.40238751845907e-13,c(-83.076059, 8.636349)
"C1",50.2948,"Mar-Aug (Reproductive)",202404,4,2024-04-01,"abr 2024",3.73057758614437e-13,c(-83.076059, 8.636349)
"C1",50.2948,"Mar-Aug (Reproductive)",202405,5,2024-05-01,"may 2024",8.69979208792185e-13,c(-83.076059, 8.636349)
"C1",50.2948,"Mar-Aug (Reproductive)",202406,6,2024-06-01,"jun 2024",2.56421969713179e-12,c(-83.076059, 8.636349)
"C1",50.2948,"Mar-Aug (Reproductive)",202407,7,2024-07-01,"jul 2024",3.39511080034578e-12,c(-83.076059, 8.636349)
"C1",50.2948,"Mar-Aug (Reproductive)",202408,8,2024-08-01,"ago 2024",3.92626152021857e-13,c(-83.076059, 8.636349)
"MM",128.5849,"Mar-Aug (Reproductive)",202308,8,2023-08-01,"ago 2023",1.95940890731004e-12,c(-83.220558, 8.703609)
"MM",128.5849,"Set-Feb (Non-Reproductive)",202309,9,2023-09-01,"sept 2023",8.77038125169264e-06,c(-83.220558, 8.703609)
"MM",128.5849,"Set-Feb (Non-Reproductive)",202310,10,2023-10-01,"oct 2023",1.03591821658885e-06,c(-83.220558, 8.703609)
"MM",128.5849,"Set-Feb (Non-Reproductive)",202311,11,2023-11-01,"nov 2023",4.71912218094377e-06,c(-83.220558, 8.703609)
"MM",128.5849,"Set-Feb (Non-Reproductive)",202312,12,2023-12-01,"dic 2023",6.27585280245605e-05,c(-83.220558, 8.703609)
"MM",128.5849,"Set-Feb (Non-Reproductive)",202401,1,2024-01-01,"ene 2024",6.27585280245605e-05,c(-83.220558, 8.703609)
"MM",128.5849,"Set-Feb (Non-Reproductive)",202402,2,2024-02-01,"feb 2024",0.000210007201999475,c(-83.220558, 8.703609)
"MM",128.5849,"Mar-Aug (Reproductive)",202403,3,2024-03-01,"mar 2024",1.19891644462338e-12,c(-83.220558, 8.703609)
"MM",128.5849,"Mar-Aug (Reproductive)",202404,4,2024-04-01,"abr 2024",1.86175243652545e-12,c(-83.220558, 8.703609)
"MM",128.5849,"Mar-Aug (Reproductive)",202405,5,2024-05-01,"may 2024",4.34164917976173e-12,c(-83.220558, 8.703609)
"MM",128.5849,"Mar-Aug (Reproductive)",202406,6,2024-06-01,"jun 2024",1.27967912706351e-11,c(-83.220558, 8.703609)
"MM",128.5849,"Mar-Aug (Reproductive)",202407,7,2024-07-01,"jul 2024",1.69433704534587e-11,c(-83.220558, 8.703609)
"MM",128.5849,"Mar-Aug (Reproductive)",202408,8,2024-08-01,"ago 2024",1.95940890731004e-12,c(-83.220558, 8.703609)
"ET",137.7205,"Mar-Aug (Reproductive)",202306,6,2023-06-01,"jun 2023",1.5447481071324e-11,c(-83.203611, 8.665417)
"ET",137.7205,"Mar-Aug (Reproductive)",202307,7,2023-07-01,"jul 2023",2.04529705008637e-11,c(-83.203611, 8.665417)
"ET",137.7205,"Mar-Aug (Reproductive)",202308,8,2023-08-01,"ago 2023",2.36527511987943e-12,c(-83.203611, 8.665417)
"ET",137.7205,"Set-Feb (Non-Reproductive)",202309,9,2023-09-01,"sept 2023",8.82430443706688e-06,c(-83.203611, 8.665417)
"ET",137.7205,"Set-Feb (Non-Reproductive)",202310,10,2023-10-01,"oct 2023",1.0422874316925e-06,c(-83.203611, 8.665417)
"ET",137.7205,"Set-Feb (Non-Reproductive)",202311,11,2023-11-01,"nov 2023",4.74813701281205e-06,c(-83.203611, 8.665417)
"ET",137.7205,"Set-Feb (Non-Reproductive)",202312,12,2023-12-01,"dic 2023",6.31443671135425e-05,c(-83.203611, 8.665417)
"ET",137.7205,"Set-Feb (Non-Reproductive)",202401,1,2024-01-01,"ene 2024",6.31443671135425e-05,c(-83.203611, 8.665417)
"ET",137.7205,"Set-Feb (Non-Reproductive)",202402,2,2024-02-01,"feb 2024",0.000211298133838406,c(-83.203611, 8.665417)
"ET",137.7205,"Mar-Aug (Reproductive)",202403,3,2024-03-01,"mar 2024",1.44725647959592e-12,c(-83.203611, 8.665417)
"ET",137.7205,"Mar-Aug (Reproductive)",202404,4,2024-04-01,"abr 2024",2.24739037423997e-12,c(-83.203611, 8.665417)
"ET",137.7205,"Mar-Aug (Reproductive)",202405,5,2024-05-01,"may 2024",5.24096565337568e-12,c(-83.203611, 8.665417)
"ET",137.7205,"Mar-Aug (Reproductive)",202406,6,2024-06-01,"jun 2024",1.5447481071324e-11,c(-83.203611, 8.665417)
"ET",137.7205,"Mar-Aug (Reproductive)",202407,7,2024-07-01,"jul 2024",2.04529705008637e-11,c(-83.203611, 8.665417)
"ET",137.7205,"Mar-Aug (Reproductive)",202408,8,2024-08-01,"ago 2024",2.36527511987943e-12,c(-83.203611, 8.665417)
"CV",196.7505,"Mar-Aug (Reproductive)",202306,6,2023-06-01,"jun 2023",5.24999758342857e-11,c(-83.040862, 8.697128)
"CV",196.7505,"Mar-Aug (Reproductive)",202307,7,2023-07-01,"jul 2023",6.95116862136913e-11,c(-83.040862, 8.697128)
"CV",196.7505,"Mar-Aug (Reproductive)",202308,8,2023-08-01,"ago 2023",8.03864954199685e-12,c(-83.040862, 8.697128)
"CV",196.7505,"Set-Feb (Non-Reproductive)",202309,9,2023-09-01,"sept 2023",9.17695200707674e-06,c(-83.040862, 8.697128)
"CV",196.7505,"Set-Feb (Non-Reproductive)",202310,10,2023-10-01,"oct 2023",1.08394092487772e-06,c(-83.040862, 8.697128)
"CV",196.7505,"Set-Feb (Non-Reproductive)",202311,11,2023-11-01,"nov 2023",4.93788863455369e-06,c(-83.040862, 8.697128)
"CV",196.7505,"Set-Feb (Non-Reproductive)",202312,12,2023-12-01,"dic 2023",6.5667676440722e-05,c(-83.040862, 8.697128)
"CV",196.7505,"Set-Feb (Non-Reproductive)",202401,1,2024-01-01,"ene 2024",6.5667676440722e-05,c(-83.040862, 8.697128)
"CV",196.7505,"Set-Feb (Non-Reproductive)",202402,2,2024-02-01,"feb 2024",0.000219740508412845,c(-83.040862, 8.697128)
"CV",196.7505,"Mar-Aug (Reproductive)",202403,3,2024-03-01,"mar 2024",4.91866148639589e-12,c(-83.040862, 8.697128)
"CV",196.7505,"Mar-Aug (Reproductive)",202404,4,2024-04-01,"abr 2024",7.63800517357926e-12,c(-83.040862, 8.697128)
"CV",196.7505,"Mar-Aug (Reproductive)",202405,5,2024-05-01,"may 2024",1.78120024155949e-11,c(-83.040862, 8.697128)
"CV",196.7505,"Mar-Aug (Reproductive)",202406,6,2024-06-01,"jun 2024",5.24999758342857e-11,c(-83.040862, 8.697128)
"C2",42.9733,"Mar-Aug (Reproductive)",202306,6,2023-06-01,"jun 2023",2.27776822025165e-12,c(-83.129691, 8.692883)
"C2",42.9733,"Mar-Aug (Reproductive)",202307,7,2023-07-01,"jul 2023",3.01583967002184e-12,c(-83.129691, 8.692883)
"C2",42.9733,"Mar-Aug (Reproductive)",202308,8,2023-08-01,"ago 2023",3.48765502626468e-13,c(-83.129691, 8.692883)
"C2",42.9733,"Set-Feb (Non-Reproductive)",202309,9,2023-09-01,"sept 2023",8.5359497802719e-06,c(-83.129691, 8.692883)
"C2",42.9733,"Set-Feb (Non-Reproductive)",202310,10,2023-10-01,"oct 2023",1.00822801100329e-06,c(-83.129691, 8.692883)
"C2",42.9733,"Set-Feb (Non-Reproductive)",202311,11,2023-11-01,"nov 2023",4.59297998858851e-06,c(-83.129691, 8.692883)
"C2",42.9733,"Set-Feb (Non-Reproductive)",202401,1,2024-01-01,"ene 2024",6.10810865809126e-05,c(-83.129691, 8.692883)
"C2",42.9733,"Set-Feb (Non-Reproductive)",202402,2,2024-02-01,"feb 2024",0.000204394828569378,c(-83.129691, 8.692883)
"C2",42.9733,"Mar-Aug (Reproductive)",202403,3,2024-03-01,"mar 2024",2.13401447169081e-13,c(-83.129691, 8.692883)
"C2",42.9733,"Mar-Aug (Reproductive)",202405,5,2024-05-01,"may 2024",7.72792985048303e-13,c(-83.129691, 8.692883)
"C2",42.9733,"Mar-Aug (Reproductive)",202406,6,2024-06-01,"jun 2024",2.27776822025165e-12,c(-83.129691, 8.692883)
"C2",42.9733,"Mar-Aug (Reproductive)",202407,7,2024-07-01,"jul 2024",3.01583967002184e-12,c(-83.129691, 8.692883)
"LA",258.8206,"Mar-Aug (Reproductive)",202306,6,2023-06-01,"jun 2023",1.93604535938563e-10,c(-83.086793, 8.702797)
"LA",258.8206,"Mar-Aug (Reproductive)",202307,7,2023-07-01,"jul 2023",2.56338741822897e-10,c(-83.086793, 8.702797)
"LA",258.8206,"Mar-Aug (Reproductive)",202308,8,2023-08-01,"ago 2023",2.96441853468557e-11,c(-83.086793, 8.702797)
"LA",258.8206,"Set-Feb (Non-Reproductive)",202309,9,2023-09-01,"sept 2023",9.5564537671215e-06,c(-83.086793, 8.702797)
"LA",258.8206,"Set-Feb (Non-Reproductive)",202310,10,2023-10-01,"oct 2023",1.12876636967507e-06,c(-83.086793, 8.702797)
"LA",258.8206,"Set-Feb (Non-Reproductive)",202311,11,2023-11-01,"nov 2023",5.14208995309537e-06,c(-83.086793, 8.702797)
"LA",258.8206,"Set-Feb (Non-Reproductive)",202312,12,2023-12-01,"dic 2023",6.83831240898649e-05,c(-83.086793, 8.702797)
"LA",258.8206,"Set-Feb (Non-Reproductive)",202401,1,2024-01-01,"ene 2024",6.83831240898649e-05,c(-83.086793, 8.702797)
"LA",258.8206,"Set-Feb (Non-Reproductive)",202402,2,2024-02-01,"feb 2024",0.000228825619044604,c(-83.086793, 8.702797)
"LA",258.8206,"Mar-Aug (Reproductive)",202403,3,2024-03-01,"mar 2024",1.81385831041173e-11,c(-83.086793, 8.702797)
"LA",258.8206,"Mar-Aug (Reproductive)",202404,4,2024-04-01,"abr 2024",2.81667262471335e-11,c(-83.086793, 8.702797)
"LA",258.8206,"Mar-Aug (Reproductive)",202405,5,2024-05-01,"may 2024",6.568544856124e-11,c(-83.086793, 8.702797)
"LA",258.8206,"Mar-Aug (Reproductive)",202406,6,2024-06-01,"jun 2024",1.93604535938563e-10,c(-83.086793, 8.702797)
"LA",258.8206,"Mar-Aug (Reproductive)",202407,7,2024-07-01,"jul 2024",2.56338741822897e-10,c(-83.086793, 8.702797)
"LM",1168.3,"Mar-Aug (Reproductive)",202306,6,2023-06-01,"jun 2023",0.00129354858462201,c(-82.923825, 8.735344)
"LM",1168.3,"Mar-Aug (Reproductive)",202307,7,2023-07-01,"jul 2023",0.00171198307981484,c(-82.923825, 8.735344)
"LM",1168.3,"Mar-Aug (Reproductive)",202308,8,2023-08-01,"ago 2023",0.000198281757800999,c(-82.923825, 8.735344)
"LM",1168.3,"Set-Feb (Non-Reproductive)",202309,9,2023-09-01,"sept 2023",3.42575531874771e-06,c(-82.923825, 8.735344)
"LM",1168.3,"Set-Feb (Non-Reproductive)",202310,10,2023-10-01,"oct 2023",4.04632992755341e-07,c(-82.923825, 8.735344)
"LM",1168.3,"Set-Feb (Non-Reproductive)",202311,11,2023-11-01,"nov 2023",1.84330846456049e-06,c(-82.923825, 8.735344)
"LM",1168.3,"Set-Feb (Non-Reproductive)",202312,12,2023-12-01,"dic 2023",2.45146053143105e-05,c(-82.923825, 8.735344)
"LM",1168.3,"Set-Feb (Non-Reproductive)",202401,1,2024-01-01,"ene 2024",2.45146053143105e-05,c(-82.923825, 8.735344)
"LM",1168.3,"Set-Feb (Non-Reproductive)",202402,2,2024-02-01,"feb 2024",8.20399371723339e-05,c(-82.923825, 8.735344)
"LM",1168.3,"Mar-Aug (Reproductive)",202403,3,2024-03-01,"mar 2024",0.000121333303770562,c(-82.923825, 8.735344)
"LM",1168.3,"Mar-Aug (Reproductive)",202404,4,2024-04-01,"abr 2024",0.000188401304309343,c(-82.923825, 8.735344)
"LM",1168.3,"Mar-Aug (Reproductive)",202405,5,2024-05-01,"may 2024",0.000439245911356179,c(-82.923825, 8.735344)
"LM",1168.3,"Mar-Aug (Reproductive)",202406,6,2024-06-01,"jun 2024",0.00129354858462201,c(-82.923825, 8.735344)
"LM",1168.3,"Mar-Aug (Reproductive)",202407,7,2024-07-01,"jul 2024",0.00171198307981484,c(-82.923825, 8.735344)
"LM",1168.3,"Mar-Aug (Reproductive)",202408,8,2024-08-01,"ago 2024",0.000198281757800999,c(-82.923825, 8.735344)
"SD",1339.542,"Mar-Aug (Reproductive)",202306,6,2023-06-01,"jun 2023",0.0015834057545981,c(-82.974064, 8.74185)
"SD",1339.542,"Mar-Aug (Reproductive)",202307,7,2023-07-01,"jul 2023",0.00209540593952056,c(-82.974064, 8.74185)
"SD",1339.542,"Mar-Aug (Reproductive)",202308,8,2023-08-01,"ago 2023",0.000242772210504336,c(-82.974064, 8.74185)
"SD",1339.542,"Set-Feb (Non-Reproductive)",202309,9,2023-09-01,"sept 2023",3.24086946140756e-06,c(-82.974064, 8.74185)
"SD",1339.542,"Set-Feb (Non-Reproductive)",202310,10,2023-10-01,"oct 2023",3.82795142521226e-07,c(-82.974064, 8.74185)
"SD",1339.542,"Set-Feb (Non-Reproductive)",202311,11,2023-11-01,"nov 2023",1.74382611853768e-06,c(-82.974064, 8.74185)
"SD",1339.542,"Set-Feb (Non-Reproductive)",202312,12,2023-12-01,"dic 2023",2.31915938980966e-05,c(-82.974064, 8.74185)
"SD",1339.542,"Set-Feb (Non-Reproductive)",202401,1,2024-01-01,"ene 2024",2.31915938980966e-05,c(-82.974064, 8.74185)
"SD",1339.542,"Set-Feb (Non-Reproductive)",202402,2,2024-02-01,"feb 2024",7.76126227167352e-05,c(-82.974064, 8.74185)
"SD",1339.542,"Mar-Aug (Reproductive)",202403,3,2024-03-01,"mar 2024",0.000148560631017284,c(-82.974064, 8.74185)
"SD",1339.542,"Mar-Aug (Reproductive)",202404,4,2024-04-01,"abr 2024",0.0002306752927654,c(-82.974064, 8.74185)
"SD",1339.542,"Mar-Aug (Reproductive)",202405,5,2024-05-01,"may 2024",0.000537774809055587,c(-82.974064, 8.74185)
"SD",1339.542,"Mar-Aug (Reproductive)",202406,6,2024-06-01,"jun 2024",0.0015834057545981,c(-82.974064, 8.74185)
"SD",1339.542,"Mar-Aug (Reproductive)",202407,7,2024-07-01,"jul 2024",0.00209540593952056,c(-82.974064, 8.74185)
"SD",1339.542,"Mar-Aug (Reproductive)",202408,8,2024-08-01,"ago 2024",0.000242772210504336,c(-82.974064, 8.74185)
"BQ",974.3171,"Mar-Aug (Reproductive)",202308,8,2023-08-01,"ago 2023",7.35783385802042e-05,c(-82.962024, 8.700314)
"BQ",974.3171,"Set-Feb (Non-Reproductive)",202309,9,2023-09-01,"sept 2023",1.00534019716319e-05,c(-82.962024, 8.700314)
"BQ",974.3171,"Set-Feb (Non-Reproductive)",202310,10,2023-10-01,"oct 2023",1.18746423058523e-06,c(-82.962024, 8.700314)
"BQ",974.3171,"Set-Feb (Non-Reproductive)",202311,11,2023-11-01,"nov 2023",5.4094866568154e-06,c(-82.962024, 8.700314)
"BQ",974.3171,"Set-Feb (Non-Reproductive)",202312,12,2023-12-01,"dic 2023",7.1938916698164e-05,c(-82.962024, 8.700314)
"BQ",974.3171,"Set-Feb (Non-Reproductive)",202401,1,2024-01-01,"ene 2024",7.1938916698164e-05,c(-82.962024, 8.700314)
"BQ",974.3171,"Set-Feb (Non-Reproductive)",202402,2,2024-02-01,"feb 2024",0.000240722108334964,c(-82.962024, 8.700314)
"BQ",974.3171,"Mar-Aug (Reproductive)",202403,3,2024-03-01,"mar 2024",4.50221487775117e-05,c(-82.962024, 8.700314)
"BQ",974.3171,"Mar-Aug (Reproductive)",202404,4,2024-04-01,"abr 2024",6.99114681769819e-05,c(-82.962024, 8.700314)
"BQ",974.3171,"Mar-Aug (Reproductive)",202405,5,2024-05-01,"may 2024",0.000163019958624675,c(-82.962024, 8.700314)
"BQ",974.3171,"Mar-Aug (Reproductive)",202406,6,2024-06-01,"jun 2024",0.00048034058404383,c(-82.962024, 8.700314)
"BQ",974.3171,"Mar-Aug (Reproductive)",202407,7,2024-07-01,"jul 2024",0.000635887680360724,c(-82.962024, 8.700314)
"BQ",974.3171,"Mar-Aug (Reproductive)",202408,8,2024-08-01,"ago 2024",7.35783385802042e-05,c(-82.962024, 8.700314)
"LU",117.3408,"Mar-Aug (Reproductive)",202306,6,2023-06-01,"jun 2023",1.01460535476825e-11,c(-82.951838, 8.660137)
"LU",117.3408,"Mar-Aug (Reproductive)",202307,7,2023-07-01,"jul 2023",1.34337069554023e-11,c(-82.951838, 8.660137)
"LU",117.3408,"Mar-Aug (Reproductive)",202308,8,2023-08-01,"ago 2023",1.55353535701943e-12,c(-82.951838, 8.660137)
"LU",117.3408,"Set-Feb (Non-Reproductive)",202309,9,2023-09-01,"sept 2023",8.69817515841649e-06,c(-82.951838, 8.660137)
"LU",117.3408,"Set-Feb (Non-Reproductive)",202310,10,2023-10-01,"oct 2023",1.02738949029935e-06,c(-82.951838, 8.660137)
"LU",117.3408,"Set-Feb (Non-Reproductive)",202311,11,2023-11-01,"nov 2023",4.68026973705216e-06,c(-82.951838, 8.660137)
"LU",117.3408,"Set-Feb (Non-Reproductive)",202312,12,2023-12-01,"dic 2023",6.2241867988874e-05,c(-82.951838, 8.660137)
"LU",117.3408,"Set-Feb (Non-Reproductive)",202401,1,2024-01-01,"ene 2024",6.2241867988874e-05,c(-82.951838, 8.660137)
"LU",117.3408,"Set-Feb (Non-Reproductive)",202402,2,2024-02-01,"feb 2024",0.000208278568687224,c(-82.951838, 8.660137)
"LU",117.3408,"Mar-Aug (Reproductive)",202403,3,2024-03-01,"mar 2024",9.50571919871052e-13,c(-82.951838, 8.660137)
"LU",117.3408,"Mar-Aug (Reproductive)",202404,4,2024-04-01,"abr 2024",1.47610752679999e-12,c(-82.951838, 8.660137)
"LU",117.3408,"Mar-Aug (Reproductive)",202405,5,2024-05-01,"may 2024",3.44231644725819e-12,c(-82.951838, 8.660137)
"LU",117.3408,"Mar-Aug (Reproductive)",202406,6,2024-06-01,"jun 2024",1.01460535476825e-11,c(-82.951838, 8.660137)
"LU",117.3408,"Mar-Aug (Reproductive)",202407,7,2024-07-01,"jul 2024",1.34337069554023e-11,c(-82.951838, 8.660137)
"LU",117.3408,"Mar-Aug (Reproductive)",202408,8,2024-08-01,"ago 2024",1.55353535701943e-12,c(-82.951838, 8.660137)
"EF",206.5883,"Mar-Aug (Reproductive)",202306,6,2023-06-01,"jun 2023",6.44756166369069e-11,c(-83.142097, 8.664571)
"EF",206.5883,"Mar-Aug (Reproductive)",202307,7,2023-07-01,"jul 2023",8.53678265724956e-11,c(-83.142097, 8.664571)
"EF",206.5883,"Mar-Aug (Reproductive)",202308,8,2023-08-01,"ago 2023",9.8723261852439e-12,c(-83.142097, 8.664571)
"EF",206.5883,"Set-Feb (Non-Reproductive)",202309,9,2023-09-01,"sept 2023",9.23738804684483e-06,c(-83.142097, 8.664571)
"EF",206.5883,"Set-Feb (Non-Reproductive)",202310,10,2023-10-01,"oct 2023",1.09107942036663e-06,c(-83.142097, 8.664571)
"EF",206.5883,"Set-Feb (Non-Reproductive)",202311,11,2023-11-01,"nov 2023",4.97040789661909e-06,c(-83.142097, 8.664571)
"EF",206.5883,"Set-Feb (Non-Reproductive)",202312,12,2023-12-01,"dic 2023",6.61001150792725e-05,c(-83.142097, 8.664571)
"EF",206.5883,"Set-Feb (Non-Reproductive)",202401,1,2024-01-01,"ene 2024",6.61001150792725e-05,c(-83.142097, 8.664571)
"EF",206.5883,"Set-Feb (Non-Reproductive)",202402,2,2024-02-01,"feb 2024",0.00022118733207733,c(-83.142097, 8.664571)
"EF",206.5883,"Mar-Aug (Reproductive)",202403,3,2024-03-01,"mar 2024",6.04064530178153e-12,c(-83.142097, 8.664571)
"EF",206.5883,"Mar-Aug (Reproductive)",202404,4,2024-04-01,"abr 2024",9.38029181197899e-12,c(-83.142097, 8.664571)
"EF",206.5883,"Mar-Aug (Reproductive)",202405,5,2024-05-01,"may 2024",2.18750546270279e-11,c(-83.142097, 8.664571)
"EF",206.5883,"Mar-Aug (Reproductive)",202406,6,2024-06-01,"jun 2024",6.44756166369069e-11,c(-83.142097, 8.664571)
"EF",206.5883,"Mar-Aug (Reproductive)",202407,7,2024-07-01,"jul 2024",8.53678265724956e-11,c(-83.142097, 8.664571)
"EF",206.5883,"Mar-Aug (Reproductive)",202408,8,2024-08-01,"ago 2024",9.8723261852439e-12,c(-83.142097, 8.664571)
"FM",67.8045,"Mar-Aug (Reproductive)",202306,6,2023-06-01,"jun 2023",3.67303927890108e-12,c(-83.02648, 8.672788)
"FM",67.8045,"Mar-Aug (Reproductive)",202307,7,2023-07-01,"jul 2023",4.86322421586402e-12,c(-83.02648, 8.672788)
"FM",67.8045,"Mar-Aug (Reproductive)",202308,8,2023-08-01,"ago 2023",5.62405506795895e-13,c(-83.02648, 8.672788)
"FM",67.8045,"Set-Feb (Non-Reproductive)",202309,9,2023-09-01,"sept 2023",8.41703259317331e-06,c(-83.02648, 8.672788)
"FM",67.8045,"Set-Feb (Non-Reproductive)",202310,10,2023-10-01,"oct 2023",9.94181943244725e-07,c(-83.02648, 8.672788)
"FM",67.8045,"Set-Feb (Non-Reproductive)",202311,11,2023-11-01,"nov 2023",4.52899339092727e-06,c(-83.02648, 8.672788)
"FM",67.8045,"Set-Feb (Non-Reproductive)",202312,12,2023-12-01,"dic 2023",6.02301895120046e-05,c(-83.02648, 8.672788)
"FM",67.8045,"Set-Feb (Non-Reproductive)",202401,1,2024-01-01,"ene 2024",6.02301895120046e-05,c(-83.02648, 8.672788)
"FM",67.8045,"Set-Feb (Non-Reproductive)",202402,2,2024-02-01,"feb 2024",0.000201547885416327,c(-83.02648, 8.672788)
"FM",67.8045,"Mar-Aug (Reproductive)",202403,3,2024-03-01,"mar 2024",3.44122764844248e-13,c(-83.02648, 8.672788)
"FM",67.8045,"Mar-Aug (Reproductive)",202404,4,2024-04-01,"abr 2024",5.34375350998053e-13,c(-83.02648, 8.672788)
"FM",67.8045,"Mar-Aug (Reproductive)",202405,5,2024-05-01,"may 2024",1.24617551658994e-12,c(-83.02648, 8.672788)
"FM",67.8045,"Mar-Aug (Reproductive)",202406,6,2024-06-01,"jun 2024",3.67303927890108e-12,c(-83.02648, 8.672788)
"FM",67.8045,"Mar-Aug (Reproductive)",202407,7,2024-07-01,"jul 2024",4.86322421586402e-12,c(-83.02648, 8.672788)
"FM",67.8045,"Mar-Aug (Reproductive)",202408,8,2024-08-01,"ago 2024",5.62405506795895e-13,c(-83.02648, 8.672788)
"OE",66.244,"Mar-Aug (Reproductive)",202306,6,2023-06-01,"jun 2023",3.55742733256566e-12,c(-83.125516, 8.672767)
"OE",66.244,"Mar-Aug (Reproductive)",202307,7,2023-07-01,"jul 2023",4.71015021518815e-12,c(-83.125516, 8.672767)
"OE",66.244,"Mar-Aug (Reproductive)",202308,8,2023-08-01,"ago 2023",5.44703328753822e-13,c(-83.125516, 8.672767)
"OE",66.244,"Set-Feb (Non-Reproductive)",202309,9,2023-09-01,"sept 2023",8.40811380793653e-06,c(-83.125516, 8.672767)
"OE",66.244,"Set-Feb (Non-Reproductive)",202310,10,2023-10-01,"oct 2023",9.93128488729919e-07,c(-83.125516, 8.672767)
"OE",66.244,"Set-Feb (Non-Reproductive)",202311,11,2023-11-01,"nov 2023",4.52419439842839e-06,c(-83.125516, 8.672767)
"OE",66.244,"Set-Feb (Non-Reproductive)",202312,12,2023-12-01,"dic 2023",6.01663722087756e-05,c(-83.125516, 8.672767)
"OE",66.244,"Set-Feb (Non-Reproductive)",202401,1,2024-01-01,"ene 2024",6.01663722087756e-05,c(-83.125516, 8.672767)
"OE",66.244,"Set-Feb (Non-Reproductive)",202402,2,2024-02-01,"feb 2024",0.000201334364144407,c(-83.125516, 8.672767)
"OE",66.244,"Mar-Aug (Reproductive)",202403,3,2024-03-01,"mar 2024",3.33291216472132e-13,c(-83.125516, 8.672767)
"OE",66.244,"Mar-Aug (Reproductive)",202404,4,2024-04-01,"abr 2024",5.17555445271035e-13,c(-83.125516, 8.672767)
"OE",66.244,"Mar-Aug (Reproductive)",202405,5,2024-05-01,"may 2024",1.20695111249047e-12,c(-83.125516, 8.672767)
"OE",66.244,"Mar-Aug (Reproductive)",202406,6,2024-06-01,"jun 2024",3.55742733256566e-12,c(-83.125516, 8.672767)
"OE",66.244,"Mar-Aug (Reproductive)",202407,7,2024-07-01,"jul 2024",4.71015021518815e-12,c(-83.125516, 8.672767)
"OE",66.244,"Mar-Aug (Reproductive)",202408,8,2024-08-01,"ago 2024",5.44703328753822e-13,c(-83.125516, 8.672767)
"FC",372.9172,"Mar-Aug (Reproductive)",202306,6,2023-06-01,"jun 2023",2.28051348533488e-09,c(-82.94086, 8.678668)
"FC",372.9172,"Mar-Aug (Reproductive)",202307,7,2023-07-01,"jul 2023",3.01947448860955e-09,c(-82.94086, 8.678668)
"FC",372.9172,"Mar-Aug (Reproductive)",202308,8,2023-08-01,"ago 2023",3.49185850615634e-10,c(-82.94086, 8.678668)
"FC",372.9172,"Set-Feb (Non-Reproductive)",202309,9,2023-09-01,"sept 2023",1.02605766143711e-05,c(-82.94086, 8.678668)
"FC",372.9172,"Set-Feb (Non-Reproductive)",202310,10,2023-10-01,"oct 2023",1.21193502211757e-06,c(-82.94086, 8.678668)
"FC",372.9172,"Set-Feb (Non-Reproductive)",202311,11,2023-11-01,"nov 2023",5.52096273033463e-06,c(-82.94086, 8.678668)
"FC",372.9172,"Set-Feb (Non-Reproductive)",202312,12,2023-12-01,"dic 2023",7.3421298289597e-05,c(-82.94086, 8.678668)
"FC",372.9172,"Set-Feb (Non-Reproductive)",202401,1,2024-01-01,"ene 2024",7.3421298289597e-05,c(-82.94086, 8.678668)
"FC",372.9172,"Set-Feb (Non-Reproductive)",202402,2,2024-02-01,"feb 2024",0.000245681601251924,c(-82.94086, 8.678668)
"FC",372.9172,"Mar-Aug (Reproductive)",202403,3,2024-03-01,"mar 2024",2.13658648293092e-10,c(-82.94086, 8.678668)
"FC",372.9172,"Mar-Aug (Reproductive)",202404,4,2024-04-01,"abr 2024",3.31782511434839e-10,c(-82.94086, 8.678668)
"FC",372.9172,"Mar-Aug (Reproductive)",202405,5,2024-05-01,"may 2024",7.73724389847267e-10,c(-82.94086, 8.678668)
"FC",372.9172,"Mar-Aug (Reproductive)",202406,6,2024-06-01,"jun 2024",2.28051348533488e-09,c(-82.94086, 8.678668)
"FC",372.9172,"Mar-Aug (Reproductive)",202407,7,2024-07-01,"jul 2024",3.01947448860955e-09,c(-82.94086, 8.678668)
"FC",372.9172,"Mar-Aug (Reproductive)",202408,8,2024-08-01,"ago 2024",3.49185850615634e-10,c(-82.94086, 8.678668)
