"Selection","View","Channel","Begin Time (s)","End Time (s)","Low Freq (Hz)","High Freq (Hz)","Begin File","Pájaro Campana","Site","Date","Hour","Month","Week"
1,"Spectrogram 1",1,9.9413319,9.9413319,4401.2,4401.2,"0_PHM24_20240422_154000.mp3",1,"PHM24",20240422,154000,202404,51
2,"Spectrogram 1",1,15.056266286,15.056266286,2865.9,2865.9,"0_PHM24_20240514_080000.mp3",1,"PHM24",20240514,80000,202405,54
3,"Spectrogram 1",1,20.053167415,20.053167415,3480,3480,"0_PHM24_20240514_082000.mp3",1,"PHM24",20240514,82000,202405,54
4,"Spectrogram 1",1,25.111673485,25.111673485,2865.9,2865.9,"0_RNM35_20240414_130000.mp3",1,"RNM35",20240414,130000,202404,50
5,"Spectrogram 1",1,30.145784184,30.145784184,3582.3,3582.3,"100_LLA05_20240527_064000.mp3",1,"LLA05",20240527,64000,202405,56
6,"Spectrogram 1",1,35.340099695,35.340099695,3275.3,3275.3,"100_PHM24_20240408_160000.mp3",1,"PHM24",20240408,160000,202404,49
7,"Spectrogram 1",1,40.213625048,40.213625048,3548.2,3548.2,"100_PHM24_20240422_154000.mp3",1,"PHM24",20240422,154000,202404,51
8,"Spectrogram 1",1,45.383852649,45.383852649,3207,3207,"100_PHM24_20240426_120000.mp3",1,"PHM24",20240426,120000,202404,52
9,"Spectrogram 1",1,50.427324216,50.427324216,3650.6,3650.6,"100_PHM24_20240522_102000.mp3",1,"PHM24",20240522,102000,202405,56
10,"Spectrogram 1",1,55.550349973,55.550349973,2831.8,2831.8,"100_RNM35_20240414_124000.mp3",1,"RNM35",20240414,124000,202404,50
11,"Spectrogram 1",1,65.689081925,65.689081925,2831.8,2831.8,"105_PHM24_20240422_154000.mp3",1,"PHM24",20240422,154000,202404,51
12,"Spectrogram 1",1,80.861545875,80.861545875,3480,3480,"115_PHM24_20240426_114000.mp3",1,"PHM24",20240426,114000,202404,52
13,"Spectrogram 1",1,85.800230683,85.800230683,2797.6,2797.6,"115_PHM24_20240514_080000.mp3",1,"PHM24",20240514,80000,202405,54
14,"Spectrogram 1",1,91.016047734,91.016047734,2797.6,2797.6,"115_PHM24_20240514_082000.mp3",1,"PHM24",20240514,82000,202405,54
15,"Spectrogram 1",1,95.700225011,95.700225011,3480,3480,"115_PHM24_20240514_144000.mp3",1,"PHM24",20240514,144000,202405,54
16,"Spectrogram 1",1,100.995328741,100.995328741,3855.3,3855.3,"120_PPA01_20240502_100000.mp3",1,"PPA01",20240502,100000,202405,53
17,"Spectrogram 1",1,106.197723684,106.197723684,3855.3,3855.3,"120_RNM35_20240414_124000.mp3",1,"RNM35",20240414,124000,202404,50
18,"Spectrogram 1",1,116.3635335,116.3635335,3377.6,3377.6,"135_PHM24_20240408_160000.mp3",1,"PHM24",20240408,160000,202404,49
19,"Spectrogram 1",1,126.482415998,126.482415998,3855.3,3855.3,"140_RNM35_20240414_124000.mp3",1,"RNM35",20240414,124000,202404,50
20,"Spectrogram 1",1,141.451017098,141.451017098,2661.2,2661.2,"145_LLA05_20240525_132000.mp3",1,"LLA05",20240525,132000,202405,56
21,"Spectrogram 1",1,146.507691,146.507691,3104.7,3104.7,"150_PHM24_20240408_160000.mp3",1,"PHM24",20240408,160000,202404,49
22,"Spectrogram 1",1,151.641820757,151.641820757,3138.8,3138.8,"150_PHM24_20240426_062000.mp3",1,"PHM24",20240426,62000,202404,52
23,"Spectrogram 1",1,156.68930399,156.68930399,3207,3207,"150_PHM24_20240514_080000.mp3",1,"PHM24",20240514,80000,202405,54
24,"Spectrogram 1",1,161.687040639,161.687040639,4060,4060,"150_PHM24_20240522_102000.mp3",1,"PHM24",20240522,102000,202405,56
25,"Spectrogram 1",1,171.877981562,171.877981562,4230.6,4230.6,"15_PHM24_20240522_102000.mp3",1,"PHM24",20240522,102000,202405,56
26,"Spectrogram 1",1,177.300836787,177.300836787,3821.2,3821.2,"15_RNM35_20240414_124000.mp3",1,"RNM35",20240414,124000,202404,50
27,"Spectrogram 1",1,187.158432304,187.158432304,4332.9,4332.9,"160_PHM24_20240408_160000.mp3",1,"PHM24",20240408,160000,202404,49
28,"Spectrogram 1",1,192.316203566,192.316203566,2883,2883,"160_PHM24_20240426_120000.mp3",1,"PHM24",20240426,120000,202404,52
29,"Spectrogram 1",1,197.057047885,197.057047885,3589,3589,"160_PHM24_20240514_144000.mp3",1,"PHM24",20240514,144000,202405,54
30,"Spectrogram 1",1,202.216034222,202.216034222,3412.5,3412.5,"160_RNM35_20240414_122000.mp3",1,"RNM35",20240414,122000,202404,50
31,"Spectrogram 1",1,207.321125045,207.321125045,3736.1,3736.1,"165_PHM24_20240514_144000.mp3",1,"PHM24",20240514,144000,202405,54
32,"Spectrogram 1",1,212.427820059,212.427820059,3265.4,3265.4,"165_RNM35_20240414_124000.mp3",1,"RNM35",20240414,124000,202404,50
33,"Spectrogram 1",1,221.986736576,221.986736576,4824.6,4824.6,"170_PHM24_20240408_160000.mp3",1,"PHM24",20240408,160000,202404,49
34,"Spectrogram 1",1,227.778801267,227.778801267,3324.3,3324.3,"175_PHM24_20240514_080000.mp3",1,"PHM24",20240514,80000,202405,54
35,"Spectrogram 1",1,238.012907629,238.012907629,3971.5,3971.5,"180_RNM35_20240414_122000.mp3",1,"RNM35",20240414,122000,202404,50
36,"Spectrogram 1",1,242.981411979,242.981411979,3706.7,3706.7,"180_RNM35_20240414_124000.mp3",1,"RNM35",20240414,124000,202404,50
37,"Spectrogram 1",1,248.008106399,248.008106399,3000.7,3000.7,"185_LLA05_20240521_120000.mp3",1,"LLA05",20240521,120000,202405,55
38,"Spectrogram 1",1,252.835288102,252.835288102,3412.5,3412.5,"190_PHM24_20240408_160000.mp3",1,"PHM24",20240408,160000,202404,49
39,"Spectrogram 1",1,257.845734131,257.845734131,3971.5,3971.5,"195_PHM24_20240514_080000.mp3",1,"PHM24",20240514,80000,202405,54
40,"Spectrogram 1",1,263.132449287,263.132449287,3795,3795,"195_PHM24_20240514_144000.mp3",1,"PHM24",20240514,144000,202405,54
41,"Spectrogram 1",1,268.016654912,268.016654912,3383.1,3383.1,"200_PHM24_20240408_160000.mp3",1,"PHM24",20240408,160000,202404,49
42,"Spectrogram 1",1,273.484501447,273.484501447,2647.6,2647.6,"200_PHM24_20240426_062000.mp3",1,"PHM24",20240426,62000,202404,52
43,"Spectrogram 1",1,278.218116168,278.218116168,3412.5,3412.5,"200_PHM24_20240514_144000.mp3",1,"PHM24",20240514,144000,202405,54
44,"Spectrogram 1",1,288.542768197,288.542768197,3795,3795,"205_LLA05_20240525_132000.mp3",1,"LLA05",20240525,132000,202405,56
45,"Spectrogram 1",1,303.312858535,303.312858535,3177.2,3177.2,"205_RNM35_20240414_124000.mp3",1,"RNM35",20240414,124000,202404,50
46,"Spectrogram 1",1,313.856975385,313.856975385,3883.2,3883.2,"215_PHM24_20240408_160000.mp3",1,"PHM24",20240408,160000,202404,49
47,"Spectrogram 1",1,318.443458238,318.443458238,3912.6,3912.6,"215_RNM35_20240414_122000.mp3",1,"RNM35",20240414,122000,202404,50
48,"Spectrogram 1",1,324.08174513,324.08174513,4059.7,4059.7,"220_PHM24_20240408_160000.mp3",1,"PHM24",20240408,160000,202404,49
49,"Spectrogram 1",1,329.034353205,329.034353205,3353.7,3353.7,"220_PHM24_20240522_102000.mp3",1,"PHM24",20240522,102000,202405,56
50,"Spectrogram 1",1,334.243304553,334.243304553,3883.2,3883.2,"220_RNM35_20240414_122000.mp3",1,"RNM35",20240414,122000,202404,50
51,"Spectrogram 1",1,339.133937681,339.133937681,3206.6,3206.6,"230_PHM24_20240514_080000.mp3",1,"PHM24",20240514,80000,202405,54
52,"Spectrogram 1",1,349.427580155,349.427580155,3441.9,3441.9,"235_PHM24_20240408_160000.mp3",1,"PHM24",20240408,160000,202404,49
53,"Spectrogram 1",1,354.461277384,354.461277384,4059.7,4059.7,"240_PPA01_20240502_100000.mp3",1,"PPA01",20240502,100000,202405,53
54,"Spectrogram 1",1,359.17924887,359.17924887,2706.5,2706.5,"245_PHM24_20240426_120000.mp3",1,"PHM24",20240426,120000,202404,52
55,"Spectrogram 1",1,369.443428681,369.443428681,5383.6,5383.6,"250_PHM24_20240408_160000.mp3",1,"PHM24",20240408,160000,202404,49
56,"Spectrogram 1",1,374.468072505,374.468072505,2912.4,2912.4,"250_RNM35_20240414_124000.mp3",1,"RNM35",20240414,124000,202404,50
57,"Spectrogram 1",1,384.837703907,384.837703907,3441.9,3441.9,"255_PHM24_20240426_062000.mp3",1,"PHM24",20240426,62000,202404,52
58,"Spectrogram 1",1,389.963995335,389.963995335,4177.4,4177.4,"25_LLA05_20240525_132000.mp3",1,"LLA05",20240525,132000,202405,56
59,"Spectrogram 1",1,400.082384878,400.082384878,3353.7,3353.7,"25_PHM24_20240422_154000.mp3",1,"PHM24",20240422,154000,202404,51
60,"Spectrogram 1",1,405.125937608,405.125937608,3118.3,3118.3,"25_PHM24_20240514_080000.mp3",1,"PHM24",20240514,80000,202405,54
61,"Spectrogram 1",1,410.28951928,410.28951928,2794.7,2794.7,"25_PHM24_20240522_102000.mp3",1,"PHM24",20240522,102000,202405,56
62,"Spectrogram 1",1,415.291323695,415.291323695,3294.9,3294.9,"260_PPA01_20240502_100000.mp3",1,"PPA01",20240502,100000,202405,53
63,"Spectrogram 1",1,420.290308844,420.290308844,5001.1,5001.1,"260_RNM35_20240514_102000.mp3",1,"RNM35",20240514,102000,202405,54
64,"Spectrogram 1",1,425.518499726,425.518499726,4383.3,4383.3,"265_PHM24_20240514_080000.mp3",1,"PHM24",20240514,80000,202405,54
65,"Spectrogram 1",1,430.483266938,430.483266938,3677.3,3677.3,"265_PHM24_20240514_144000.mp3",1,"PHM24",20240514,144000,202405,54
66,"Spectrogram 1",1,435.398150301,435.398150301,4030.3,4030.3,"270_PHM24_20240408_160000.mp3",1,"PHM24",20240408,160000,202404,49
67,"Spectrogram 1",1,445.742457231,445.742457231,3530.2,3530.2,"280_PHM24_20240408_160000.mp3",1,"PHM24",20240408,160000,202404,49
68,"Spectrogram 1",1,450.89064752,450.89064752,4148,4148,"285_RNM35_20240414_122000.mp3",1,"RNM35",20240414,122000,202404,50
69,"Spectrogram 1",1,455.984084098,455.984084098,3147.8,3147.8,"285_RNM35_20240414_124000.mp3",1,"RNM35",20240414,124000,202404,50
70,"Spectrogram 1",1,460.952254245,460.952254245,3559.6,3559.6,"30_PHM24_20240408_160000.mp3",1,"PHM24",20240408,160000,202404,49
71,"Spectrogram 1",1,471.148467386,471.148467386,2441.7,2441.7,"35_LLA05_20240527_064000.mp3",1,"LLA05",20240527,64000,202405,56
72,"Spectrogram 1",1,481.005999484,481.005999484,3589,3589,"35_PHM24_20240408_160000.mp3",1,"PHM24",20240408,160000,202404,49
73,"Spectrogram 1",1,486.023365971,486.023365971,4030.3,4030.3,"40_PHM24_20240408_160000.mp3",1,"PHM24",20240408,160000,202404,49
74,"Spectrogram 1",1,491.311158939,491.311158939,4353.9,4353.9,"45_PHM24_20240422_154000.mp3",1,"PHM24",20240422,154000,202404,51
75,"Spectrogram 1",1,496.283731055,496.283731055,3206.6,3206.6,"45_RNM35_20240414_124000.mp3",1,"RNM35",20240414,124000,202404,50
76,"Spectrogram 1",1,501.391090901,501.391090901,3559.6,3559.6,"50_LLA05_20240526_082000.mp3",1,"LLA05",20240526,82000,202405,56
77,"Spectrogram 1",1,511.659211963,511.659211963,3441.9,3441.9,"5_PHM24_20240408_160000.mp3",1,"PHM24",20240408,160000,202404,49
78,"Spectrogram 1",1,516.755193281,516.755193281,3088.9,3088.9,"5_PHM24_20240422_154000.mp3",1,"PHM24",20240422,154000,202404,51
79,"Spectrogram 1",1,521.72048806,521.72048806,2853.6,2853.6,"5_PHM24_20240426_122000.mp3",1,"PHM24",20240426,122000,202404,52
80,"Spectrogram 1",1,526.823917403,526.823917403,2971.2,2971.2,"60_PHM24_20240408_160000.mp3",1,"PHM24",20240408,160000,202404,49
81,"Spectrogram 1",1,532.014576939,532.014576939,3324.3,3324.3,"65_PHM24_20240426_122000.mp3",1,"PHM24",20240426,122000,202404,52
82,"Spectrogram 1",1,542.034962916,542.034962916,4148,4148,"70_PHM24_20240408_160000.mp3",1,"PHM24",20240408,160000,202404,49
83,"Spectrogram 1",1,547.170835317,547.170835317,4148,4148,"70_PHM24_20240522_102000.mp3",1,"PHM24",20240522,102000,202405,56
84,"Spectrogram 1",1,556.982357969,556.982357969,3500.8,3500.8,"75_PHM24_20240422_154000.mp3",1,"PHM24",20240422,154000,202404,51
85,"Spectrogram 1",1,562.11781739,562.11781739,3088.9,3088.9,"75_PHM24_20240514_080000.mp3",1,"PHM24",20240514,80000,202405,54
86,"Spectrogram 1",1,567.249539672,567.249539672,4236.2,4236.2,"75_RNM35_20240414_124000.mp3",1,"RNM35",20240414,124000,202404,50
87,"Spectrogram 1",1,586.855532103,586.855532103,4765.8,4765.8,"90_LLA05_20240525_132000.mp3",1,"LLA05",20240525,132000,202405,56
88,"Spectrogram 1",1,592.676878531,592.676878531,4000.9,4000.9,"90_PHM24_20240408_160000.mp3",1,"PHM24",20240408,160000,202404,49
1,"Spectrogram 1",1,14.758543514,14.758543514,3207,3207,"0_PHM32_20230713_090000.mp3",1,"PHM32",20230713,90000,202307,11
2,"Spectrogram 1",1,19.928771116,19.928771116,3548.2,3548.2,"0_RAM22_20230730_072000.mp3",1,"RAM22",20230730,72000,202307,13
3,"Spectrogram 1",1,30.110911674,30.110911674,4844.7,4844.7,"100_PHM32_20230702_110000.mp3",1,"PHM32",20230702,110000,202307,9
4,"Spectrogram 1",1,50.198085766,50.198085766,4298.8,4298.8,"110_RAM22_20230703_072000.mp3",1,"RAM22",20230703,72000,202307,9
5,"Spectrogram 1",1,70.504711554,70.504711554,5117.6,5117.6,"120_RNM35_20230702_084000.mp3",1,"RNM35",20230702,84000,202307,9
6,"Spectrogram 1",1,85.653613819,85.653613819,3889.4,3889.4,"140_RNM35_20230724_122000.mp3",1,"RNM35",20230724,122000,202307,12
7,"Spectrogram 1",1,106.199356942,106.199356942,5595.3,5595.3,"160_PHM32_20230702_110000.mp3",1,"PHM32",20230702,110000,202307,9
8,"Spectrogram 1",1,116.286566242,116.286566242,3548.2,3548.2,"165_PHM32_20230702_110000.mp3",1,"PHM32",20230702,110000,202307,9
9,"Spectrogram 1",1,121.398302995,121.398302995,3855.3,3855.3,"165_PHM32_20230713_090000.mp3",1,"PHM32",20230713,90000,202307,11
10,"Spectrogram 1",1,141.754607329,141.754607329,3104.7,3104.7,"185_RNM35_20230724_122000.mp3",1,"RNM35",20230724,122000,202307,12
11,"Spectrogram 1",1,156.751747778,156.751747778,4230.6,4230.6,"190_RNM35_20230702_084000.mp3",1,"RNM35",20230702,84000,202307,9
12,"Spectrogram 1",1,166.813079975,166.813079975,3411.8,3411.8,"200_RAM22_20230706_090000.mp3",1,"RAM22",20230706,90000,202307,10
13,"Spectrogram 1",1,182.260207517,182.260207517,4674.1,4674.1,"205_PPA01_20230731_114000.mp3",1,"PPA01",20230731,114000,202307,13
14,"Spectrogram 1",1,196.905558991,196.905558991,4674.1,4674.1,"210_PHM32_20230703_110000.mp3",1,"PHM32",20230703,110000,202307,9
15,"Spectrogram 1",1,202.347576162,202.347576162,3582.3,3582.3,"210_PHM32_20230713_090000.mp3",1,"PHM32",20230713,90000,202307,11
16,"Spectrogram 1",1,217.617480152,217.617480152,2968.2,2968.2,"220_PCM33_20230727_134000.mp3",1,"PCM33",20230727,134000,202307,13
17,"Spectrogram 1",1,227.829380577,227.829380577,4674.1,4674.1,"225_RNM35_20230724_122000.mp3",1,"RNM35",20230724,122000,202307,12
18,"Spectrogram 1",1,237.816329226,237.816329226,4298.8,4298.8,"235_PHM32_20230703_110000.mp3",1,"PHM32",20230703,110000,202307,9
19,"Spectrogram 1",1,243.010287857,243.010287857,4060,4060,"235_PHM32_20230713_090000.mp3",1,"PHM32",20230713,90000,202307,11
20,"Spectrogram 1",1,253.171468913,253.171468913,2831.8,2831.8,"240_RAM22_20230703_134000.mp3",1,"RAM22",20230703,134000,202307,9
21,"Spectrogram 1",1,258.223684745,258.223684745,3070.6,3070.6,"245_RNM35_20230724_122000.mp3",1,"RNM35",20230724,122000,202307,12
22,"Spectrogram 1",1,273.428280079,273.428280079,4094.1,4094.1,"260_PHM32_20230704_062000.mp3",1,"PHM32",20230704,62000,202307,9
23,"Spectrogram 1",1,278.441738739,278.441738739,2422.3,2422.3,"260_PPA01_20230731_114000.mp3",1,"PPA01",20230731,114000,202307,13
24,"Spectrogram 1",1,283.469592134,283.469592134,2831.8,2831.8,"260_RNM35_20230724_104000.mp3",1,"RNM35",20230724,104000,202307,12
25,"Spectrogram 1",1,298.594990158,298.594990158,3821.2,3821.2,"270_RNM35_20230724_122000.mp3",1,"RNM35",20230724,122000,202307,12
26,"Spectrogram 1",1,303.921206094,303.921206094,2968.2,2968.2,"275_PHM32_20230702_110000.mp3",1,"PHM32",20230702,110000,202307,9
27,"Spectrogram 1",1,324.098292381,324.098292381,3070.6,3070.6,"285_RNM35_20230705_134000.mp3",1,"RNM35",20230705,134000,202307,10
28,"Spectrogram 1",1,329.012510913,329.012510913,4332.9,4332.9,"285_RNM35_20230710_060000.mp3",1,"RNM35",20230710,60000,202307,10
29,"Spectrogram 1",1,339.334390226,339.334390226,3718.8,3718.8,"35_RNM35_20230702_094000.mp3",1,"RNM35",20230702,94000,202307,9
30,"Spectrogram 1",1,344.455008507,344.455008507,3411.8,3411.8,"40_PHM32_20230702_110000.mp3",1,"PHM32",20230702,110000,202307,9
31,"Spectrogram 1",1,354.302458316,354.302458316,3514.1,3514.1,"45_PCM33_20230729_092000.mp3",1,"PCM33",20230729,92000,202307,13
32,"Spectrogram 1",1,359.466314515,359.466314515,3718.8,3718.8,"45_PHM32_20230702_110000.mp3",1,"PHM32",20230702,110000,202307,9
33,"Spectrogram 1",1,395.045903474,395.045903474,2456.5,2456.5,"65_RNM35_20230724_110000.mp3",1,"RNM35",20230724,110000,202307,12
34,"Spectrogram 1",1,400.178257164,400.178257164,3923.5,3923.5,"70_PHM32_20230713_090000.mp3",1,"PHM32",20230713,90000,202307,11
35,"Spectrogram 1",1,440.547052451,440.547052451,4060,4060,"80_RNM35_20230724_122000.mp3",1,"RNM35",20230724,122000,202307,12
36,"Spectrogram 1",1,450.679824792,450.679824792,4060,4060,"95_PHM32_20230713_090000.mp3",1,"PHM32",20230713,90000,202307,11
1,"Spectrogram 1",1,9.963999432,9.963999432,2320,2320,"10_PPA01_20240207_132000.mp3",1,"PPA01",20240207,132000,202402,41
2,"Spectrogram 1",1,15.007689426,15.007689426,3480,3480,"115_PPA01_20240207_130000.mp3",1,"PPA01",20240207,130000,202402,41
3,"Spectrogram 1",1,20.136559017,20.136559017,3207,3207,"125_PPA01_20240207_112000.mp3",1,"PPA01",20240207,112000,202402,41
4,"Spectrogram 1",1,30.183027399,30.183027399,3445.9,3445.9,"140_PPA01_20240207_124000.mp3",1,"PPA01",20240207,124000,202402,41
5,"Spectrogram 1",1,34.970593734,34.970593734,2797.6,2797.6,"15_PPA01_20240207_130000.mp3",1,"PPA01",20240207,130000,202402,41
6,"Spectrogram 1",1,45.105588547,45.110183882,2422.3,2422.3,"160_PPA01_20240207_132000.mp3",NA,"PPA01",20240207,132000,202402,41
7,"Spectrogram 1",1,55.551851033,55.551851033,2797.6,2797.6,"175_PPA01_20240207_134000.mp3",1,"PPA01",20240207,134000,202402,41
8,"Spectrogram 1",1,60.544855084,60.544855084,3172.9,3172.9,"200_PPA01_20240207_150000.mp3",1,"PPA01",20240207,150000,202402,41
9,"Spectrogram 1",1,65.583284912,65.583284912,2831.8,2831.8,"20_PPA01_20240207_134000.mp3",1,"PPA01",20240207,134000,202402,41
10,"Spectrogram 1",1,70.431701832,70.431701832,3923.5,3923.5,"220_PPA01_20240207_150000.mp3",1,"PPA01",20240207,150000,202402,41
11,"Spectrogram 1",1,80.752641786,80.752641786,3616.5,3616.5,"245_PPA01_20240207_134000.mp3",1,"PPA01",20240207,134000,202402,41
12,"Spectrogram 1",1,86.001264602,86.001264602,2627,2627,"250_PPA01_20240207_130000.mp3",1,"PPA01",20240207,130000,202402,41
13,"Spectrogram 1",1,91.058075768,91.058075768,3036.5,3036.5,"255_PPA01_20240207_150000.mp3",1,"PPA01",20240207,150000,202402,41
14,"Spectrogram 1",1,121.412157036,121.412157036,2661.2,2661.2,"275_PPA01_20240207_150000.mp3",1,"PPA01",20240207,150000,202402,41
15,"Spectrogram 1",1,131.506286793,131.506286793,2968.2,2968.2,"35_PPA01_20240207_140000.mp3",1,"PPA01",20240207,140000,202402,41
16,"Spectrogram 1",1,136.66865339,136.66865339,2729.4,2729.4,"40_PPA01_20240207_134000.mp3",1,"PPA01",20240207,134000,202402,41
17,"Spectrogram 1",1,146.770644153,146.770644153,2934.1,2934.1,"50_PPA01_20240207_130000.mp3",1,"PPA01",20240207,130000,202402,41
18,"Spectrogram 1",1,151.844369729,151.844369729,2934.1,2934.1,"60_PPA01_20240207_124000.mp3",1,"PPA01",20240207,124000,202402,41
19,"Spectrogram 1",1,156.899049136,156.899049136,2831.8,2831.8,"65_PPA01_20240207_112000.mp3",1,"PPA01",20240207,112000,202402,41
20,"Spectrogram 1",1,162.04176889,162.04176889,2968.2,2968.2,"75_PPA01_20240207_134000.mp3",1,"PPA01",20240207,134000,202402,41
1,"Spectrogram 1",1,15.029760164,15.029760164,3241.2,3241.2,"140_CAA04_20240307_082000.mp3",1,"CAA04",20240307,82000,202403,45
2,"Spectrogram 1",1,45.317970595,45.317970595,2729.4,2729.4,"285_CAA04_20240307_082000.mp3",1,"CAA04",20240307,82000,202403,45
3,"Spectrogram 1",1,50.561884083,50.561884083,2217.6,2217.6,"45_CAA04_20240307_082000.mp3",1,"CAA04",20240307,82000,202403,45
4,"Spectrogram 1",1,60.705048187,60.705048187,3445.9,3445.9,"65_CAA04_20240307_082000.mp3",1,"CAA04",20240307,82000,202403,45
1,"Spectrogram 1",1,14.8891286,14.8891286,3002.3,3002.3,"210_LLA05_20230626_092000.mp3",1,"LLA05",20230626,92000,202306,8
1,"Spectrogram 1",1,40.340651263,40.340651263,3002.3,3002.3,"245_PPA01_20230517_170000.mp3",1,"PPA01",20230517,170000,202305,3
1,"Spectrogram 1",1,60.717724644,60.717724644,2490.6,2490.6,"GTA09_20231213_120000.mp3",1,"GTA09",20231213,120000,202312,33
2,"Spectrogram 1",1,65.751559137,65.751559137,2354.1,2354.1,"GTA09_20231213_122000.mp3",1,"GTA09",20231213,122000,202312,33
3,"Spectrogram 1",1,70.761889389,70.761889389,3582.3,3582.3,"GTA09_20231214_090000.mp3",1,"GTA09",20231214,90000,202312,33
4,"Spectrogram 1",1,75.757047874,75.757047874,3514.1,3514.1,"GTA09_20231214_094000.mp3",1,"GTA09",20231214,94000,202312,33
5,"Spectrogram 1",1,80.821720046,80.821720046,4162.3,4162.3,"GTA09_20231214_100000.mp3",1,"GTA09",20231214,100000,202312,33
6,"Spectrogram 1",1,85.92052063,85.92052063,3821.2,3821.2,"GTA09_20231227_074000.mp3",1,"GTA09",20231227,74000,202312,35
1,"Spectrogram 1",1,4.846357948,4.846357948,3411.8,3411.8,"LLA05_20240530_124000.mp3_205.mp3",1,"LLA05",20240530,124000,202405,57
2,"Spectrogram 1",1,9.776275815,9.776275815,2900,2900,"LLA05_20240602_140000.mp3_50.mp3",1,"LLA05",20240602,140000,202406,57
3,"Spectrogram 1",1,15.061777084,15.061777084,3855.3,3855.3,"LLA05_20240607_072000.mp3_50.mp3",1,"LLA05",20240607,72000,202406,58
4,"Spectrogram 1",1,20.04603687,20.04603687,3036.5,3036.5,"LLA05_20240609_082000.mp3_115.mp3",1,"LLA05",20240609,82000,202406,58
5,"Spectrogram 1",1,25.054912133,25.054912133,3684.7,3684.7,"LLA05_20240609_082000.mp3_140.mp3",1,"LLA05",20240609,82000,202406,58
6,"Spectrogram 1",1,30.301518967,30.301518967,3343.5,3343.5,"LLA05_20240609_082000.mp3_85.mp3",1,"LLA05",20240609,82000,202406,58
7,"Spectrogram 1",1,35.104715412,35.104715412,3172.9,3172.9,"LLA05_20240609_092000.mp3_175.mp3",1,"LLA05",20240609,92000,202406,58
8,"Spectrogram 1",1,40.437281263,40.437281263,3104.7,3104.7,"LLA05_20240609_092000.mp3_250.mp3",1,"LLA05",20240609,92000,202406,58
9,"Spectrogram 1",1,45.477212631,45.477212631,3275.3,3275.3,"LLA05_20240609_120000.mp3_30.mp3",1,"LLA05",20240609,120000,202406,58
10,"Spectrogram 1",1,50.584216785,50.584216785,3241.2,3241.2,"LLA05_20240610_104000.mp3_80.mp3",1,"LLA05",20240610,104000,202406,58
11,"Spectrogram 1",1,54.771467714,54.771467714,3616.5,3616.5,"LLA05_20240612_100000.mp3_150.mp3",1,"LLA05",20240612,100000,202406,59
12,"Spectrogram 1",1,60.514794407,60.514794407,4060,4060,"LLA05_20240619_084000.mp3_205.mp3",1,"LLA05",20240619,84000,202406,60
13,"Spectrogram 1",1,65.482174395,65.482174395,3787,3787,"LLA05_20240619_084000.mp3_70.mp3",1,"LLA05",20240619,84000,202406,60
14,"Spectrogram 1",1,70.715693481,70.715693481,3889.4,3889.4,"LLA05_20240629_122000.mp3_110.mp3",1,"LLA05",20240629,122000,202406,61
15,"Spectrogram 1",1,75.857135189,75.857135189,3548.2,3548.2,"LLA05_20240629_122000.mp3_55.mp3",1,"LLA05",20240629,122000,202406,61
16,"Spectrogram 1",1,80.81354844,80.81354844,3377.6,3377.6,"LLA05_20240629_122000.mp3_85.mp3",1,"LLA05",20240629,122000,202406,61
17,"Spectrogram 1",1,85.875791649,85.875791649,2968.2,2968.2,"LLA05_20240714_090000.mp3_170.mp3",1,"LLA05",20240714,90000,202407,63
1,"Spectrogram 1",1,14.95860442,14.95860442,3104.7,3104.7,"PHM24_20240207_074000.mp3",1,"PHM24",20240207,74000,202402,41
2,"Spectrogram 1",1,25.15970251,25.15970251,3138.8,3138.8,"RAM22_20240131_070000.mp3",1,"RAM22",20240131,70000,202401,40
3,"Spectrogram 1",1,45.523467996,45.523467996,2900,2900,"RNM35_20240207_070000.mp3",1,"RNM35",20240207,70000,202402,41
1,"Spectrogram 1",1,4.847311653,4.847311653,4503.5,4503.5,"PAA02_20240531_072000.mp3_275.mp3",1,"PAA02",20240531,72000,202405,57
2,"Spectrogram 1",1,20.147744181,20.147744181,3343.5,3343.5,"PAA02_20240624_130000.mp3_190.mp3",1,"PAA02",20240624,130000,202406,60
3,"Spectrogram 1",1,23.34203761,23.34203761,4435.3,4435.3,"PAA02_20240625_090000.mp3_105.mp3",1,"PAA02",20240625,90000,202406,60
4,"Spectrogram 1",1,39.832776402,39.832776402,4571.7,4571.7,"PAA02_20240625_094000.mp3_165.mp3",1,"PAA02",20240625,94000,202406,60
1,"Spectrogram 1",1,4.668540011,4.668540011,3582.3,3582.3,"PAA02_20240628_092000.mp3_290.mp3",1,"PAA02",20240628,92000,202406,61
2,"Spectrogram 1",1,9.744294696,9.744294696,4912.9,4912.9,"PAA02_20240629_072000.mp3_125.mp3",1,"PAA02",20240629,72000,202406,61
1,"Spectrogram 1",1,4.634732676,4.741399343,4367,4367,"PAA02_20240630_062000.mp3_105.mp3",1,"PAA02",20240630,62000,202406,61
1,"Spectrogram 1",1,4.584357062,4.584357062,2865.9,2865.9,"PAA02_20240701_060000.mp3_100.mp3",1,"PAA02",20240701,60000,202407,61
2,"Spectrogram 1",1,29.914738077,29.914738077,4571.7,4571.7,"PAA02_20240702_080000.mp3_155.mp3",1,"PAA02",20240702,80000,202407,61
1,"Spectrogram 1",1,3.708333521,3.708333521,5083.5,5083.5,"PAA02_20240703_060000.mp3_105.mp3",1,"PAA02",20240703,60000,202407,62
2,"Spectrogram 1",1,810.329605635,810.329605635,3650.6,3650.6,"PAA02_20240704_060000.mp3_0.mp3",1,"PAA02",20240704,60000,202407,62
1,"Spectrogram 1",1,4.909342701,4.909342701,3104.7,3104.7,"PAA02_20240705_060000.mp3_190.mp3",1,"PAA02",20240705,60000,202407,62
2,"Spectrogram 1",1,50.391262893,50.391262893,2968.2,2968.2,"PAA02_20240706_082000.mp3_35.mp3",1,"PAA02",20240706,82000,202407,62
3,"Spectrogram 1",1,151.320700222,151.320700222,4332.9,4332.9,"PAA02_20240707_070000.mp3_45.mp3",1,"PAA02",20240707,70000,202407,62
4,"Spectrogram 1",1,303.897503443,303.897503443,2320,2320,"PAA02_20240708_132000.mp3_10.mp3",1,"PAA02",20240708,132000,202407,62
5,"Spectrogram 1",1,354.594437506,354.594437506,3104.7,3104.7,"PAA02_20240709_092000.mp3_35.mp3",1,"PAA02",20240709,92000,202407,62
1,"Spectrogram 1",1,4.898387901,4.898387901,2763.5,2763.5,"PAA02_20240710_072000.mp3_150.mp3",1,"PAA02",20240710,72000,202407,63
2,"Spectrogram 1",1,724.225189799,724.225189799,3377.6,3377.6,"PAA02_20240711_070000.mp3_110.mp3",1,"PAA02",20240711,70000,202407,63
1,"Spectrogram 1",1,4.6296229,4.736289567,3241.2,3241.2,"PAA02_20240712_072000.mp3_110.mp3",1,"PAA02",20240712,72000,202407,63
1,"Spectrogram 1",1,4.816277035,4.816277035,3411.8,3411.8,"PAA02_20240713_092000.mp3_120.mp3",1,"PAA02",20240713,92000,202407,63
2,"Spectrogram 1",1,90.735222723,90.735222723,4196.5,4196.5,"PAA02_20240714_064000.mp3_100.mp3",1,"PAA02",20240714,64000,202407,63
1,"Spectrogram 1",1,4.840308844,4.840308844,2558.8,2558.8,"PAA02_20240715_070000.mp3_5.mp3",1,"PAA02",20240715,70000,202407,63
1,"Spectrogram 1",1,4.847827284,4.847827284,3582.3,3582.3,"PAA02_20240716_084000.mp3_100.mp3",1,"PAA02",20240716,84000,202407,63
2,"Spectrogram 1",1,471.053284651,471.053284651,3241.2,3241.2,"PAA02_20240717_110000.mp3_160.mp3",1,"PAA02",20240717,110000,202407,64
3,"Spectrogram 1",1,977.96376277,978.05977184,2661.2,2661.2,"PAA02_20240718_062000.mp3_105.mp3",1,"PAA02",20240718,62000,202407,64
1,"Spectrogram 1",1,4.68602854,4.68602854,2627,2627,"PAA02_20240719_062000.mp3_185.mp3",1,"PAA02",20240719,62000,202407,64
1,"Spectrogram 1",1,4.784006542,4.784006542,2627,2627,"PAA02_20240720_070000.mp3_105.mp3",1,"PAA02",20240720,70000,202407,64
1,"Spectrogram 1",1,1.091391951,1.091391951,2968.2,2968.2,"PAA02_20240721_060000.mp3_100.mp3",1,"PAA02",20240721,60000,202407,64
1,"Spectrogram 1",1,2.923106623,2.923106623,2661.2,2661.2,"PAA02_20240722_060000.mp3_0.mp3",1,"PAA02",20240722,60000,202407,64
1,"Spectrogram 1",1,4.369363437,4.476030104,3548.2,3548.2,"PAA02_20240723_064000.mp3_240.mp3",1,"PAA02",20240723,64000,202407,64
2,"Spectrogram 1",1,75.739749675,75.739749675,3548.2,3548.2,"PHM24_20240603_102000.mp3_135.mp3",1,"PHM24",20240603,102000,202406,57
1,"Spectrogram 1",1,4.685226445,4.685226445,2763.5,2763.5,"PHM24_20240617_102000.mp3_140.mp3",1,"PHM24",20240617,102000,202406,59
2,"Spectrogram 1",1,60.385271796,60.385271796,3548.2,3548.2,"PPA01_20240624_094000.mp3_170.mp3",1,"PPA01",20240624,94000,202406,60
1,"Spectrogram 1",1,4.580391946,4.580391946,3445.9,3445.9,"RAM22_20240531_080000.mp3_185.mp3",1,"RAM22",20240531,80000,202405,57
2,"Spectrogram 1",1,25.074398452,25.074398452,3104.7,3104.7,"RAM22_20240602_062000.mp3_280.mp3",1,"RAM22",20240602,62000,202406,57
3,"Spectrogram 1",1,35.159282628,35.159282628,2422.3,2422.3,"RAM22_20240604_124000.mp3_110.mp3",1,"RAM22",20240604,124000,202406,57
4,"Spectrogram 1",1,50.395956895,50.491965966,4367,4367,"RAM22_20240704_082000.mp3_80.mp3",1,"RAM22",20240704,82000,202407,62
1,"Spectrogram 1",1,4.610876321,4.610876321,1740,1740,"RAM22_20240716_080000.mp3_110.mp3",1,"RAM22",20240716,80000,202407,63
2,"Spectrogram 1",1,14.88373117,14.88373117,3480,3480,"RAM22_20240718_110000.mp3_275.mp3",1,"RAM22",20240718,110000,202407,64
3,"Spectrogram 1",1,40.306311867,40.306311867,2865.9,2865.9,"RAM22_20240720_074000.mp3_140.mp3",1,"RAM22",20240720,74000,202407,64
4,"Spectrogram 1",1,146.688685824,146.688685824,2490.6,2490.6,"RAM22_20240722_060000.mp3_185.mp3",1,"RAM22",20240722,60000,202407,64
1,"Spectrogram 1",1,4.200082055,4.200082055,3787,3787,"RNM35_20240530_060000.mp3_140.mp3",1,"RNM35",20240530,60000,202405,57
1,"Spectrogram 1",1,4.804292163,4.804292163,2592.9,2592.9,"RNM35_20240603_072000.mp3_130.mp3",1,"RNM35",20240603,72000,202406,57
1,"Spectrogram 1",1,4.434752068,4.434752068,3275.3,3275.3,"RNM35_20240607_072000.mp3_150.mp3",1,"RNM35",20240607,72000,202406,58
1,"Spectrogram 1",1,4.801015743,4.801015743,3172.9,3172.9,"RNM35_20240609_070000.mp3_155.mp3",1,"RNM35",20240609,70000,202406,58
2,"Spectrogram 1",1,247.940914437,247.940914437,2968.2,2968.2,"RNM35_20240611_060000.mp3_225.mp3",1,"RNM35",20240611,60000,202406,58
1,"Spectrogram 1",1,4.688388276,4.688388276,1705.9,1705.9,"RNM35_20240613_070000.mp3_200.mp3",1,"RNM35",20240613,70000,202406,59
2,"Spectrogram 1",1,399.82802438,399.82802438,3957.6,3957.6,"RNM35_20240615_072000.mp3_70.mp3",1,"RNM35",20240615,72000,202406,59
1,"Spectrogram 1",1,4.711687216,4.711687216,1569.4,1569.4,"RNM35_20240617_060000.mp3_110.mp3",1,"RNM35",20240617,60000,202406,59
2,"Spectrogram 1",1,526.822768801,526.822768801,3275.3,3275.3,"RNM35_20240619_060000.mp3_125.mp3",1,"RNM35",20240619,60000,202406,60
1,"Spectrogram 1",1,4.904965794,4.904965794,2592.9,2592.9,"RNM35_20240621_060000.mp3_265.mp3",1,"RNM35",20240621,60000,202406,60
2,"Spectrogram 1",1,1499.873291897,1499.873291897,2661.2,2661.2,"RNM35_20240623_060000.mp3_0.mp3",1,"RNM35",20240623,60000,202406,60
1,"Spectrogram 1",1,4.893367649,4.893367649,1705.9,1705.9,"RNM35_20240625_060000.mp3_0.mp3",1,"RNM35",20240625,60000,202406,60
2,"Spectrogram 1",1,1986.458063091,1986.458063091,2558.8,2558.8,"RNM35_20240627_060000.mp3_10.mp3",1,"RNM35",20240627,60000,202406,61
1,"Spectrogram 1",1,4.57902767,4.57902767,2865.9,2865.9,"RNM35_20240629_060000.mp3_0.mp3",1,"RNM35",20240629,60000,202406,61
2,"Spectrogram 1",1,2111.207672776,2111.207672776,3241.2,3241.2,"RNM35_20240701_060000.mp3_10.mp3",1,"RNM35",20240701,60000,202407,61
1,"Spectrogram 1",1,4.423670743,4.423670743,3957.6,3957.6,"RNM35_20240703_060000.mp3_0.mp3",1,"RNM35",20240703,60000,202407,62
1,"Spectrogram 1",1,4.730101978,4.730101978,2422.3,2422.3,"RNM35_20240705_060000.mp3_135.mp3",1,"RNM35",20240705,60000,202407,62
1,"Spectrogram 1",1,4.827509938,4.827509938,3002.3,3002.3,"RNM35_20240707_060000.mp3_110.mp3",1,"RNM35",20240707,60000,202407,62
1,"Spectrogram 1",1,4.192495577,4.192495577,3241.2,3241.2,"RNM35_20240709_060000.mp3_10.mp3",1,"RNM35",20240709,60000,202407,62
1,"Spectrogram 1",1,4.311893111,4.311893111,3104.7,3104.7,"RNM35_20240711_060000.mp3_105.mp3",1,"RNM35",20240711,60000,202407,63
1,"Spectrogram 1",1,4.852847536,4.852847536,3821.2,3821.2,"RNM35_20240713_060000.mp3_0.mp3",1,"RNM35",20240713,60000,202407,63
1,"Spectrogram 1",1,4.819177465,4.819177465,3036.5,3036.5,"RNM35_20240715_060000.mp3_0.mp3",1,"RNM35",20240715,60000,202407,63
1,"Spectrogram 1",1,4.794219423,4.794219423,3309.4,3309.4,"RNM35_20240717_060000.mp3_0.mp3",1,"RNM35",20240717,60000,202407,64
1,"Spectrogram 1",1,5.008457503,5.008457503,3684.7,3684.7,"RNM35_20240719_060000.mp3_110.mp3",1,"RNM35",20240719,60000,202407,64
1,"Spectrogram 1",1,4.708546871,4.708546871,2661.2,2661.2,"RNM35_20240721_060000.mp3_100.mp3",1,"RNM35",20240721,60000,202407,64
1,"Spectrogram 1",1,4.985137076,4.985137076,3855.3,3855.3,"RNM35_20240723_060000.mp3_0.mp3",1,"RNM35",20240723,60000,202407,64
