"filename","label","File Offset (s)","quality","duration"
"LLA05_20240715_070000.wav","PRTR1",24.3681,"C",0.267790717999997
"PAA02_20240626_120000.wav","PRTR1",43.5945,"C",0.232085288000007
"PAA02_20240630_090000.wav","PRTR1",21.9424,"A",0.827175771999975
"PAA02_20240630_090000.wav","PRTR2",22.8159,"A",0.910488439000005
"PAA02_20240630_090000.wav","PRTR3",24.1549,"A",0.708157675000024
"PAA02_20240630_090000.wav","PRTR2",45.3129,"B",1.02355563200001
"PAA02_20240630_090000.wav","PRTR3",47.0459,"A",1.41036444599999
"PAA02_20240702_110000.wav","PRTR1",14.3341,"B",0.547483244000006
"PAA02_20240702_110000.wav","PRTR1",16.1422,"B",0.660550437000012
"PAA02_20240702_110000.wav","PRTR2",17.3712,"B",0.737912200000011
"PAA02_20240702_110000.wav","PRTR3",18.4195,"B",0.559385055000007
"PAA02_20240702_110000.wav","PRTR2",34.3822,"C",0.696255866000001
"PAA02_20240702_110000.wav","PRTR3",35.7915,"B",0.666501342000004
"PAA02_20240702_110000.wav","PRTR3",36.696,"C",0.493925101000002
"PAA02_20240702_130000.wav","PRTR1",29.1674,"C",0.273741623000035
"PAA02_20240703_120000.wav","PRTR1",18.3401,"B",0.493925101000002
"PAA02_20240703_120000.wav","PRTR3",20.5346,"C",0.422514242999966
"PAA02_20240703_120000.wav","PRTR3",40.7344,"C",0.279692527999998
"PAA02_20240703_120000.wav","PRTR1",56.9287,"B",0.446317863000047
"PAA02_20240704_060000.wav","PRTR1",2.6258,"B",0.583188673999985
"PAA02_20240704_060000.wav","PRTR2",3.9864,"C",0.583188673999985
"PAA02_20240704_060000.wav","PRTR3",4.7481,"B",0.672452245999978
"PAA02_20240704_060000.wav","PRTR2",45.1136,"C",0.731961295000019
"PAA02_20240704_060000.wav","PRTR3",46.2145,"B",0.749814010000023
"PAA02_20240704_060000.wav","PRTR3",47.1454,"C",0.487974197000028
"PAA02_20240707_100000.wav","PRTR1",38.0591,"B",0.32729976600001
"PAA02_20240711_080000.wav","PRTR3",11.4007,"B",0.785519437999994
"PAA02_20240711_080000.wav","PRTR3",12.3112,"C",0.482023292000008
"PAA02_20240711_080000.wav","PRTR1",38.9164,"A",0.821224866999955
"PAA02_20240711_080000.wav","PRTR3",41.1885,"C",0.589139579000062
"PAA02_20240711_080000.wav","PRTR2",54.4788,"C",0.964046583000027
"PAA02_20240711_080000.wav","PRTR3",56.2283,"B",0.612943199000028
"PAA02_20240712_100000.wav","PRTR3",6.9106,"B",0.577237769000021
"PAA02_20240712_100000.wav","PRTR3",7.9163,"C",0.321348861000047
"PAA02_20240712_100000.wav","PRTR1",36.1336,"A",0.797421248000092
"PAA02_20240713_110000.wav","PRTR1",30.5703,"C",0.190428955000016
"PAA02_20240715_090000.wav","PRTR3",1.9388,"B",0.440366958000027
"PAA02_20240715_090000.wav","PRTR1",0.0345,"C",0.380857909999918
"PAA02_20240715_090000.wav","PRTR1",51.8626,"B",0.639604624999947
"PAA02_20240715_090000.wav","PRTR2",53.1671,"B",0.706931427000086
"PAA02_20240715_090000.wav","PRTR3",54.1265,"B",0.74901067899998
"PAA02_20240718_090000.wav","PRTR2",13.823,"B",1.08564469200007
"PAA02_20240718_090000.wav","PRTR3",15.5126,"B",0.984654487999933
"PAA02_20240718_090000.wav","PRTR3",16.5646,"B",0.446040067000013
"PAA02_20240718_090000.wav","PRTR2",32.3724,"C",0.782674080999982
"PAA02_20240718_090000.wav","PRTR1",39.6504,"A",1.22029829799999
"PAA02_20240718_090000.wav","PRTR2",40.9296,"B",0.648020474999953
"PAA02_20240718_090000.wav","PRTR3",41.889,"B",0.74901067899998
"PAA02_20240718_090000.wav","PRTR1",51.6963,"C",0.462871768000014
"PAA02_20240719_090000.wav","PRTR1",43.4944,"B",0.690099727000074
"PAA02_20240719_090000.wav","PRTR3",45.7563,"C",0.488119318999907
"PAA02_20240719_120000.wav","PRTR1",9.009,"B",0.732178979000082
"PAA02_20240719_120000.wav","PRTR2",10.1861,"C",0.757426529000099
"PAA02_20240719_120000.wav","PRTR3",11.2549,"C",0.723763128999963
"PAA02_20240719_120000.wav","PRTR2",38.8728,"C",0.984654487999933
"PAA02_20240719_120000.wav","PRTR3",40.5475,"B",0.850000883000007
"PAA02_20240719_120000.wav","PRTR3",41.5659,"C",0.454455918000008
"PAA02_20240720_060000.wav","PRTR1",10.3873,"B",0.437624217000007
"PAA02_20240720_110000.wav","PRTR1",16.0941,"A",0.648020474999953
"PAA02_20240720_110000.wav","PRTR2",35,"B",0.631188775000055
"PAA02_20240720_110000.wav","PRTR3",36.3801,"A",0.656436324999959
"PAA02_20240720_110000.wav","PRTR3",37.3395,"B",0.420792516999995
"PAA02_20240720_110000.wav","PRTR1",56.009,"A",0.816337481999994
"PAA02_20240720_110000.wav","PRTR2",56.9431,"B",1.07722884200007
"PAA02_20240720_140000.wav","PRTR3",17.9876,"C",0.513366870000027
"PAA02_20240720_140000.wav","PRTR1",37.3188,"B",0.807921630999999
"PAA02_20240720_140000.wav","PRTR3",55.4026,"C",0.681683876000079
"PAA02_20240720_140000.wav","PRTR3",56.4041,"C",0.54703027100004
"PAA02_20240721_090000.wav","PRTR1",1.835,"C",0.580693672000052
"PAA02_20240721_110000.wav","PRTR3",17.5311,"C",0.54703027100004
"PAA02_20240721_110000.wav","PRTR1",46.4241,"A",0.538614421000148
"PAA02_20240721_130000.wav","PRTR1",55.1062,"A",1.02673374000005
"PAA02_20240721_130000.wav","PRTR2",56.2521,"C",0.791089930999988
"PAA02_20240721_130000.wav","PRTR3",57.3546,"B",0.850000882999893
"PAA02_20240721_140000.wav","PRTR1",0.1855,"A",0.690099727000188
"PAA02_20240721_140000.wav","PRTR2",1.11,"B",1.03514959000017
"PAA02_20240721_140000.wav","PRTR3",2.4434,"B",0.791089930999988
"PAA02_20240721_140000.wav","PRTR2",21.312,"B",1.07722884200007
"PAA02_20240721_140000.wav","PRTR3",23.0041,"B",0.850000882999893
"PAA02_20240721_140000.wav","PRTR3",23.9972,"B",0.614357073999827
"PAA02_20240721_140000.wav","PRTR2",53.3021,"B",0.934159387000136
"PAA02_20240722_070000.wav","PRTR1",18.325,"B",0.740594827999985
"PAA02_20240722_070000.wav","PRTR2",19.2138,"B",1.11930809399996
"PAA02_20240722_070000.wav","PRTR2",43.0857,"B",1.12772394300009
"PAA02_20240722_070000.wav","PRTR3",44.7773,"B",0.875248434000014
"PAA02_20240722_070000.wav","PRTR3",45.7619,"C",0.622772923999946
"PAA02_20240722_140000.wav","PRTR2",15.0678,"C",0.690099727000188
"PAA02_20240722_140000.wav","PRTR1",15.7915,"B",0.690099725999971
"PAA02_20240722_140000.wav","PRTR2",17.1006,"C",0.723763128999963
"PAA02_20240722_140000.wav","PRTR3",18.0684,"B",0.622772923999946
"PAA02_20240722_140000.wav","PRTR2",38.4177,"C",0.858416733000013
"PAA02_20240722_140000.wav","PRTR3",40.1121,"C",0.67326802599996
"PAA02_20240722_140000.wav","PRTR1",44.3039,"B",0.648020474999839
"RNM35_20240603_100000.wav","PRTR2",6.9053,"C",0.833169181999892
"RNM35_20240603_100000.wav","PRTR1",17.1424,"C",0.883664283999906
"RNM35_20240603_100000.wav","PRTR2",18.3459,"C",0.656436324999959
"RNM35_20240603_100000.wav","PRTR3",19.2969,"C",0.57227782200016
"RNM35_20240603_100000.wav","PRTR1",36.9629,"B",0.471287617999906
"RNM35_20240603_100000.wav","PRTR1",39.8128,"C",0.807921630999999
"RNM35_20240603_100000.wav","PRTR3",41.4539,"C",0.681683875999852
"RNM35_20240607_140000.wav","PRTR2",7.6517,"C",0.908911835000026
"RNM35_20240607_140000.wav","PRTR3",8.9309,"B",0.782674080000106
"RNM35_20240607_140000.wav","PRTR3",9.7878,"C",0.429208367000001
"RNM35_20240607_140000.wav","PRTR2",20.5736,"C",0.883664284999895
"RNM35_20240607_140000.wav","PRTR1",28.2456,"B",0.892080134000025
"RNM35_20240607_140000.wav","PRTR2",29.3103,"B",0.950991087000148
"RNM35_20240607_140000.wav","PRTR3",30.3268,"B",0.740594828999974
"RNM35_20240607_140000.wav","PRTR2",43.0467,"B",0.908911835000026
"RNM35_20240607_140000.wav","PRTR3",44.3708,"B",0.706931426999972
"RNM35_20240607_140000.wav","PRTR2",56.5534,"B",0.690099726999961
"RNM35_20240607_140000.wav","PRTR3",57.5278,"C",0.656436325999948
"RNM35_20240613_100000.wav","PRTR1",10.7252,"C",0.521782719999919
"RNM35_20240613_100000.wav","PRTR1",22.4557,"C",0.53861442099992
"RNM35_20240613_100000.wav","PRTR1",45.9875,"C",0.227227958999947
"RNM35_20240615_130000.wav","PRTR1",8.82,"C",0.446040067000013
"RNM35_20240615_130000.wav","PRTR3",17.3298,"C",0.66485217599984
"RNM35_20240615_130000.wav","PRTR3",26.4985,"C",0.446040068000002
"RNM35_20240615_130000.wav","PRTR1",36.1356,"C",0.488119318999907
"RNM35_20240615_130000.wav","PRTR1",47.3219,"C",0.302970612000081
"RNM35_20240615_150000.wav","PRTR1",2.4766,"B",0.521782720999909
"RNM35_20240615_150000.wav","PRTR1",57.4826,"C",0.900495985000134
"RNM35_20240617_060000.wav","PRTR1",22.7632,"C",0.79950578099988
"RNM35_20240617_060000.wav","PRTR2",23.992,"C",0.67326802599996
"RNM35_20240617_060000.wav","PRTR3",24.8335,"C",0.572277821999933
"RNM35_20240617_060000.wav","PRTR3",45.8641,"C",0.631188774000066
"RNM35_20240617_090000.wav","PRTR1",59.7879,"C",0.185148707000053
"RNM35_20240617_110000.wav","PRTR1",7.2565,"C",0.530198571000028
"RNM35_20240617_120000.wav","PRTR2",0.0217,"B",0.429208366000012
"RNM35_20240617_120000.wav","PRTR3",0.9727,"B",0.993070338000052
"RNM35_20240617_120000.wav","PRTR3",2.0162,"B",0.496535170000016
"RNM35_20240617_120000.wav","PRTR2",13.0795,"B",1.13613979399997
"RNM35_20240617_120000.wav","PRTR1",15.6978,"C",0.328218162999974
"RNM35_20240617_120000.wav","PRTR1",27.3278,"B",0.9257435359998
"RNM35_20240617_120000.wav","PRTR2",28.4976,"A",0.959406936999812
"RNM35_20240617_120000.wav","PRTR3",29.5623,"A",0.740594828999974
"RNM35_20240617_120000.wav","PRTR2",41.5612,"B",0.622772923999946
"RNM35_20240617_120000.wav","PRTR1",41.7548,"C",0.395544965999989
"RNM35_20240617_120000.wav","PRTR1",51.2468,"A",0.967822787999921
"RNM35_20240617_120000.wav","PRTR2",52.2315,"A",1.25396169800001
"RNM35_20240617_120000.wav","PRTR3",53.5011,"A",0.723763127999973
"RNM35_20240617_130000.wav","PRTR1",11.6919,"B",0.83316918200012
"RNM35_20240617_130000.wav","PRTR2",12.632,"B",1.03514959000017
"RNM35_20240617_130000.wav","PRTR3",13.827,"B",0.723763127999973
"RNM35_20240617_130000.wav","PRTR1",22.7249,"C",0.454455918000122
"RNM35_20240617_130000.wav","PRTR1",32.4042,"A",0.934159385999919
"RNM35_20240617_130000.wav","PRTR2",33.3636,"A",1.00990204000004
"RNM35_20240617_130000.wav","PRTR3",34.5839,"A",0.908911835000026
"RNM35_20240617_130000.wav","PRTR2",48.9007,"B",0.925743536000027
"RNM35_20240617_130000.wav","PRTR3",50.529,"B",0.925743536000027
"RNM35_20240617_130000.wav","PRTR2",57.7074,"C",0.757426530000203
"RNM35_20240619_080000.wav","PRTR1",9.062,"B",0.782674080000106
"RNM35_20240619_080000.wav","PRTR2",10.0971,"B",0.98465448800016
"RNM35_20240619_080000.wav","PRTR1",11.138,"B",0.791089930999988
"RNM35_20240619_080000.wav","PRTR3",12.2134,"B",0.437624217000121
"RNM35_20240619_080000.wav","PRTR3",14.7358,"C",0.403960816000108
"RNM35_20240619_080000.wav","PRTR2",18.4779,"C",1.30445680100001
"RNM35_20240619_080000.wav","PRTR1",22.5927,"B",0.866832583999894
"RNM35_20240619_080000.wav","PRTR2",26.6784,"B",0.656436324999959
"RNM35_20240619_080000.wav","PRTR1",33.6925,"B",0.807921632000216
"RNM35_20240619_080000.wav","PRTR2",34.5878,"B",0.98465448800016
"RNM35_20240619_080000.wav","PRTR3",35.9007,"B",0.648020475000067
"RNM35_20240619_080000.wav","PRTR1",36.891,"B",0.824753332
"RNM35_20240619_080000.wav","PRTR2",38.108,"C",0.757426529999975
"RNM35_20240619_080000.wav","PRTR3",39.059,"C",0.858416734000002
"RNM35_20240619_080000.wav","PRTR1",40.5542,"A",0.824753332
"RNM35_20240619_080000.wav","PRTR2",41.5186,"A",1.00990203900028
"RNM35_20240619_080000.wav","PRTR3",42.5705,"B",1.11089224299985
"RNM35_20240619_080000.wav","PRTR1",51.0895,"B",0.698515577000308
"RNM35_20240619_080000.wav","PRTR2",51.8728,"C",1.16980319600043
"RNM35_20240619_080000.wav","PRTR3",53.2266,"A",0.706931428000189
"RNM35_20240619_080000.wav","PRTR3",54.1018,"B",0.816337482000108
"RNM35_20240619_090000.wav","PRTR1",2.9142,"B",1.16138734600008
"RNM35_20240619_090000.wav","PRTR1",4.2607,"B",1.21188244700033
"RNM35_20240619_090000.wav","PRTR1",10.1191,"B",1.06039714100007
"RNM35_20240619_090000.wav","PRTR1",10.7756,"B",0.538614421000148
"RNM35_20240619_090000.wav","PRTR3",12.9766,"C",0.395544966000216
"RNM35_20240619_090000.wav","PRTR2",18.6133,"A",1.48118965799995
"RNM35_20240619_090000.wav","PRTR3",20.2141,"B",0.950991087000148
"RNM35_20240619_090000.wav","PRTR3",21.182,"B",0.993070339000042
"RNM35_20240619_090000.wav","PRTR3",23.5014,"B",0.614357074000054
"RNM35_20240619_090000.wav","PRTR1",35.875,"B",0.984654487999705
"RNM35_20240619_090000.wav","PRTR2",36.8512,"B",1.17821904499988
"RNM35_20240619_090000.wav","PRTR3",38.08,"B",0.984654488999695
"RNM35_20240619_090000.wav","PRTR2",46.2637,"A",1.70841761699967
"RNM35_20240619_090000.wav","PRTR1",48.7115,"A",0.765842380000322
"RNM35_20240619_090000.wav","PRTR2",49.7677,"C",0.858416734000002
"RNM35_20240619_090000.wav","PRTR3",50.845,"B",0.79950578099988
"RNM35_20240619_090000.wav","PRTR2",58.2748,"B",1.47277380800006
"RNM35_20240619_090000.wav","PRTR1",59.0238,"B",0.454455916999905
"RNM35_20240619_110000.wav","PRTR1",1.2787,"B",0.732178978999855
"RNM35_20240619_110000.wav","PRTR3",3.3232,"B",0.698515577000308
"RNM35_20240619_110000.wav","PRTR1",12.4394,"B",0.656436325999948
"RNM35_20240619_110000.wav","PRTR3",21.7129,"B",0.521782720000374
"RNM35_20240619_110000.wav","PRTR1",51.8362,"B",0.715347278000081
"RNM35_20240619_110000.wav","PRTR3",54.058,"C",0.504951018999691
"RNM35_20240619_150000.wav","PRTR1",1.496,"C",0.336634013000094
"RNM35_20240619_150000.wav","PRTR1",23.7202,"C",0.496535169999788
"RNM35_20240619_150000.wav","PRTR1",28.3496,"B",0.513366870000027
"RNM35_20240619_150000.wav","PRTR1",31.2637,"C",0.496535169000254
"RNM35_20240619_150000.wav","PRTR1",32.7324,"B",0.73217897800032
"RNM35_20240619_150000.wav","PRTR3",34.7563,"C",0.521782719999919
"RNM35_20240619_150000.wav","PRTR1",49.4029,"A",0.706931426999745
"RNM35_20240621_110000.wav","PRTR2",1.8093,"C",0.605941224000162
"RNM35_20240621_110000.wav","PRTR1",11.5187,"B",0.715347278000081
"RNM35_20240621_110000.wav","PRTR1",18.7108,"B",0.757426528999986
"RNM35_20240621_110000.wav","PRTR1",42.2138,"B",0.673268026000187
"RNM35_20240621_110000.wav","PRTR1",56.7201,"B",0.715347278000081
"RNM35_20240621_150000.wav","PRTR2",0.225,"C",0.833169181999892
"RNM35_20240621_150000.wav","PRTR1",10.7554,"B",0.934159385999919
"RNM35_20240621_150000.wav","PRTR2",12.0851,"B",0.883664284000133
"RNM35_20240621_150000.wav","PRTR3",13.0192,"B",0.715347278000081
"RNM35_20240621_150000.wav","PRTR1",17.1093,"B",0.471287619000123
"RNM35_20240621_150000.wav","PRTR3",19.4301,"B",0.496535169000254
"RNM35_20240621_150000.wav","PRTR1",20.2328,"C",0.345049862999986
"RNM35_20240621_150000.wav","PRTR2",25.9742,"B",1.17821904599987
"RNM35_20240621_150000.wav","PRTR3",27.5882,"C",0.681683877000069
"RNM35_20240621_150000.wav","PRTR1",41.7931,"B",0.513366870000027
"RNM35_20240621_150000.wav","PRTR1",42.2897,"B",0.54703027100004
"RNM35_20240621_150000.wav","PRTR2",43.106,"B",0.875248433999786
"RNM35_20240621_150000.wav","PRTR1",43.9897,"B",0.605941224000162
"RNM35_20240621_150000.wav","PRTR1",48.7004,"B",0.286138911999842
"RNM35_20240621_150000.wav","PRTR3",57.2431,"C",0.496535169999788
"RNM35_20240621_150000.wav","PRTR2",58.312,"B",0.774258229999759
"RNM35_20240623_060000.wav","PRTR1",3.096,"B",0.488119318999907
"RNM35_20240623_060000.wav","PRTR1",4.2238,"B",0.403960816000108
"RNM35_20240623_060000.wav","PRTR3",5.1874,"C",0.471287618000133
"RNM35_20240623_060000.wav","PRTR1",11.5314,"A",0.917327686000135
"RNM35_20240623_060000.wav","PRTR1",21.7981,"B",0.504951020000135
"RNM35_20240623_060000.wav","PRTR3",23.8188,"C",0.73217897800032
"RNM35_20240623_060000.wav","PRTR3",25.5589,"C",0.488119318999907
"RNM35_20240623_060000.wav","PRTR3",27.6411,"C",0.488119318999907
"RNM35_20240623_060000.wav","PRTR1",28.7446,"B",0.883664284999668
"RNM35_20240623_060000.wav","PRTR1",37.9301,"B",0.395544964999772
"RNM35_20240623_060000.wav","PRTR1",43.0217,"B",0.395544964999772
"RNM35_20240623_060000.wav","PRTR1",45.6531,"B",0.504951019000146
"RNM35_20240623_060000.wav","PRTR1",58.1695,"B",0.631188774999828
"RNM35_20240623_100000.wav","PRTR2",2.6777,"C",0.706931428000189
"RNM35_20240623_100000.wav","PRTR1",3.7527,"B",0.538614421000148
"RNM35_20240623_100000.wav","PRTR2",19.3386,"C",1.00148618899993
"RNM35_20240623_100000.wav","PRTR3",21.0471,"C",0.875248433999786
"RNM35_20240623_100000.wav","PRTR3",21.9644,"C",0.631188774999828
"RNM35_20240623_100000.wav","PRTR1",25.235,"B",0.824753332
"RNM35_20240623_100000.wav","PRTR1",39.5346,"C",0.302970611000092
"RNM35_20240623_100000.wav","PRTR1",43.6985,"B",0.900495984999907
"RNM35_20240623_100000.wav","PRTR2",44.8683,"B",0.723763127999973
"RNM35_20240623_100000.wav","PRTR3",45.8445,"B",0.777478868000344
"RNM35_20240623_100000.wav","PRTR1",56.4313,"C",0.395544964999772
"RNM35_20240623_110000.wav","PRTR1",16.5799,"C",0.446040067000013
"RNM35_20240623_110000.wav","PRTR1",17.2868,"B",0.479703469000015
"RNM35_20240623_110000.wav","PRTR2",21.7155,"C",0.673268026999722
"RNM35_20240623_110000.wav","PRTR1",25.7662,"B",0.740594829000202
"RNM35_20240623_110000.wav","PRTR1",28.1257,"B",0.883664284999668
"RNM35_20240623_110000.wav","PRTR2",29.1945,"B",0.993070339000042
"RNM35_20240623_110000.wav","PRTR3",30.4485,"B",0.7069314270002
"RNM35_20240623_110000.wav","PRTR1",33.6,"B",0.378713263999998
"RNM35_20240623_110000.wav","PRTR1",43.6851,"B",0.345049862999986
"RNM35_20240623_110000.wav","PRTR1",51.951,"B",0.858416733000013
"RNM35_20240623_110000.wav","PRTR2",53.284,"B",1.14455564499985
"RNM35_20240623_110000.wav","PRTR3",55.0661,"B",0.883664285000123
"RNM35_20240623_110000.wav","PRTR3",56.1181,"B",0.471287619000123
"RNM35_20240623_150000.wav","PRTR2",0.8673,"B",0.875248434000241
"RNM35_20240623_150000.wav","PRTR1",7.2948,"B",0.664852176000295
"RNM35_20240623_150000.wav","PRTR2",8.1154,"B",1.14455564499985
"RNM35_20240623_150000.wav","PRTR3",9.3576,"B",0.774258230000214
"RNM35_20240623_150000.wav","PRTR2",24.044,"B",0.749010679000094
"RNM35_20240623_150000.wav","PRTR1",35.6255,"B",1.00148618899993
"RNM35_20240623_150000.wav","PRTR2",36.6944,"B",1.12772394400008
"RNM35_20240623_150000.wav","PRTR3",37.8978,"B",0.782674080000106
"RNM35_20240623_150000.wav","PRTR2",46.8927,"B",0.883664284000133
"RNM35_20240625_070000.wav","PRTR1",1.5639,"B",0.799505781000335
"RNM35_20240625_070000.wav","PRTR1",3.1798,"B",0.706931428000189
"RNM35_20240625_070000.wav","PRTR1",23.726,"B",0.597525372999826
"RNM35_20240625_070000.wav","PRTR1",29.8371,"B",0.723763127999973
"RNM35_20240625_070000.wav","PRTR3",31.8985,"B",0.597525373999815
"RNM35_20240625_070000.wav","PRTR1",58.1439,"C",0.698515577999842
"RNM35_20240625_100000.wav","PRTR1",18.5256,"C",0.648020475000067
"RNM35_20240625_100000.wav","PRTR1",46.807,"C",0.50495101999968
"RNM35_20240625_100000.wav","PRTR1",52.6195,"B",0.622772923999946
"RNM35_20240627_060000.wav","PRTR1",13.9403,"A",0.732178977999865
"RNM35_20240627_060000.wav","PRTR2",15.1943,"C",0.715347278000081
"RNM35_20240627_060000.wav","PRTR3",15.9181,"B",1.02673374000005
"RNM35_20240627_060000.wav","PRTR1",27.1709,"B",0.824753332
"RNM35_20240627_060000.wav","PRTR2",28.4259,"C",0.690099726999961
"RNM35_20240627_060000.wav","PRTR3",29.2759,"C",0.690099726999961
"RNM35_20240627_060000.wav","PRTR1",30.1174,"B",0.715347278000081
"RNM35_20240627_060000.wav","PRTR2",31.2187,"C",0.900495984999907
"RNM35_20240627_060000.wav","PRTR3",32.2413,"B",0.723763127999973
"RNM35_20240627_060000.wav","PRTR3",50.7323,"B",0.698515576999853
"RNM35_20240629_070000.wav","PRTR1",7.8506,"A",0.91732768599968
"RNM35_20240629_070000.wav","PRTR2",9.1298,"A",0.892080135000015
"RNM35_20240629_070000.wav","PRTR3",10.0892,"A",0.908911835999788
"RNM35_20240629_070000.wav","PRTR2",16.2619,"B",0.866832583999894
"RNM35_20240629_070000.wav","PRTR1",17.2634,"B",0.673268025999732
"RNM35_20240629_070000.wav","PRTR2",22.5396,"A",1.38861530399981
"RNM35_20240629_070000.wav","PRTR3",24.147,"A",0.892080135000015
"RNM35_20240629_070000.wav","PRTR3",25.1023,"B",0.681683877000069
"RNM35_20240629_070000.wav","PRTR2",40.9335,"B",1.02673374000005
"RNM35_20240629_070000.wav","PRTR1",49.266,"B",0.908911834999799
"RNM35_20240629_070000.wav","PRTR2",50.3853,"B",0.875248435000231
"RNM35_20240629_070000.wav","PRTR3",51.3615,"B",1.01831788999971
"RNM35_20240629_080000.wav","PRTR2",0.2843,"B",0.858416734000002
"RNM35_20240629_080000.wav","PRTR3",1.2942,"B",0.892080133999571
"RNM35_20240629_080000.wav","PRTR1",3.2124,"B",0.521782720999909
"RNM35_20240629_080000.wav","PRTR1",38.7791,"B",0.605941223000173
"RNM35_20240629_080000.wav","PRTR2",57.5654,"B",1.33812020300002
"RNM35_20240629_080000.wav","PRTR3",59.3327,"B",0.597525372999826
"RNM35_20240701_100000.wav","PRTR2",12.2254,"C",0.488119318999907
"RNM35_20240701_100000.wav","PRTR3",16.6761,"B",0.555446121999921
"RNM35_20240701_100000.wav","PRTR1",26.3704,"A",1.05198129099972
"RNM35_20240701_100000.wav","PRTR2",27.6064,"C",0.66485217599984
"RNM35_20240701_100000.wav","PRTR3",28.6079,"C",0.614357074000054
"RNM35_20240701_100000.wav","PRTR1",34.1438,"C",0.513366869999572
"RNM35_20240701_100000.wav","PRTR1",36.6083,"B",0.79950578099988
"RNM35_20240701_100000.wav","PRTR3",46.0254,"C",0.420792516999882
"RNM35_20240701_110000.wav","PRTR1",0.8204,"C",0.235643809000067
"RNM35_20240701_110000.wav","PRTR1",3.8934,"C",0.353465712999878
"RNM35_20240701_110000.wav","PRTR1",21.2873,"B",0.791089929999998
"RNM35_20240701_110000.wav","PRTR1",40.3715,"C",0.361881564000214
"RNM35_20240701_110000.wav","PRTR1",49.314,"C",0.370297415000095
"RNM35_20240701_110000.wav","PRTR1",55.8278,"B",0.765842379999867
"RNM35_20240701_110000.wav","PRTR3",58.0253,"C",0.185148706999826
"RNM35_20240703_090000.wav","PRTR1",10.3826,"C",0.875248433999786
"RNM35_20240703_090000.wav","PRTR2",11.2747,"C",1.16980319499999
"RNM35_20240703_090000.wav","PRTR3",12.4561,"C",1.35513430499986
"RNM35_20240703_090000.wav","PRTR3",14.7202,"C",0.791089930999988
"RNM35_20240703_090000.wav","PRTR3",15.6762,"C",0.57227782200016
"RNM35_20240703_090000.wav","PRTR2",22.1601,"A",1.12772394400008
"RNM35_20240703_090000.wav","PRTR1",34.2887,"c",0.302970612000081
"RNM35_20240703_090000.wav","PRTR2",35.9955,"B",1.3212885009998
"RNM35_20240703_090000.wav","PRTR1",37.1149,"B",0.302970612000081
"RNM35_20240703_090000.wav","PRTR3",37.3926,"C",0.841585032999774
"RNM35_20240703_090000.wav","PRTR3",38.3772,"C",0.749010679000094
"RNM35_20240703_090000.wav","PRTR3",40.7098,"C",0.580693672999587
"RNM35_20240703_090000.wav","PRTR1",41.543,"C",0.622772923999946
"RNM35_20240703_120000.wav","PRTR1",2,"B",0.513366870000027
"RNM35_20240703_120000.wav","PRTR1",8.23,"C",0.370297415000095
"RNM35_20240703_120000.wav","PRTR1",32.6251,"B",0.580693672000052
"RNM35_20240703_120000.wav","PRTR1",42.1985,"C",0.479703468000025
"RNM35_20240703_130000.wav","PRTR1",2.6309,"B",0.908911836000243
"RNM35_20240703_130000.wav","PRTR2",3.6745,"B",0.925743536000027
"RNM35_20240703_130000.wav","PRTR3",4.7433,"B",0.723763128999963
"RNM35_20240703_130000.wav","PRTR1",20.8995,"B",0.429208366000239
"RNM35_20240703_130000.wav","PRTR1",25.7224,"B",0.555446120999932
"RNM35_20240703_130000.wav","PRTR1",37.0595,"B",0.504951020000135
"RNM35_20240703_130000.wav","PRTR2",43.9295,"B",1.08564469200019
"RNM35_20240703_130000.wav","PRTR3",45.6023,"B",0.925743536000027
"RNM35_20240703_130000.wav","PRTR3",46.6122,"B",0.572277821999705
"RNM35_20240703_140000.wav","PRTR1",1.9403,"B",0.328218163000201
"RNM35_20240703_140000.wav","PRTR1",6.7184,"C",0.429208365999784
"RNM35_20240703_140000.wav","PRTR2",12.8354,"B",0.513366870000027
"RNM35_20240703_140000.wav","PRTR1",26.139,"C",0.412376666
"RNM35_20240703_140000.wav","PRTR1",31.0507,"B",0.740594828999747
"RNM35_20240703_140000.wav","PRTR1",32.2205,"C",0.555446120999932
"RNM35_20240703_140000.wav","PRTR3",33.2135,"C",0.656436325999948
"RNM35_20240703_140000.wav","PRTR2",54.459,"C",0.563861972000268
"RNM35_20240703_140000.wav","PRTR3",55.4773,"B",0.782674081000096
"RNM35_20240703_150000.wav","PRTR1",3.9576,"B",0.740594828000212
"RNM35_20240703_150000.wav","PRTR1",5.2368,"B",0.782674081000096
"RNM35_20240703_150000.wav","PRTR1",8.9148,"B",1.09406054300007
"RNM35_20240703_150000.wav","PRTR2",10.1478,"B",0.791089929999998
"RNM35_20240703_150000.wav","PRTR3",11.0903,"B",0.681683877000069
"RNM35_20240703_150000.wav","PRTR1",12.5044,"B",0.622772924999936
"RNM35_20240703_150000.wav","PRTR1",14.4144,"B",0.765842380000322
"RNM35_20240703_150000.wav","PRTR2",15.3061,"C",0.984654487999705
"RNM35_20240703_150000.wav","PRTR1",24.5345,"B",0.597525373000281
"RNM35_20240703_150000.wav","PRTR1",26.2093,"B",0.690099726999961
"RNM35_20240703_150000.wav","PRTR2",32.4656,"B",0.732178977999865
"RNM35_20240703_150000.wav","PRTR3",33.8911,"B",0.866832584000349
"RNM35_20240703_150000.wav","PRTR1",34.2361,"B",0.462871768000241
"RNM35_20240703_150000.wav","PRTR2",37.9688,"C",0.967822787000387
"RNM35_20240703_150000.wav","PRTR1",50.8901,"B",0.639604624000185
"RNM35_20240703_150000.wav","PRTR1",54.7161,"B",0.631188773999838
"RNM35_20240705_070000.wav","PRTR3",10.4314,"B",0.530198570999801
"RNM35_20240705_070000.wav","PRTR2",12.4841,"B",1.42227870600027
"RNM35_20240705_070000.wav","PRTR3",14.209,"B",0.816337481000119
"RNM35_20240705_070000.wav","PRTR3",15.1146,"B",0.807921631000227
"RNM35_20240705_070000.wav","PRTR2",18.4005,"B",0.908911835000254
"RNM35_20240705_070000.wav","PRTR3",19.7872,"B",0.850000883000121
"RNM35_20240705_070000.wav","PRTR3",20.7466,"B",0.589109522999934
"RNM35_20240705_070000.wav","PRTR2",30.8465,"B",1.48118965799995
"RNM35_20240705_070000.wav","PRTR1",32.6854,"B",0.816337482000108
"RNM35_20240705_070000.wav","PRTR1",33.6953,"B",0.589109521999944
"RNM35_20240705_070000.wav","PRTR2",34.7659,"C",0.816337482000108
"RNM35_20240705_070000.wav","PRTR3",35.7403,"B",0.723763127999973
"RNM35_20240705_070000.wav","PRTR1",37.8704,"B",1.16138734500009
"RNM35_20240705_070000.wav","PRTR2",39.2732,"B",0.807921632000216
"RNM35_20240705_070000.wav","PRTR3",40.2966,"B",0.892080135000015
"RNM35_20240705_070000.wav","PRTR1",42.0558,"B",0.816337482000108
"RNM35_20240705_070000.wav","PRTR2",43.2789,"C",0.816337482000108
"RNM35_20240705_070000.wav","PRTR3",44.1761,"C",0.749010679000094
"RNM35_20240705_070000.wav","PRTR1",53.6054,"A",0.942575237000256
"RNM35_20240705_070000.wav","PRTR2",54.862,"B",0.807921632000216
"RNM35_20240705_070000.wav","PRTR3",55.8466,"B",0.690099725999971
"RNM35_20240705_070000.wav","PRTR1",58.5115,"B",0.50495101999968
"RNM35_20240705_110000.wav","PRTR1",6.6254,"B",0.934159385999919
"RNM35_20240705_110000.wav","PRTR2",7.8121,"C",0.690099726999961
"RNM35_20240705_110000.wav","PRTR1",15.9354,"C",0.446040067000013
"RNM35_20240705_110000.wav","PRTR1",21.0847,"B",0.631188775000282
"RNM35_20240705_110000.wav","PRTR2",24.672,"C",0.934159387000363
"RNM35_20240705_110000.wav","PRTR3",26.4243,"C",0.858416733000013
"RNM35_20240705_110000.wav","PRTR1",27.2659,"C",0.597525373999815
"RNM35_20240705_110000.wav","PRTR2",41.1829,"C",0.824753332
"RNM35_20240705_110000.wav","PRTR1",47.39,"B",0.530198570999801
"RNM35_20240705_110000.wav","PRTR1",54.3781,"C",0.824753332
"RNM35_20240705_110000.wav","PRTR2",55.59,"B",0.791089930999988
"RNM35_20240705_110000.wav","PRTR3",56.5076,"C",0.538614421000148
"RNM35_20240705_130000.wav","PRTR1",16.6783,"B",0.361881563999759
"RNM35_20240705_130000.wav","PRTR1",23.1157,"B",0.437624217000121
"RNM35_20240705_130000.wav","PRTR1",30.4401,"B",0.429208365999784
"RNM35_20240705_150000.wav","PRTR1",6.9083,"B",0.597525373000281
"RNM35_20240705_150000.wav","PRTR1",48.8693,"C",0.319802313000309
"RNM35_20240707_130000.wav","PRTR2",42.6015,"B",0.900495984999999
"RNM35_20240707_130000.wav","PRTR3",13.2762,"A",0.673268026000001
"RNM35_20240707_130000.wav","PRTR2",36.2714,"C",0.614357073999997
"RNM35_20240707_130000.wav","PRTR3",14.3308,"C",0.412376666
"RNM35_20240707_130000.wav","PRTR3",24.2229,"B",0.740594827999999
"RNM35_20240707_130000.wav","PRTR3",44.9916,"C",0.513366869999999
"RNM35_20240707_130000.wav","PRTR1",32.3265,"C",0.496535168999998
"RNM35_20240707_130000.wav","PRTR1",22.0398,"B",0.723763127999998
"RNM35_20240707_130000.wav","PRTR1",16.9744,"C",0.336634013000001
"RNM35_20240707_130000.wav","PRTR1",37.0672,"B",0.395544964999999
"RNM35_20240707_130000.wav","PRTR1",6.7564,"B",0.269307211
"RNM35_20240707_130000.wav","PRTR1",47.7736,"C",0.294554761000001
"RNM35_20240707_130000.wav","PRTR3",12.2326,"A",0.917327686
"RNM35_20240707_130000.wav","PRTR2",29.3899,"A",1.178219046
"RNM35_20240707_130000.wav","PRTR1",4.8901,"B",0.580693673
"RNM35_20240707_130000.wav","PRTR1",30.7055,"C",0.345049863
"RNM35_20240707_130000.wav","PRTR2",49.5073,"B",1.338120202
"RNM35_20240707_130000.wav","PRTR2",1.985,"B",0.925743536
"RNM35_20240707_130000.wav","PRTR3",51.2762,"B",0.858416734000002
"RNM35_20240707_130000.wav","PRTR2",23.2888,"B",0.774258230000001
"RNM35_20240707_130000.wav","PRTR2",10.5654,"A",1.321288501
"RNM35_20240707_130000.wav","PRTR3",52.2693,"B",0.732178978
"RNM35_20240707_130000.wav","PRTR3",44.0069,"B",0.749010679000001
"RNM35_20240707_130000.wav","PRTR1",28.0602,"B",0.908911836000001
"RNM35_20240707_140000.wav","PRTR2",20.6015,"B",1.26237754899999
"RNM35_20240707_140000.wav","PRTR1",2.7547,"C",0.732178978
"RNM35_20240707_140000.wav","PRTR3",35.2979,"C",0.395544966000003
"RNM35_20240707_140000.wav","PRTR3",41.9577,"C",0.429208367000001
"RNM35_20240707_140000.wav","PRTR2",39.721,"C",0.673268026000002
"RNM35_20240707_140000.wav","PRTR2",15.9114,"C",0.648020475999999
"RNM35_20240707_140000.wav","PRTR1",24.2379,"C",0.42079251700001
"RNM35_20240707_140000.wav","PRTR3",22.4109,"A",0.850000883999996
"RNM35_20240707_140000.wav","PRTR3",16.8607,"B",0.774258230000001
"RNM35_20240707_140000.wav","PRTR1",18.3857,"B",0.892080134000011
"RNM35_20240707_140000.wav","PRTR3",40.8768,"B",0.824753332
"RNM35_20240707_140000.wav","PRTR1",34.7341,"C",0.504951019999993
"RNM35_20240707_140000.wav","PRTR3",23.3703,"B",0.631188773999995
"RNM35_20240707_140000.wav","PRTR1",47.3445,"C",0.345049863
"RNM35_20240707_140000.wav","PRTR1",14.9199,"B",0.782674080999996
"RNM35_20240707_140000.wav","PRTR2",19.58,"C",0.757426530000004
"RNM35_20240707_140000.wav","PRTR1",35.9544,"C",0.563861972000012
"RNM35_20240707_140000.wav","PRTR2",4.8513,"B",0.732178978999997
"RNM35_20240709_080000.wav","PRTR1",55.0215,"C",0.429208367000001
"RNM35_20240709_080000.wav","PRTR1",45.3624,"C",0.488119318999992
"RNM35_20240709_090000.wav","PRTR1",2.5522,"B",0.446040068000002
"RNM35_20240709_090000.wav","PRTR2",10.0482,"C",0.530198571
"RNM35_20240709_090000.wav","PRTR1",21.7744,"C",0.513366869999999
"RNM35_20240709_090000.wav","PRTR1",39.7452,"C",0.45445591699999
"RNM35_20240709_090000.wav","PRTR3",15.2412,"C",0.437624217999996
"RNM35_20240709_090000.wav","PRTR3",11.3564,"C",0.57227782199999
"RNM35_20240709_090000.wav","PRTR1",18.9462,"B",0.395544965999989
"RNM35_20240709_090000.wav","PRTR1",46.3039,"C",0.277723060999989
"RNM35_20240709_090000.wav","PRTR1",12.2669,"C",0.387129115000022
"RNM35_20240709_090000.wav","PRTR1",3.823,"B",0.563861971999984
"RNM35_20240709_090000.wav","PRTR3",33.9905,"C",0.387129114999993
"RNM35_20240709_090000.wav","PRTR1",9.215,"B",0.774258229999987
"RNM35_20240709_090000.wav","PRTR2",33.3004,"C",0.639604625000004
"RNM35_20240709_090000.wav","PRTR1",32.3326,"B",0.715347277000006
"RNM35_20240709_090000.wav","PRTR3",34.4618,"C",0.378713265000016
"RNM35_20240709_090000.wav","PRTR3",29.9822,"C",0.294554761000001
"RNM35_20240709_090000.wav","PRTR3",53.9914,"C",0.420792516999995
"RNM35_20240709_120000.wav","PRTR1",30.4888,"C",0.513366870000027
"RNM35_20240709_120000.wav","PRTR1",38.1152,"B",0.706931427999962
"RNM35_20240709_120000.wav","PRTR1",43.6495,"B",0.791089929999998
"RNM35_20240709_120000.wav","PRTR2",24.7595,"B",0.908911834999969
"RNM35_20240709_120000.wav","PRTR3",19.1211,"C",0.807921632000046
"RNM35_20240709_120000.wav","PRTR3",1.12,"B",0.70693142799999
"RNM35_20240709_120000.wav","PRTR3",45.7701,"B",0.732178978999968
"RNM35_20240709_120000.wav","PRTR2",44.5163,"A",1.11930809399996
"RNM35_20240709_120000.wav","PRTR2",8.7188,"B",1.20346659700002
"RNM35_20240709_120000.wav","PRTR3",27.1518,"B",0.496535168999969
"RNM35_20240709_120000.wav","PRTR1",25.0541,"B",0.412376666
"RNM35_20240709_120000.wav","PRTR1",53.9905,"B",0.690099726999961
"RNM35_20240709_120000.wav","PRTR1",32.4497,"C",0.496535170000016
"RNM35_20240709_120000.wav","PRTR3",11.3698,"B",1.119308093
"RNM35_20240709_120000.wav","PRTR3",40.2071,"C",0.563861972000041
"RNM35_20240709_120000.wav","PRTR3",2.0875,"C",0.387129114999993
"RNM35_20240709_120000.wav","PRTR3",56.0603,"B",0.555446122000035
"RNM35_20240709_120000.wav","PRTR2",54.9153,"C",0.740594829000031
"RNM35_20240709_120000.wav","PRTR3",10.4188,"B",0.858416733000013
"RNM35_20240709_120000.wav","PRTR3",13.2812,"C",0.387129114999993
"RNM35_20240709_130000.wav","PRTR1",9.7007,"C",0.353465713999981
"RNM35_20240709_130000.wav","PRTR1",36.591,"C",0.218812108999998
"RNM35_20240709_140000.wav","PRTR1",39.8943,"C",0.412376666
"RNM35_20240709_140000.wav","PRTR1",37.2845,"C",0.353465713999981
"RNM35_20240709_140000.wav","PRTR1",3.0778,"C",0.33663401299998
"RNM35_20240709_160000.wav","PRTR1",38.5336,"B",0.462871767999957
"RNM35_20240709_160000.wav","PRTR1",14.7058,"C",0.521782720000033
"RNM35_20240709_160000.wav","PRTR1",22.984,"B",0.530198570999971
"RNM35_20240709_160000.wav","PRTR3",25.0795,"C",0.23564380900001
"RNM35_20240709_160000.wav","PRTR1",59.5049,"B",0.370297413999992
"RNM35_20240709_160000.wav","PRTR3",44.0327,"C",0.471287617999963
"RNM35_20240709_160000.wav","PRTR1",40.9583,"B",0.48811931900002
"RNM35_20240711_080000.wav","PRTR2",43.7153,"C",0.648020474999953
"RNM35_20240711_080000.wav","PRTR3",3.297,"B",0.908911836000016
"RNM35_20240711_080000.wav","PRTR2",36.2814,"B",0.984654488999922
"RNM35_20240711_080000.wav","PRTR2",52.2172,"A",0.757426528999986
"RNM35_20240711_080000.wav","PRTR3",49.3639,"A",0.841585032000012
"RNM35_20240711_080000.wav","PRTR1",26.4213,"B",0.420792516000006
"RNM35_20240711_080000.wav","PRTR3",53.4202,"A",0.547030270999926
"RNM35_20240711_080000.wav","PRTR3",4.4331,"C",0.656436326000005
"RNM35_20240711_080000.wav","PRTR2",2.346,"A",0.917327685999965
"RNM35_20240711_080000.wav","PRTR2",12.2292,"B",0.934159387000022
"RNM35_20240711_080000.wav","PRTR1",21.8547,"A",0.782674079999993
"RNM35_20240711_080000.wav","PRTR3",21.173,"C",0.41237666699999
"RNM35_20240711_080000.wav","PRTR1",4.5846,"C",0.193564557999991
"RNM35_20240711_080000.wav","PRTR1",47.159,"A",0.942575236999915
"RNM35_20240711_080000.wav","PRTR2",22.7554,"A",1.17821904499999
"RNM35_20240711_080000.wav","PRTR2",48.1689,"A",1.17821904599998
"RNM35_20240711_080000.wav","PRTR1",24.7825,"C",0.294554762000018
"RNM35_20240711_080000.wav","PRTR3",23.9673,"A",0.732178978000036
"RNM35_20240711_080000.wav","PRTR3",44.8766,"A",0.757426528999986
"RNM35_20240711_080000.wav","PRTR1",18.9052,"B",0.824753332
"RNM35_20240711_080000.wav","PRTR1",0.8648,"B",1.15297149499997
"RNM35_20240711_090000.wav","PRTR3",38.6601,"A",0.740594828999974
"RNM35_20240711_090000.wav","PRTR1",26.1599,"B",0.218812108000066
"RNM35_20240711_090000.wav","PRTR1",48.2975,"B",0.370297413999992
"RNM35_20240711_090000.wav","PRTR3",12.6139,"A",0.799505780999993
"RNM35_20240711_090000.wav","PRTR3",34.6363,"B",0.807921630999999
"RNM35_20240711_090000.wav","PRTR1",54.4395,"A",0.648020474999953
"RNM35_20240711_090000.wav","PRTR1",24.9171,"B",0.429208367000001
"RNM35_20240711_090000.wav","PRTR1",55.4999,"A",0.723763128000087
"RNM35_20240711_090000.wav","PRTR1",43.4334,"A",0.706931427999962
"RNM35_20240711_090000.wav","PRTR1",47.7841,"B",0.429208367000001
"RNM35_20240711_090000.wav","PRTR1",59.5924,"A",0.361881563999987
"RNM35_20240711_090000.wav","PRTR3",19.9049,"A",0.614357074000054
"RNM35_20240711_090000.wav","PRTR2",30.021,"B",0.984654487999933
"RNM35_20240711_090000.wav","PRTR1",0.7624,"B",0.62277292400006
"RNM35_20240711_090000.wav","PRTR1",16.6173,"C",0.345049862999986
"RNM35_20240711_090000.wav","PRTR1",13.0179,"B",0.580693673000042
"RNM35_20240711_090000.wav","PRTR3",6.6175,"A",0.942575237000028
"RNM35_20240711_090000.wav","PRTR3",18.9791,"A",0.925743536000027
"RNM35_20240711_090000.wav","PRTR1",26.4039,"B",0.547030270999926
"RNM35_20240711_090000.wav","PRTR1",51.7832,"A",0.723763128000087
"RNM35_20240711_090000.wav","PRTR1",10.3699,"A",0.252475509999954
"RNM35_20240711_090000.wav","PRTR2",53.8672,"A",0.791089930999988
"RNM35_20240711_090000.wav","PRTR2",5.5908,"A",1.01831789000005
"RNM35_20240711_090000.wav","PRTR1",36.3037,"A",0.883664285000009
"RNM35_20240711_090000.wav","PRTR3",23.781,"C",0.420792516000006
"RNM35_20240711_090000.wav","PRTR3",56.1391,"A",0.62277292400006
"RNM35_20240711_090000.wav","PRTR1",4.4126,"A",1.06039714100007
"RNM35_20240711_090000.wav","PRTR2",48.2134,"A",1.24554584800001
"RNM35_20240711_090000.wav","PRTR1",24.2944,"C",0.403960816000108
"RNM35_20240711_090000.wav","PRTR3",3.1892,"B",0.858416733000013
"RNM35_20240711_090000.wav","PRTR2",11.6725,"A",0.816337480999891
"RNM35_20240711_090000.wav","PRTR1",10.6561,"A",0.48811931900002
"RNM35_20240711_090000.wav","PRTR3",40.0801,"A",0.7742582300001
"RNM35_20240711_090000.wav","PRTR2",17.0886,"A",1.20346659699999
"RNM35_20240711_090000.wav","PRTR1",18.359,"A",0.639604625000061
"RNM35_20240711_090000.wav","PRTR3",55.2727,"A",0.723763127999973
"RNM35_20240711_090000.wav","PRTR1",21.57,"A",0.48811931900002
"RNM35_20240711_090000.wav","PRTR2",33.3139,"C",0.866832584000008
"RNM35_20240711_090000.wav","PRTR3",58.5234,"A",0.664852176000068
"RNM35_20240711_090000.wav","PRTR2",37.4314,"A",1.15297149499997
"RNM35_20240711_090000.wav","PRTR3",57.5808,"A",0.816337481999994
"RNM35_20240711_130000.wav","PRTR1",29.7708,"C",0.302970611999967
"RNM35_20240711_130000.wav","PRTR1",34.1529,"C",0.353465713999981
"RNM35_20240713_060000.wav","PRTR2",0.2551,"B",0.858416734000002
"RNM35_20240713_060000.wav","PRTR3",36.0282,"B",0.664852175999954
"RNM35_20240713_060000.wav","PRTR1",40.1801,"B",0.328218162999974
"RNM35_20240713_060000.wav","PRTR2",43.4894,"C",0.496535169000026
"RNM35_20240713_060000.wav","PRTR2",54.1259,"B",0.892080135000015
"RNM35_20240713_060000.wav","PRTR3",44.4066,"B",0.504951019000032
"RNM35_20240713_060000.wav","PRTR1",33.9309,"A",0.572277822000046
"RNM35_20240713_060000.wav","PRTR1",21.2197,"B",0.563861972000041
"RNM35_20240713_060000.wav","PRTR1",50.6467,"C",0.454455917000018
"RNM35_20240713_060000.wav","PRTR2",39.4732,"B",0.908911835000026
"RNM35_20240713_060000.wav","PRTR1",53.2507,"B",0.681683876999955
"RNM35_20240713_060000.wav","PRTR2",18.974,"C",0.883664285000009
"RNM35_20240713_060000.wav","PRTR2",22.9838,"A",0.892080135000015
"RNM35_20240713_060000.wav","PRTR1",17.7724,"A",1.12772394399997
"RNM35_20240713_060000.wav","PRTR3",1.7146,"B",0.664852175000078
"RNM35_20240713_060000.wav","PRTR3",24.4426,"B",0.622772924999936
"RNM35_20240713_060000.wav","PRTR3",41.8152,"B",0.446040068000002
"RNM35_20240713_060000.wav","PRTR3",56.4986,"B",0.496535169000026
"RNM35_20240713_060000.wav","PRTR2",31.2431,"B",0.757426530000089
"RNM35_20240713_060000.wav","PRTR2",35.0098,"B",0.807921630999999
"RNM35_20240713_060000.wav","PRTR1",42.2192,"B",0.286138910999966
"RNM35_20240713_060000.wav","PRTR2",30.107,"B",0.799505780999993
"RNM35_20240713_060000.wav","PRTR3",55.5579,"B",0.555446121000045
"RNM35_20240713_060000.wav","PRTR3",25.3587,"B",0.454455918000008
"RNM35_20240713_060000.wav","PRTR2",4.6753,"C",0.648020474999953
"RNM35_20240713_060000.wav","PRTR1",37.74,"B",0.412376666
"RNM35_20240713_060000.wav","PRTR1",12.8159,"A",0.858416734000002
"RNM35_20240713_060000.wav","PRTR2",19.9755,"B",0.824753332
"RNM35_20240713_060000.wav","PRTR3",40.8507,"B",0.782674079999993
"RNM35_20240713_060000.wav","PRTR2",13.8378,"B",0.858416734000002
"RNM35_20240713_060000.wav","PRTR1",46.2999,"C",0.605941224000048
"RNM35_20240713_060000.wav","PRTR3",14.9683,"A",0.740594827999985
"RNM35_20240713_060000.wav","PRTR2",52.4362,"C",0.824753332
"RNM35_20240713_060000.wav","PRTR2",12.038,"B",0.774258229999987
"RNM35_20240713_070000.wav","PRTR1",16.1327,"B",1.00148618900005
"RNM35_20240713_070000.wav","PRTR3",43.4463,"B",0.732178978999968
"RNM35_20240713_070000.wav","PRTR2",59.2366,"B",0.799505780999993
"RNM35_20240713_070000.wav","PRTR1",54.8948,"B",0.782674081000096
"RNM35_20240713_070000.wav","PRTR2",4.6971,"B",0.967822786999932
"RNM35_20240713_070000.wav","PRTR1",54.6339,"B",0.218812109000055
"RNM35_20240713_070000.wav","PRTR1",6.2016,"B",0.740594829000088
"RNM35_20240713_070000.wav","PRTR1",39.8019,"B",0.706931426999972
"RNM35_20240713_070000.wav","PRTR3",53.1359,"B",0.504951020000021
"RNM35_20240713_070000.wav","PRTR1",40.8707,"B",0.690099726999961
"RNM35_20240713_070000.wav","PRTR2",50.0515,"B",0.74901067899998
"RNM35_20240713_070000.wav","PRTR2",17.4221,"C",0.54703027100004
"RNM35_20240713_070000.wav","PRTR1",30.6234,"B",0.67326802599996
"RNM35_20240713_070000.wav","PRTR3",33.5912,"B",0.782674081000096
"RNM35_20240713_070000.wav","PRTR1",3.6761,"A",1.00148618900005
"RNM35_20240713_070000.wav","PRTR2",35.2876,"B",0.521782720000033
"RNM35_20240713_070000.wav","PRTR3",19.0108,"B",0.530198570000039
"RNM35_20240713_070000.wav","PRTR3",25.9844,"B",0.488119318999907
"RNM35_20240713_070000.wav","PRTR2",52.2424,"B",0.850000883000007
"RNM35_20240713_070000.wav","PRTR1",58.0632,"A",0.858416733000013
"RNM35_20240713_070000.wav","PRTR3",24.8845,"B",0.572277821999933
"RNM35_20240713_070000.wav","PRTR1",13.586,"B",0.850000883000007
"RNM35_20240713_070000.wav","PRTR3",18.2038,"B",0.681683875999965
"RNM35_20240713_070000.wav","PRTR1",51.053,"B",0.690099726999961
"RNM35_20240713_070000.wav","PRTR1",43.5137,"B",0.597525372999939
"RNM35_20240713_070000.wav","PRTR3",37.5251,"B",0.631188774000066
"RNM35_20240713_070000.wav","PRTR1",51.7712,"B",0.648020475000067
"RNM35_20240713_070000.wav","PRTR1",48.0707,"B",0.538614419999931
"RNM35_20240713_070000.wav","PRTR3",36.5741,"A",0.841585033000001
"RNM35_20240713_070000.wav","PRTR1",28.4765,"B",0.824753332
"RNM35_20240713_070000.wav","PRTR2",40.8091,"B",0.866832584000008
"RNM35_20240713_070000.wav","PRTR1",5.3985,"B",0.563861971999927
"RNM35_20240713_070000.wav","PRTR3",35.7926,"B",0.521782719999919
"RNM35_20240713_070000.wav","PRTR2",32.4551,"B",0.597525373000053
"RNM35_20240713_070000.wav","PRTR2",14.4781,"B",0.496535170000016
"RNM35_20240713_070000.wav","PRTR3",42.1617,"B",0.908911835000026
"RNM35_20240713_070000.wav","PRTR3",23.2687,"B",1.38861530399993
"RNM35_20240713_070000.wav","PRTR3",5.9996,"C",0.48811931900002
"RNM35_20240713_070000.wav","PRTR3",45.6024,"C",0.555446122000035
"RNM35_20240713_070000.wav","PRTR1",42.4984,"B",0.850000882999893
"RNM35_20240713_070000.wav","PRTR2",7.2827,"B",1.20346659699999
"RNM35_20240713_080000.wav","PRTR1",29.3166,"B",0.437624217000007
"RNM35_20240713_080000.wav","PRTR3",25.1785,"A",0.698515576999966
"RNM35_20240713_080000.wav","PRTR1",0.4963,"A",0.656436325999948
"RNM35_20240713_080000.wav","PRTR2",35.8164,"A",0.698515576999966
"RNM35_20240713_080000.wav","PRTR3",3.7432,"A",0.597525373000053
"RNM35_20240713_080000.wav","PRTR2",1.2537,"A",0.858416733000013
"RNM35_20240713_080000.wav","PRTR3",6.6252,"A",0.841585033000001
"RNM35_20240713_080000.wav","PRTR1",42.6349,"A",0.841585033000001
"RNM35_20240713_080000.wav","PRTR2",59.0694,"C",0.530198571000028
"RNM35_20240713_080000.wav","PRTR3",3.2972,"B",0.319802311999979
"RNM35_20240713_080000.wav","PRTR2",2.3198,"A",0.925743536000027
"RNM35_20240713_080000.wav","PRTR1",12.0361,"A",0.984654487999933
"RNM35_20240713_080000.wav","PRTR2",54.9761,"A",1.16138734499998
"RNM35_20240713_080000.wav","PRTR3",14.0643,"A",0.875248434000014
"RNM35_20240713_080000.wav","PRTR1",54.1766,"C",0.429208366000012
"RNM35_20240713_080000.wav","PRTR3",26.1463,"A",0.462871768000014
"RNM35_20240713_080000.wav","PRTR2",23.7736,"A",0.925743536000027
"RNM35_20240713_080000.wav","PRTR1",7.1049,"A",0.319802312000093
"RNM35_20240713_080000.wav","PRTR1",42.3656,"A",0.260891360000073
"RNM35_20240713_080000.wav","PRTR2",20.2383,"A",0.648020474999953
"RNM35_20240713_080000.wav","PRTR3",44.5811,"A",0.757426528999986
"RNM35_20240713_080000.wav","PRTR1",33.8258,"A",0.631188774999941
"RNM35_20240713_080000.wav","PRTR2",5.317,"A",1.17821904600009
"RNM35_20240713_080000.wav","PRTR2",43.5628,"A",1.00148618899993
"RNM35_20240713_080000.wav","PRTR2",30.1245,"A",1.36336775300003
"RNM35_20240713_080000.wav","PRTR1",32.5382,"A",0.462871768000014
"RNM35_20240713_080000.wav","PRTR2",13.1217,"A",0.925743536000027
"RNM35_20240713_080000.wav","PRTR1",4.408,"A",0.791089930999988
"RNM35_20240713_130000.wav","PRTR1",56.6267,"B",0.8752484339999
"RNM35_20240713_130000.wav","PRTR1",8.3774,"A",1.03514959000006
"RNM35_20240713_130000.wav","PRTR2",26.7542,"A",0.807921630999999
"RNM35_20240713_130000.wav","PRTR1",2.3203,"A",0.563861972000041
"RNM35_20240713_130000.wav","PRTR1",29.6762,"B",0.631188775000055
"RNM35_20240713_130000.wav","PRTR1",41.0988,"B",0.67326802599996
"RNM35_20240713_130000.wav","PRTR3",58.7307,"B",0.648020476000056
"RNM35_20240713_130000.wav","PRTR1",32.2042,"B",0.479703469000015
"RNM35_20240713_130000.wav","PRTR2",9.6986,"A",0.681683876999955
"RNM35_20240713_130000.wav","PRTR1",6.2713,"A",0.370297413999992
"RNM35_20240713_130000.wav","PRTR1",15.7554,"A",0.555446121000045
"RNM35_20240713_130000.wav","PRTR2",57.8891,"B",0.67326802599996
"RNM35_20240713_130000.wav","PRTR1",39.7062,"B",0.589109522000058
"RNM35_20240713_130000.wav","PRTR1",58.8569,"B",0.521782721000022
"RNM35_20240713_130000.wav","PRTR3",28.1607,"A",0.664852175999954
"RNM35_20240713_130000.wav","PRTR1",24.0634,"A",0.496535169000026
"RNM35_20240713_130000.wav","PRTR3",43.1503,"B",0.437624217000007
"RNM35_20240713_130000.wav","PRTR3",10.515,"A",0.622772923999946
"RNM35_20240713_130000.wav","PRTR1",4.7059,"A",0.530198570000039
"RNM35_20240713_140000.wav","PRTR1",11.2949,"C",0.67326802599996
"RNM35_20240713_140000.wav","PRTR1",40.3277,"C",0.673268026999949
"RNM35_20240713_140000.wav","PRTR1",49.4583,"C",0.471287619000009
"RNM35_20240713_140000.wav","PRTR1",32.8604,"C",0.589109522999934
"RNM35_20240713_140000.wav","PRTR1",8.73,"C",0.412376666
"RNM35_20240713_140000.wav","PRTR1",38.3589,"C",0.530198569999925
"RNM35_20240713_170000.wav","PRTR1",1.2846,"C",0.33663401299998
"RNM35_20240713_170000.wav","PRTR1",19.0621,"B",0.538614421000034
"RNM35_20240713_170000.wav","PRTR1",36.1235,"B",0.378713265000101
"RNM35_20240715_070000.wav","PRTR3",1.0591,"B",0.605941223000059
"RNM35_20240715_070000.wav","PRTR3",0.2134,"B",0.740594828999974
"RNM35_20240715_070000.wav","PRTR1",3.8418,"A",0.841585033000001
"RNM35_20240715_070000.wav","PRTR2",4.8148,"A",1.13613979499996
"RNM35_20240715_070000.wav","PRTR3",6.0183,"A",0.664852176000068
"RNM35_20240715_070000.wav","PRTR1",6.2107,"A",0.555446121000159
"RNM35_20240715_070000.wav","PRTR1",7.2879,"A",0.496535169000026
"RNM35_20240715_070000.wav","PRTR3",8.1442,"A",0.757426529999975
"RNM35_20240715_070000.wav","PRTR1",9.9648,"A",0.648020475000067
"RNM35_20240715_070000.wav","PRTR2",15.0353,"B",0.72376312900019
"RNM35_20240715_070000.wav","PRTR3",17.4509,"B",0.488119318999907
"RNM35_20240715_070000.wav","PRTR1",19.1834,"B",0.38712911499988
"RNM35_20240715_070000.wav","PRTR1",19.831,"B",0.622772924000174
"RNM35_20240715_070000.wav","PRTR3",20.0498,"B",0.605941223999935
"RNM35_20240715_070000.wav","PRTR3",21.0765,"B",0.336634012999866
"RNM35_20240715_070000.wav","PRTR2",21.6659,"B",0.664852175000078
"RNM35_20240715_070000.wav","PRTR3",21.8763,"B",0.370297413999879
"RNM35_20240715_070000.wav","PRTR3",23.062,"C",0.345049862999986
"RNM35_20240715_070000.wav","PRTR1",23.7184,"B",0.631188773999838
"RNM35_20240715_070000.wav","PRTR1",24.459,"B",0.496535170000016
"RNM35_20240715_070000.wav","PRTR2",24.9724,"B",0.690099727000188
"RNM35_20240715_070000.wav","PRTR1",25.7095,"B",0.681683876999841
"RNM35_20240715_070000.wav","PRTR2",26.5511,"C",0.656436324999959
"RNM35_20240715_070000.wav","PRTR3",27.6761,"B",0.791089930999988
"RNM35_20240715_070000.wav","PRTR1",31.4111,"B",0.706931427999962
"RNM35_20240715_070000.wav","PRTR1",33.0556,"C",0.749010679000094
"RNM35_20240715_070000.wav","PRTR1",33.7457,"B",0.54703027100004
"RNM35_20240715_070000.wav","PRTR1",39.1915,"B",0.892080135000015
"RNM35_20240715_070000.wav","PRTR1",40.2771,"B",0.437624216999893
"RNM35_20240715_070000.wav","PRTR2",40.491,"B",0.723763127999973
"RNM35_20240715_070000.wav","PRTR2",41.3326,"C",0.446040067000013
"RNM35_20240715_070000.wav","PRTR3",41.484,"C",0.757426528999986
"RNM35_20240715_070000.wav","PRTR3",40.7516,"C",0.403960814999891
"RNM35_20240715_070000.wav","PRTR1",40.9283,"B",0.252475510000068
"RNM35_20240715_070000.wav","PRTR1",42.4329,"B",0.370297414000106
"RNM35_20240715_070000.wav","PRTR2",42.6601,"C",0.639604624999947
"RNM35_20240715_070000.wav","PRTR1",43.1061,"A",0.555446120999932
"RNM35_20240715_070000.wav","PRTR1",43.8854,"A",0.95940693700004
"RNM35_20240715_070000.wav","PRTR2",45.1225,"A",0.833169183000109
"RNM35_20240715_070000.wav","PRTR1",45.8042,"B",0.54703027100004
"RNM35_20240715_070000.wav","PRTR3",46.0715,"B",0.681683876000079
"RNM35_20240715_070000.wav","PRTR1",51.5458,"B",0.521782720000147
"RNM35_20240715_070000.wav","PRTR1",53.1889,"B",0.732178978000093
"RNM35_20240715_070000.wav","PRTR2",54.2443,"B",1.04356544100006
"RNM35_20240715_070000.wav","PRTR3",55.4215,"B",0.67326802599996
"RNM35_20240715_070000.wav","PRTR1",56.2085,"B",0.496535170000016
"RNM35_20240715_070000.wav","PRTR1",56.7555,"B",0.538614421000148
"RNM35_20240715_070000.wav","PRTR3",58.2629,"C",0.429208367000001
"RNM35_20240715_090000.wav","PRTR1",4.7209,"B",0.446040067000013
"RNM35_20240715_090000.wav","PRTR1",9.0711,"B",0.353465714000095
"RNM35_20240715_090000.wav","PRTR1",14.625,"B",0.345049863999975
"RNM35_20240715_090000.wav","PRTR1",15.0795,"B",0.210396257999946
"RNM35_20240715_090000.wav","PRTR1",19.415,"C",0.26089135999996
"RNM35_20240715_090000.wav","PRTR1",20.378,"C",0.319802311999865
"RNM35_20240715_090000.wav","PRTR1",33.0683,"B",0.429208367000001
"RNM35_20240715_090000.wav","PRTR1",34.7349,"B",0.446040068000002
"RNM35_20240715_090000.wav","PRTR1",35.9006,"B",0.740594827999985
"RNM35_20240715_090000.wav","PRTR1",38.7514,"B",0.580693672999814
"RNM35_20240715_090000.wav","PRTR1",51.3923,"B",0.555446122000149
"RNM35_20240715_130000.wav","PRTR1",0.0229,"B",0.244059659999948
"RNM35_20240715_130000.wav","PRTR3",2.8064,"B",0.378713264999988
"RNM35_20240715_130000.wav","PRTR2",5.5453,"C",1.237129998
"RNM35_20240715_130000.wav","PRTR3",7.3352,"B",0.488119318999907
"RNM35_20240715_130000.wav","PRTR3",8.2645,"B",0.488119319000134
"RNM35_20240715_130000.wav","PRTR2",8.6432,"C",0.749010679000094
"RNM35_20240715_130000.wav","PRTR1",9.3726,"C",0.454455917000132
"RNM35_20240715_130000.wav","PRTR3",10.0671,"C",0.664852174999851
"RNM35_20240715_130000.wav","PRTR3",11.0012,"B",0.471287617999906
"RNM35_20240715_130000.wav","PRTR1",11.5878,"B",0.336634013000094
"RNM35_20240715_130000.wav","PRTR1",20.2869,"B",0.547030272000029
"RNM35_20240715_130000.wav","PRTR3",20.2785,"B",0.488119319000134
"RNM35_20240715_130000.wav","PRTR2",22.1088,"B",0.706931426999972
"RNM35_20240715_130000.wav","PRTR2",25.298,"B",1.36336775299992
"RNM35_20240715_130000.wav","PRTR3",26.9918,"B",0.597525374000043
"RNM35_20240715_130000.wav","PRTR2",28.0185,"B",0.816337482000108
"RNM35_20240715_130000.wav","PRTR2",34.7519,"B",0.563861972000041
"RNM35_20240715_130000.wav","PRTR1",40.7841,"A",0.496535168999799
"RNM35_20240715_130000.wav","PRTR2",41.9978,"B",0.774258229999987
"RNM35_20240715_130000.wav","PRTR3",42.9356,"B",0.403960816000108
"RNM35_20240715_130000.wav","PRTR1",43.3395,"B",0.420792515999892
"RNM35_20240715_130000.wav","PRTR1",44.4675,"B",0.925743536000027
"RNM35_20240715_130000.wav","PRTR3",45.4522,"B",0.513366870000027
"RNM35_20240715_130000.wav","PRTR1",52.0176,"C",0.210396259000163
"RNM35_20240715_130000.wav","PRTR2",54.0731,"B",0.807921631999989
"RNM35_20240715_130000.wav","PRTR1",56.5308,"B",0.336634013000094
"RNM35_20240715_140000.wav","PRTR1",1.3205,"B",0.504951019999908
"RNM35_20240715_140000.wav","PRTR1",3.163,"A",0.908911835000026
"RNM35_20240715_140000.wav","PRTR2",4.3203,"B",1.11930809299997
"RNM35_20240715_140000.wav","PRTR3",5.5406,"B",0.908911834999799
"RNM35_20240715_140000.wav","PRTR1",10.3165,"B",0.589109522999934
"RNM35_20240715_140000.wav","PRTR1",18.7465,"B",0.471287617999906
"RNM35_20240715_140000.wav","PRTR2",20.6907,"A",1.16980319599998
"RNM35_20240715_140000.wav","PRTR1",20.8674,"A",0.749010679000094
"RNM35_20240715_140000.wav","PRTR3",22.3229,"A",0.530198570000039
"RNM35_20240715_140000.wav","PRTR1",22.954,"A",0.479703469000015
"RNM35_20240715_140000.wav","PRTR3",23.2664,"B",0.681683875999852
"RNM35_20240715_140000.wav","PRTR2",24.0491,"A",0.984654487999933
"RNM35_20240715_140000.wav","PRTR1",30.3732,"B",0.462871768000014
"RNM35_20240715_140000.wav","PRTR2",37.5821,"A",0.732178977999865
"RNM35_20240715_140000.wav","PRTR1",37.5905,"A",0.403960816000108
"RNM35_20240715_140000.wav","PRTR1",38.2722,"A",0.488119318999907
"RNM35_20240715_140000.wav","PRTR1",39.2905,"A",0.504951019999908
"RNM35_20240715_140000.wav","PRTR1",44.5917,"A",0.572277822999922
"RNM35_20240715_140000.wav","PRTR1",45.2229,"A",0.454455918000122
"RNM35_20240715_140000.wav","PRTR2",45.9003,"A",0.833169181999892
"RNM35_20240715_140000.wav","PRTR3",46.8681,"A",0.866832582999905
"RNM35_20240715_140000.wav","PRTR2",48.1194,"A",1.02673373899984
"RNM35_20240715_140000.wav","PRTR1",55.4435,"A",0.648020475000067
"RNM35_20240715_140000.wav","PRTR2",56.4255,"A",1.30445680000003
"RNM35_20240717_060000.wav","PRTR1",1.2871,"A",0.740594827999985
"RNM35_20240717_060000.wav","PRTR3",3.4503,"C",0.370297414999868
"RNM35_20240717_060000.wav","PRTR1",13.1925,"B",0.437624217000121
"RNM35_20240717_060000.wav","PRTR1",19.7582,"B",0.496535169000026
"RNM35_20240717_060000.wav","PRTR1",33.5515,"B",0.605941223999935
"RNM35_20240717_060000.wav","PRTR1",42.2441,"B",0.437624216999893
"RNM35_20240717_060000.wav","PRTR1",43.8251,"B",0.353465714000095
"RNM35_20240717_080000.wav","PRTR1",19.7371,"C",0.572277821999933
"RNM35_20240717_080000.wav","PRTR2",20.9911,"C",0.395544965999989
"RNM35_20240717_080000.wav","PRTR3",21.8159,"C",0.504951019999908
"RNM35_20240717_080000.wav","PRTR2",45.1011,"C",0.54703027100004
"RNM35_20240717_080000.wav","PRTR3",46.4476,"C",0.420792515999892
"RNM35_20240717_080000.wav","PRTR1",48.7615,"C",0.235643809999829
"RNM35_20240717_080000.wav","PRTR1",52.403,"C",0.395544964999999
"RNM35_20240717_100000.wav","PRTR1",6.7272,"B",0.563861972000041
"RNM35_20240717_100000.wav","PRTR1",7.4173,"C",0.28613891100008
"RNM35_20240717_100000.wav","PRTR1",24.4184,"B",0.605941223000173
"RNM35_20240717_100000.wav","PRTR1",28.1994,"B",0.454455917999894
"RNM35_20240717_100000.wav","PRTR1",31.3797,"C",0.496535170000016
"RNM35_20240717_100000.wav","PRTR1",34.6166,"B",0.706931426999972
"RNM35_20240717_100000.wav","PRTR2",35.8565,"C",0.530198571000028
"RNM35_20240717_100000.wav","PRTR3",36.7705,"C",0.412376666
"RNM35_20240717_100000.wav","PRTR1",50.2511,"B",0.462871768000014
"RNM35_20240717_100000.wav","PRTR1",55.0758,"C",0.471287618000133
"RNM35_20240717_100000.wav","PRTR1",55.7406,"C",0.589109522999934
"RNM35_20240717_120000.wav","PRTR1",6.7205,"B",0.706931426999972
"RNM35_20240717_120000.wav","PRTR1",17.9581,"B",0.580693673000042
"RNM35_20240717_120000.wav","PRTR1",21.4183,"B",0.555446121999921
"RNM35_20240717_120000.wav","PRTR1",22.1589,"B",0.513366870000027
"RNM35_20240717_120000.wav","PRTR1",25.7246,"B",0.479703469000015
"RNM35_20240717_120000.wav","PRTR1",26.2885,"B",0.757426529999975
"RNM35_20240717_120000.wav","PRTR2",36.9927,"C",0.589109522999934
"RNM35_20240717_120000.wav","PRTR1",39.9108,"B",0.791089930999988
"RNM35_20240717_120000.wav","PRTR1",47.9439,"B",0.715347278000081
"RNM35_20240717_120000.wav","PRTR1",48.9959,"B",0.504951019999908
"RNM35_20240717_120000.wav","PRTR1",50.9063,"B",0.589109522999934
"RNM35_20240717_120000.wav","PRTR1",59.409,"B",0.210396257999946
"RNM35_20240717_150000.wav","PRTR1",0.0065,"B",0.370297414999868
"RNM35_20240717_150000.wav","PRTR1",2.1724,"C",0.235643808999839
"RNM35_20240717_150000.wav","PRTR1",2.4333,"B",0.328218162999974
"RNM35_20240717_150000.wav","PRTR3",2.7615,"C",0.361881563999987
"RNM35_20240717_150000.wav","PRTR1",6.0193,"B",0.580693673000042
"RNM35_20240717_150000.wav","PRTR1",8.0571,"B",0.757426529999975
"RNM35_20240717_150000.wav","PRTR1",8.8884,"A",1.16980319599998
"RNM35_20240717_150000.wav","PRTR3",10.1635,"A",0.908911835000026
"RNM35_20240717_150000.wav","PRTR1",10.9966,"B",0.227227958999947
"RNM35_20240717_150000.wav","PRTR1",12.709,"B",0.555446120999932
"RNM35_20240717_150000.wav","PRTR1",15.6385,"B",0.589109522999934
"RNM35_20240717_150000.wav","PRTR3",16.749,"C",0.513366870000027
"RNM35_20240717_150000.wav","PRTR1",17.1109,"B",0.361881563999987
"RNM35_20240717_150000.wav","PRTR1",19.0107,"B",0.850000883000121
"RNM35_20240717_150000.wav","PRTR2",22.3772,"B",0.706931426999972
"RNM35_20240717_150000.wav","PRTR1",26.344,"B",0.605941222999945
"RNM35_20240717_150000.wav","PRTR2",27.6724,"C",0.639604624999947
"RNM35_20240717_150000.wav","PRTR3",28.4887,"C",0.496535169000026
"RNM35_20240717_150000.wav","PRTR1",29.9291,"B",0.597525374000043
"RNM35_20240717_150000.wav","PRTR1",30.9469,"c",0.429208367000001
"RNM35_20240717_150000.wav","PRTR3",32.066,"C",0.454455916999905
"RNM35_20240717_150000.wav","PRTR1",33.9428,"B",0.681683876000079
"RNM35_20240717_150000.wav","PRTR1",36.1098,"B",0.395544965999989
"RNM35_20240717_150000.wav","PRTR2",37.3449,"A",1.36336775300015
"RNM35_20240717_150000.wav","PRTR3",39.1104,"B",0.740594828999974
"RNM35_20240717_150000.wav","PRTR1",39.1946,"B",0.345049862999986
"RNM35_20240717_150000.wav","PRTR1",46.9743,"B",0.749010680000083
"RNM35_20240717_150000.wav","PRTR1",47.9505,"B",0.799505781999869
"RNM35_20240717_150000.wav","PRTR1",54.4544,"B",0.605941223999935
"RNM35_20240719_060000.wav","PRTR3",4.5834,"C",0.530198570999801
"RNM35_20240719_060000.wav","PRTR1",9.7684,"B",0.471287617999906
"RNM35_20240719_060000.wav","PRTR1",10.5006,"B",0.496535169000026
"RNM35_20240719_060000.wav","PRTR1",15.1328,"B",0.816337481999881
"RNM35_20240719_060000.wav","PRTR1",17.8458,"B",0.875248434000014
"RNM35_20240719_060000.wav","PRTR2",18.7883,"B",1.20346659699999
"RNM35_20240719_060000.wav","PRTR3",20.051,"B",0.740594828999974
"RNM35_20240719_060000.wav","PRTR1",20.3119,"B",1.06039714100007
"RNM35_20240719_060000.wav","PRTR3",21.4409,"B",0.53861442099992
"RNM35_20240719_060000.wav","PRTR1",23.2139,"B",0.648020475000067
"RNM35_20240719_060000.wav","PRTR1",26.8347,"B",0.454455917999894
"RNM35_20240719_060000.wav","PRTR1",28.919,"B",0.412376666
"RNM35_20240719_060000.wav","PRTR1",29.3651,"B",0.639604624999947
"RNM35_20240719_060000.wav","PRTR2",31.4659,"B",0.917327685999908
"RNM35_20240719_060000.wav","PRTR3",37.4062,"C",0.488119319000134
"RNM35_20240719_060000.wav","PRTR3",39.269,"B",0.757426529999975
"RNM35_20240719_060000.wav","PRTR2",37.9645,"B",0.715347277999854
"RNM35_20240719_060000.wav","PRTR3",40.1928,"B",0.471287617999906
"RNM35_20240719_060000.wav","PRTR1",45.7644,"B",0.454455916999905
"RNM35_20240719_060000.wav","PRTR2",46.463,"B",1.43911040600005
"RNM35_20240719_060000.wav","PRTR1",47.3466,"B",0.361881563999987
"RNM35_20240719_060000.wav","PRTR3",48.1652,"B",0.95099108699992
"RNM35_20240719_060000.wav","PRTR3",49.192,"B",0.639604625000175
"RNM35_20240719_060000.wav","PRTR2",51.6287,"B",0.824753332
"RNM35_20240719_060000.wav","PRTR1",57.2035,"B",0.412376666
"RNM35_20240719_060000.wav","PRTR3",59.4677,"B",0.496535169000026
"RNM35_20240719_070000.wav","PRTR2",5.2776,"B",1.27920925000012
"RNM35_20240719_070000.wav","PRTR1",6.749,"B",0.328218162999974
"RNM35_20240719_070000.wav","PRTR3",7.0268,"B",0.706931427999962
"RNM35_20240719_070000.wav","PRTR1",7.9273,"B",0.67326802599996
"RNM35_20240719_070000.wav","PRTR1",21.1671,"B",0.749010679000094
"RNM35_20240719_070000.wav","PRTR1",22.7726,"B",1.11930809299997
"RNM35_20240719_070000.wav","PRTR2",23.9592,"A",0.942575236000039
"RNM35_20240719_070000.wav","PRTR3",24.9439,"B",0.917327686000135
"RNM35_20240719_070000.wav","PRTR2",27.0581,"B",1.43069455600016
"RNM35_20240719_070000.wav","PRTR3",28.6939,"B",0.866832584000122
"RNM35_20240719_070000.wav","PRTR3",29.687,"B",0.715347277000092
"RNM35_20240719_070000.wav","PRTR1",32.1736,"B",1.02673374000005
"RNM35_20240719_070000.wav","PRTR1",34.4889,"B",0.53861442099992
"RNM35_20240719_070000.wav","PRTR1",36.663,"B",0.95940693700004
"RNM35_20240719_070000.wav","PRTR2",37.7402,"B",1.13613979399997
"RNM35_20240719_070000.wav","PRTR3",38.9776,"B",0.791089930999988
"RNM35_20240719_070000.wav","PRTR1",41.0021,"B",0.723763127999973
"RNM35_20240719_070000.wav","PRTR1",44.9771,"B",0.774258229999987
"RNM35_20240719_070000.wav","PRTR2",46.5646,"B",1.05198129099995
"RNM35_20240719_070000.wav","PRTR3",46.6235,"B",1.15297149499997
"RNM35_20240719_070000.wav","PRTR1",47.2968,"B",0.572277821999933
"RNM35_20240719_070000.wav","PRTR1",49.5164,"B",0.925743536000027
"RNM35_20240719_070000.wav","PRTR1",50.6273,"B",0.715347276999864
"RNM35_20240719_070000.wav","PRTR1",53.2434,"B",1.15297149499997
"RNM35_20240719_070000.wav","PRTR2",54.0598,"B",1.23712999899999
"RNM35_20240719_070000.wav","PRTR2",55.3811,"B",0.850000882999893
"RNM35_20240719_070000.wav","PRTR2",56.3657,"B",0.563861972000041
"RNM35_20240719_070000.wav","PRTR1",59.8555,"B",0.143069456000148
"RNM35_20240719_090000.wav","PRTR1",0.1837,"B",0.496535169000026
"RNM35_20240719_090000.wav","PRTR2",0.5812,"B",1.05198129099995
"RNM35_20240719_090000.wav","PRTR3",1.9867,"B",0.925743536000027
"RNM35_20240719_090000.wav","PRTR1",12.8342,"B",0.799505781000107
"RNM35_20240719_090000.wav","PRTR2",15.6718,"B",0.993070339000042
"RNM35_20240719_090000.wav","PRTR1",19.3832,"B",0.488119318999907
"RNM35_20240719_090000.wav","PRTR1",21.6455,"B",0.98465448900015
"RNM35_20240719_090000.wav","PRTR2",22.6722,"B",0.841585033000001
"RNM35_20240719_090000.wav","PRTR3",23.6905,"B",0.900495985000134
"RNM35_20240719_090000.wav","PRTR1",26.2393,"B",0.622772924000174
"RNM35_20240719_090000.wav","PRTR1",33.9841,"B",0.504951019999908
"RNM35_20240719_090000.wav","PRTR1",45.9633,"B",0.513366870000027
"RNM35_20240719_090000.wav","PRTR2",49.3169,"B",1.33812020200003
"RNM35_20240719_090000.wav","PRTR3",51.0387,"B",0.732178978000093
"RNM35_20240719_090000.wav","PRTR3",51.9224,"B",0.715347278000081
"RNM35_20240719_090000.wav","PRTR1",53.1458,"C",0.370297413999879
"RNM35_20240719_090000.wav","PRTR1",54.7279,"B",0.328218162999974
"RNM35_20240719_090000.wav","PRTR1",57.4581,"B",0.429208366000012
"RNM35_20240719_100000.wav","PRTR1",6.2406,"C",0.294554761999962
"RNM35_20240719_100000.wav","PRTR1",8.1442,"C",0.706931426999972
"RNM35_20240719_100000.wav","PRTR1",9.0363,"C",0.496535169999788
"RNM35_20240719_100000.wav","PRTR1",11.9414,"C",0.5133668699998
"RNM35_20240719_100000.wav","PRTR1",20.1546,"C",0.656436325999948
"RNM35_20240719_100000.wav","PRTR1",21.9135,"C",0.757426528999986
"RNM35_20240719_100000.wav","PRTR3",24.0071,"C",0.429208367000001
"RNM35_20240719_100000.wav","PRTR1",29.413,"C",0.799505781000107
"RNM35_20240719_100000.wav","PRTR2",30.6915,"C",0.782674080000106
"RNM35_20240719_100000.wav","PRTR1",35.3349,"C",0.690099727000188
"RNM35_20240719_100000.wav","PRTR1",46.271,"C",0.420792517000109
"RNM35_20240719_100000.wav","PRTR1",46.7507,"C",0.412376666
"RNM35_20240719_100000.wav","PRTR1",57.3655,"C",0.580693672000052
"RNM35_20240721_070000.wav","PRTR1",1.7874,"C",0.757426529999975
"RNM35_20240721_070000.wav","PRTR1",6.5313,"C",0.681683875999852
"RNM35_20240721_070000.wav","PRTR1",7.5244,"B",0.521782721000136
"RNM35_20240721_070000.wav","PRTR2",8.3793,"B",0.681683875999852
"RNM35_20240721_070000.wav","PRTR3",9.5107,"B",0.437624216999893
"RNM35_20240721_070000.wav","PRTR1",11.426,"B",0.462871768000014
"RNM35_20240721_070000.wav","PRTR1",14.7131,"A",1.05198129099995
"RNM35_20240721_070000.wav","PRTR1",17.7917,"C",0.580693673000042
"RNM35_20240721_070000.wav","PRTR2",24.0969,"B",0.749010679000094
"RNM35_20240721_070000.wav","PRTR1",24.5261,"B",0.572277822999922
"RNM35_20240721_070000.wav","PRTR3",25.5192,"B",0.866832583999894
"RNM35_20240721_070000.wav","PRTR3",26.5366,"B",0.446040067000013
"RNM35_20240721_070000.wav","PRTR1",26.5534,"B",0.429208367000001
"RNM35_20240721_070000.wav","PRTR1",27.8074,"B",0.67326802599996
"RNM35_20240721_070000.wav","PRTR3",31.9706,"B",0.53861442099992
"RNM35_20240721_070000.wav","PRTR1",34.82,"B",0.631188775000055
"RNM35_20240721_070000.wav","PRTR2",36.1132,"C",1.13613979399997
"RNM35_20240721_070000.wav","PRTR1",42.4266,"A",0.892080135000015
"RNM35_20240721_070000.wav","PRTR1",47.4757,"B",0.294554761999962
"RNM35_20240721_070000.wav","PRTR2",47.8158,"B",0.732178977999865
"RNM35_20240721_070000.wav","PRTR3",48.6658,"C",0.530198570000039
"RNM35_20240721_070000.wav","PRTR1",48.8173,"C",0.38712911499988
"RNM35_20240721_070000.wav","PRTR3",49.2297,"A",0.782674079999879
"RNM35_20240721_070000.wav","PRTR1",52.1621,"B",0.403960814999891
"RNM35_20240721_070000.wav","PRTR1",54.6066,"B",0.69851557700008
"RNM35_20240721_090000.wav","PRTR2",12.3798,"B",1.05198129099995
"RNM35_20240721_090000.wav","PRTR1",16.1115,"B",0.294554761999962
"RNM35_20240721_090000.wav","PRTR1",18.706,"B",0.370297413999879
"RNM35_20240721_090000.wav","PRTR2",22.7092,"B",1.16138734500009
"RNM35_20240721_090000.wav","PRTR1",25.8754,"B",0.462871768000014
"RNM35_20240721_090000.wav","PRTR2",28.7208,"B",0.446040068000002
"RNM35_20240721_090000.wav","PRTR1",30.2299,"C",0.454455917999894
"RNM35_20240721_090000.wav","PRTR1",30.9368,"C",0.378713264999988
"RNM35_20240721_090000.wav","PRTR1",35.0412,"B",0.471287617999906
"RNM35_20240721_090000.wav","PRTR1",38.1194,"A",0.908911835000026
"RNM35_20240721_090000.wav","PRTR2",39.0788,"A",1.06039714099984
"RNM35_20240721_090000.wav","PRTR3",40.2827,"A",0.732178979000082
"RNM35_20240721_090000.wav","PRTR1",41.3592,"B",0.479703468000025
"RNM35_20240721_090000.wav","PRTR1",48.5749,"B",0.580693673000042
"RNM35_20240721_090000.wav","PRTR3",50.5989,"B",0.681683877000069
"RNM35_20240721_090000.wav","PRTR2",52.3419,"B",1.05198129099995
"RNM35_20240721_090000.wav","PRTR1",54.0601,"B",0.437624217000121
"RNM35_20240723_100000.wav","PRTR1",11.2553,"B",0.605941223999935
"RNM35_20240723_100000.wav","PRTR1",14.3712,"C",0.395544965999989
"RNM35_20240723_100000.wav","PRTR1",13.6222,"C",0.488119318999907
"RNM35_20240723_100000.wav","PRTR1",20.5959,"B",0.302970612000081
"RNM35_20240723_100000.wav","PRTR1",23.2965,"C",0.294554761999962
"RNM35_20240723_100000.wav","PRTR1",24.2222,"B",0.336634013000094
"RNM35_20240723_100000.wav","PRTR1",25.993,"A",0.774258230999976
"RNM35_20240723_100000.wav","PRTR2",26.8517,"C",0.900495985000134
"RNM35_20240723_100000.wav","PRTR3",28.1514,"B",0.614357073999827
"RNM35_20240723_100000.wav","PRTR1",35.187,"B",0.664852176000068
"RNM35_20240723_100000.wav","PRTR1",39.3832,"B",0.420792517000109
"RNM35_20240723_100000.wav","PRTR1",41.4398,"B",0.555446122000149
"RNM35_20240723_100000.wav","PRTR2",42.8891,"C",0.69851557700008
"RNM35_20240723_100000.wav","PRTR1",52.4838,"B",0.41237666699999
"RNM35_20240723_100000.wav","PRTR1",54.2071,"B",0.648020474999839
"RNM35_20240723_100000.wav","PRTR2",55.0354,"B",0.715347278000081
"RNM35_20240723_100000.wav","PRTR1",56.3259,"B",0.437624217000121
"RNM35_20240723_100000.wav","PRTR3",56.5615,"B",0.345049863999975
"RNM35_20240723_110000.wav","PRTR3",0.9611,"B",0.496535169000026
"RNM35_20240723_110000.wav","PRTR1",5.5947,"C",0.26089135999996
"RNM35_20240723_110000.wav","PRTR1",11.8491,"C",0.496535169000026
"RNM35_20240723_110000.wav","PRTR1",15.3427,"C",0.361881563999987
"RNM35_20240723_110000.wav","PRTR1",19.421,"B",0.412376666
"RNM35_20240723_110000.wav","PRTR1",34.503,"B",0.715347278000081
"RNM35_20240723_110000.wav","PRTR2",35.3305,"C",0.824753332
"RNM35_20240723_110000.wav","PRTR3",36.5475,"B",0.462871768000014
"RNM35_20240723_110000.wav","PRTR1",49.1225,"B",0.530198569999811
"RNM35_20240723_110000.wav","PRTR1",51.7937,"B",0.446040067000013
"RNM35_20240723_120000.wav","PRTR1",0.4402,"B",0.454455917999894
"RNM35_20240723_120000.wav","PRTR1",5.0692,"C",0.319802313000082
"RNM35_20240723_120000.wav","PRTR1",5.4311,"B",0.589109522999934
"RNM35_20240723_120000.wav","PRTR1",7.1796,"C",0.403960816000108
"RNM35_20240723_120000.wav","PRTR1",8.1983,"B",0.807921631999761
"RNM35_20240723_120000.wav","PRTR1",12.7363,"B",0.547030272000029
"RNM35_20240723_120000.wav","PRTR1",20.3639,"B",0.605941224000162
"RNM35_20240723_120000.wav","PRTR1",24.5837,"B",0.690099725999971
"RNM35_20240723_120000.wav","PRTR3",27.0876,"B",0.412376666
"RNM35_20240723_120000.wav","PRTR1",31.8935,"B",0.866832583999894
"RNM35_20240723_120000.wav","PRTR1",34.2063,"B",0.723763127999973
"RNM35_20240723_120000.wav","PRTR1",42.8127,"C",0.319802311999865
"RNM35_20240723_120000.wav","PRTR1",43.5449,"B",0.664852174999851
"RNM35_20240723_120000.wav","PRTR1",44.7147,"C",0.370297414000106
"RNM35_20240723_120000.wav","PRTR1",45.8932,"B",0.395544965999761
"RNM35_20240723_120000.wav","PRTR1",46.4655,"B",0.479703468000025
"RNM35_20240723_120000.wav","PRTR1",47.742,"B",0.488119318999907
"RNM35_20240723_120000.wav","PRTR1",54.7802,"B",0.73217897800032
"RNM35_20240723_120000.wav","PRTR3",56.5952,"B",0.79950578099988
"RNM35_20240723_120000.wav","PRTR2",57.7578,"B",0.833169182000347
"RNM35_20240723_120000.wav","PRTR3",58.6668,"B",0.462871767999786
"RNM35_20240723_120000.wav","PRTR1",59.1584,"B",0.38712911499988
"RNM35_20240723_120000.wav","PRTR1",59.9784,"B",0.227227959000174
"RNM35_20240723_140000.wav","PRTR1",8.0142,"B",0.521782719999919
"RNM35_20240723_140000.wav","PRTR1",10.0985,"B",0.336634013000094
"RNM35_20240723_140000.wav","PRTR1",12.038,"B",0.403960816000108
"RNM35_20240723_140000.wav","PRTR2",12.7787,"B",0.698515577000308
"RNM35_20240723_140000.wav","PRTR3",14.1713,"B",0.580693672000052
"RNM35_20240723_140000.wav","PRTR1",27.6934,"B",0.370297415000095
"RNM35_20240723_140000.wav","PRTR1",30.9427,"C",0.336634013999628
"RNM35_20240723_140000.wav","PRTR1",39.3789,"B",0.589109523000388
"RNM35_20240723_140000.wav","PRTR2",40.7334,"B",0.479703468000025
"RNM35_20240723_140000.wav","PRTR3",41.5919,"B",0.681683877000069
"RNM35_20240723_140000.wav","PRTR3",43.7808,"B",0.580693673000042
"RNM35_20240723_140000.wav","PRTR1",51.9284,"B",0.57227782200016
"RNM35_20240723_140000.wav","PRTR3",54.1662,"C",0.504951020000135
